step,train_loss
1,0.11567213386297226
2,0.08556665480136871
3,0.09199012070894241
4,0.08736804872751236
5,0.11248234659433365
6,0.06322339177131653
7,0.11864816397428513
8,0.06861212849617004
9,0.07720880210399628
10,0.08388778567314148
11,0.08333098888397217
12,0.05941439047455788
13,0.07868041098117828
14,0.1285419464111328
15,0.09719964861869812
16,0.17270809412002563
17,0.08001609146595001
18,0.14313922822475433
19,0.06469175219535828
20,0.13182947039604187
21,0.060557954013347626
22,0.104318767786026
23,0.10251530259847641
24,0.05217350274324417
25,0.07637563347816467
26,0.06347357481718063
27,0.11628629267215729
28,0.1562562733888626
29,0.05476563796401024
30,0.10134607553482056
31,0.11630214750766754
32,0.049733925610780716
33,0.057889532297849655
34,0.07153218239545822
35,0.10685602575540543
36,0.05785396695137024
37,0.09085685014724731
38,0.08956383168697357
39,0.11126941442489624
40,0.1469864696264267
41,0.12539714574813843
42,0.07420636713504791
43,0.0914679691195488
44,0.05502820014953613
45,0.1106172651052475
46,0.06762678921222687
47,0.06606429815292358
48,0.06633271276950836
49,0.08331253379583359
50,0.0872497707605362
51,0.08549395203590393
52,0.07418064028024673
53,0.14457964897155762
54,0.0634097158908844
55,0.10548821091651917
56,0.12635041773319244
57,0.06648249924182892
58,0.08629894256591797
59,0.09904545545578003
60,0.05905319005250931
61,0.06810148060321808
62,0.10088639706373215
63,0.14929766952991486
64,0.08863630145788193
65,0.09613365679979324
66,0.05512475222349167
67,0.10537434369325638
68,0.050296954810619354
69,0.08954355120658875
70,0.09955164790153503
71,0.14183157682418823
72,0.1104641780257225
73,0.10226394236087799
74,0.17413026094436646
75,0.05805959925055504
76,0.06530571728944778
77,0.13842909038066864
78,0.10509288311004639
79,0.08584528416395187
80,0.07422569394111633
81,0.06971324235200882
82,0.14556722342967987
83,0.11417479813098907
84,0.10312432795763016
85,0.05431495979428291
86,0.09963171929121017
87,0.08609433472156525
88,0.07249312847852707
89,0.10464894771575928
90,0.07491704076528549
91,0.1329321265220642
92,0.11816726624965668
93,0.09894625097513199
94,0.12198950350284576
95,0.11483636498451233
96,0.06163559481501579
97,0.12488594651222229
98,0.06785565614700317
99,0.09017518907785416
100,0.06809509545564651
101,0.11722712963819504
102,0.22585441172122955
103,0.0882248803973198
104,0.11409220844507217
105,0.1585071086883545
106,0.11561735719442368
107,0.057794827967882156
108,0.043029166758060455
109,0.08292867243289948
110,0.06747317314147949
111,0.12973949313163757
112,0.08001964539289474
113,0.13604430854320526
114,0.08316414803266525
115,0.05827219784259796
116,0.07810390740633011
117,0.048872094601392746
118,0.13461929559707642
119,0.09325125068426132
120,0.10360942780971527
121,0.11599750816822052
122,0.07273154705762863
123,0.10717878490686417
124,0.05521584674715996
125,0.14148268103599548
126,0.10192927718162537
127,0.15602754056453705
128,0.12249463051557541
129,0.09688632935285568
130,0.092903271317482
131,0.06742148101329803
132,0.1431249976158142
133,0.0801689475774765
134,0.09649594128131866
135,0.03458714112639427
136,0.06942589581012726
137,0.0556425005197525
138,0.07489494979381561
139,0.09274160116910934
140,0.04002455621957779
141,0.0619090273976326
142,0.08678079396486282
143,0.09211252629756927
144,0.10943052172660828
145,0.07844110578298569
146,0.06965802609920502
147,0.09613578766584396
148,0.06559271365404129
149,0.06228972226381302
150,0.0882539227604866
151,0.06720909476280212
152,0.05411383882164955
153,0.16675862669944763
154,0.0784032791852951
155,0.07954395562410355
156,0.0786488875746727
157,0.06691082566976547
158,0.060090094804763794
159,0.07080256938934326
160,0.09267386049032211
161,0.06373213231563568
162,0.048566222190856934
163,0.05031321942806244
164,0.0884200781583786
165,0.09870100021362305
166,0.09998846054077148
167,0.08478783071041107
168,0.10188398510217667
169,0.07043683528900146
170,0.04575018212199211
171,0.06293150037527084
172,0.05501152575016022
173,0.2146226167678833
174,0.04935625195503235
175,0.05779695510864258
176,0.08182251453399658
177,0.08076201379299164
178,0.04780387878417969
179,0.06530627608299255
180,0.13323846459388733
181,0.047266148030757904
182,0.0797833651304245
183,0.12159512937068939
184,0.08886659890413284
185,0.05365544185042381
186,0.06912082433700562
187,0.0765824168920517
188,0.07294446229934692
189,0.0646752268075943
190,0.05967927724123001
191,0.11262546479701996
192,0.08150694519281387
193,0.08565020561218262
194,0.09576186537742615
195,0.085820272564888
196,0.08639911562204361
197,0.03912639617919922
198,0.1782228946685791
199,0.05909556522965431
200,0.06489695608615875
201,0.07789219170808792
202,0.1298634111881256
203,0.07640176266431808
204,0.0632215365767479
205,0.1095912978053093
206,0.09880121797323227
207,0.10893075913190842
208,0.06639683246612549
209,0.059553101658821106
210,0.08473394811153412
211,0.06877394765615463
212,0.06712227314710617
213,0.06543437391519547
214,0.05897338315844536
215,0.09133166074752808
216,0.06359019875526428
217,0.1382702738046646
218,0.07634202390909195
219,0.05803253501653671
220,0.0733289122581482
221,0.050662074238061905
222,0.053859662264585495
223,0.12653210759162903
224,0.04391913115978241
225,0.050602465867996216
226,0.09605015814304352
227,0.05787903815507889
228,0.06350953876972198
229,0.07991193234920502
230,0.0835796371102333
231,0.06419110298156738
232,0.09364325553178787
233,0.06570961326360703
234,0.12298627197742462
235,0.07728669792413712
236,0.05905001610517502
237,0.08557148277759552
238,0.07751016318798065
239,0.06706702709197998
240,0.07699254900217056
241,0.07808375358581543
242,0.1062871515750885
243,0.06590946018695831
244,0.05381171405315399
245,0.058680277317762375
246,0.10010574758052826
247,0.0914284959435463
248,0.10605470836162567
249,0.09090190380811691
250,0.1210416704416275
251,0.05833948403596878
252,0.07306171953678131
253,0.05332937091588974
254,0.08343073725700378
255,0.08190368860960007
256,0.09230146557092667
257,0.035781100392341614
258,0.09000729024410248
259,0.06428899616003036
260,0.10670732706785202
261,0.1074042096734047
262,0.082628034055233
263,0.06416383385658264
264,0.061101168394088745
265,0.06879238784313202
266,0.05303985998034477
267,0.058085232973098755
268,0.07954122126102448
269,0.07593991607427597
270,0.0635019987821579
271,0.15931716561317444
272,0.05122111737728119
273,0.15659554302692413
274,0.04013539105653763
275,0.10616898536682129
276,0.0791645497083664
277,0.04093150049448013
278,0.052356038242578506
279,0.06482452154159546
280,0.0639064759016037
281,0.09219777584075928
282,0.050270065665245056
283,0.1479596644639969
284,0.07358022034168243
285,0.037792086601257324
286,0.08898987621068954
287,0.08405991643667221
288,0.039731696248054504
289,0.08959116041660309
290,0.0494716577231884
291,0.05195518583059311
292,0.07256462424993515
293,0.07681769132614136
294,0.08387243002653122
295,0.0626601129770279
296,0.08767785131931305
297,0.06762579083442688
298,0.055989108979701996
299,0.036649275571107864
300,0.10356278717517853
301,0.044896963983774185
302,0.05973981320858002
303,0.04725036770105362
304,0.07643970847129822
305,0.0700131207704544
306,0.0762404054403305
307,0.04823761433362961
308,0.0678776353597641
309,0.09453870356082916
310,0.09215530753135681
311,0.07463815063238144
312,0.08499515056610107
313,0.061256274580955505
314,0.05448955297470093
315,0.07212428748607635
316,0.06976069509983063
317,0.06345111131668091
318,0.05452056974172592
319,0.04401640221476555
320,0.05568745359778404
321,0.07711675763130188
322,0.06467252969741821
323,0.07132507860660553
324,0.06950005143880844
325,0.06690102070569992
326,0.09994497895240784
327,0.0690176710486412
328,0.07629917562007904
329,0.09266195446252823
330,0.07221884280443192
331,0.06315290182828903
332,0.05953309312462807
333,0.10558312386274338
334,0.06281165778636932
335,0.11316604912281036
336,0.08395372331142426
337,0.11040971428155899
338,0.10123397409915924
339,0.1509665548801422
340,0.09120521694421768
341,0.053088121116161346
342,0.07018426805734634
343,0.09093078970909119
344,0.05778186395764351
345,0.09444495290517807
346,0.08994463831186295
347,0.10022832453250885
348,0.06407555192708969
349,0.1002778634428978
350,0.07330991327762604
351,0.05364769324660301
352,0.037760958075523376
353,0.10710189491510391
354,0.04025246575474739
355,0.10185213387012482
356,0.09052778780460358
357,0.12900875508785248
358,0.07301909476518631
359,0.10187959671020508
360,0.06681354343891144
361,0.09067364782094955
362,0.09685308486223221
363,0.07315962761640549
364,0.1267039179801941
365,0.08178319782018661
366,0.06453949958086014
367,0.0714372768998146
368,0.06206466257572174
369,0.05068395286798477
370,0.12176777422428131
371,0.07226040214300156
372,0.056340839713811874
373,0.16508013010025024
374,0.10057814419269562
375,0.049721211194992065
376,0.07376149296760559
377,0.08193515241146088
378,0.09964799880981445
379,0.06227074936032295
380,0.05116112530231476
381,0.07000584900379181
382,0.08977651596069336
383,0.06971485167741776
384,0.08237095177173615
385,0.09237872064113617
386,0.05150604248046875
387,0.06584588438272476
388,0.05513201653957367
389,0.08323834091424942
390,0.09825259447097778
391,0.08221007138490677
392,0.05972348898649216
393,0.06243784725666046
394,0.07231823354959488
395,0.08725348114967346
396,0.05086677521467209
397,0.04783722385764122
398,0.0473925918340683
399,0.09553683549165726
400,0.05175161734223366
401,0.060727253556251526
402,0.05226852744817734
403,0.060741595923900604
404,0.07781063765287399
405,0.09692410379648209
406,0.06898199021816254
407,0.10399045795202255
408,0.04085703194141388
409,0.09864501655101776
410,0.08335722237825394
411,0.04820092022418976
412,0.07128046452999115
413,0.04512747749686241
414,0.047182075679302216
415,0.03410464525222778
416,0.0362253300845623
417,0.09748129546642303
418,0.10852067172527313
419,0.07009118795394897
420,0.04465474188327789
421,0.07891678065061569
422,0.06859922409057617
423,0.08039307594299316
424,0.04885701835155487
425,0.03664474934339523
426,0.08088599890470505
427,0.09462146461009979
428,0.06795365363359451
429,0.07412649691104889
430,0.06990045309066772
431,0.10436131805181503
432,0.10099584609270096
433,0.09705233573913574
434,0.05873234197497368
435,0.0529220812022686
436,0.054307397454977036
437,0.06659089773893356
438,0.04012994468212128
439,0.08536845445632935
440,0.078233502805233
441,0.08725577592849731
442,0.050291240215301514
443,0.09526748955249786
444,0.034098878502845764
445,0.03988276794552803
446,0.051396120339632034
447,0.11609810590744019
448,0.07068951427936554
449,0.08481281995773315
450,0.10042737424373627
451,0.10349659621715546
452,0.08267457783222198
453,0.050635792315006256
454,0.05358157679438591
455,0.0747377872467041
456,0.051557645201683044
457,0.05721548572182655
458,0.05740823969244957
459,0.0801689624786377
460,0.06152057275176048
461,0.04722248390316963
462,0.09223563224077225
463,0.06295351684093475
464,0.1194743663072586
465,0.07451639324426651
466,0.07024538516998291
467,0.04771099612116814
468,0.06618373841047287
469,0.1325448602437973
470,0.06684958934783936
471,0.04992269352078438
472,0.057025246322155
473,0.09622819721698761
474,0.0734052062034607
475,0.07157732546329498
476,0.07420381903648376
477,0.07055242359638214
478,0.06893850862979889
479,0.054239291697740555
480,0.07041390985250473
481,0.04821224510669708
482,0.17722217738628387
483,0.0710299164056778
484,0.0515928640961647
485,0.059232957661151886
486,0.045176006853580475
487,0.07266988605260849
488,0.04524685814976692
489,0.054897770285606384
490,0.05269715562462807
491,0.0505509115755558
492,0.0917673408985138
493,0.06772065907716751
494,0.05261998623609543
495,0.06570665538311005
496,0.0653017982840538
497,0.07922811061143875
498,0.06477435678243637
499,0.06501002609729767
500,0.037477411329746246
501,0.048499323427677155
502,0.09400566667318344
503,0.11949039250612259
504,0.05171894282102585
505,0.07828806340694427
506,0.11029216647148132
507,0.062119849026203156
508,0.05462648719549179
509,0.08623544871807098
510,0.14601755142211914
511,0.111533522605896
512,0.0986737608909607
513,0.06708785146474838
514,0.052880801260471344
515,0.10356567800045013
516,0.060815490782260895
517,0.08128703385591507
518,0.11227357387542725
519,0.06052970886230469
520,0.07738970220088959
521,0.09825431555509567
522,0.1381804198026657
523,0.06105419993400574
524,0.10164111107587814
525,0.06917300820350647
526,0.0818539410829544
527,0.08287668228149414
528,0.03855840116739273
529,0.12690329551696777
530,0.07256897538900375
531,0.12648077309131622
532,0.06123465672135353
533,0.07823389023542404
534,0.079192616045475
535,0.04786323010921478
536,0.12391584366559982
537,0.06184691935777664
538,0.04273746535181999
539,0.09623583406209946
540,0.06151186674833298
541,0.06864482164382935
542,0.10851103812456131
543,0.08523153513669968
544,0.09741062670946121
545,0.078078992664814
546,0.04415690153837204
547,0.08539502322673798
548,0.11307279765605927
549,0.0955287292599678
550,0.032860323786735535
551,0.09188104420900345
552,0.07795022428035736
553,0.0589878112077713
554,0.0733342170715332
555,0.07911165803670883
556,0.06649383902549744
557,0.06124982237815857
558,0.07988792657852173
559,0.08008761703968048
560,0.1075739860534668
561,0.11547552049160004
562,0.07817410677671432
563,0.09572958946228027
564,0.037346430122852325
565,0.03895588964223862
566,0.048719730228185654
567,0.07177698612213135
568,0.0728723406791687
569,0.059631820768117905
570,0.08045602589845657
571,0.09159717708826065
572,0.054815806448459625
573,0.05536256730556488
574,0.05718589574098587
575,0.09591306000947952
576,0.0815136656165123
577,0.07413074374198914
578,0.07872636616230011
579,0.11140748113393784
580,0.06304909288883209
581,0.09487239271402359
582,0.10546807944774628
583,0.04903411865234375
584,0.05443447828292847
585,0.06404200196266174
586,0.06327001750469208
587,0.048952601850032806
588,0.07522213459014893
589,0.07476038485765457
590,0.06771533191204071
591,0.08441086858510971
592,0.08645033091306686
593,0.05350157618522644
594,0.08309756219387054
595,0.0583561547100544
596,0.11235970258712769
597,0.11274544894695282
598,0.06760483980178833
599,0.08070066571235657
600,0.056123968213796616
601,0.05368000641465187
602,0.06008732691407204
603,0.04998054355382919
604,0.12744706869125366
605,0.04785755276679993
606,0.0866309180855751
607,0.06661172211170197
608,0.05548076331615448
609,0.07846146076917648
610,0.12406102567911148
611,0.08470679819583893
612,0.08435159176588058
613,0.06605318188667297
614,0.09813324362039566
615,0.10103878378868103
616,0.04526124149560928
617,0.06393451988697052
618,0.04392257705330849
619,0.09760240465402603
620,0.07365526258945465
621,0.1446659117937088
622,0.06954833120107651
623,0.03895687311887741
624,0.06740452349185944
625,0.059768494218587875
626,0.06574543565511703
627,0.06710411608219147
628,0.07767269015312195
629,0.08549119532108307
630,0.10432583093643188
631,0.05059783160686493
632,0.07056476175785065
633,0.06798610091209412
634,0.053581949323415756
635,0.06253228336572647
636,0.09500566869974136
637,0.05814681947231293
638,0.12206634879112244
639,0.06899438053369522
640,0.07419637590646744
641,0.0834513008594513
642,0.08148351311683655
643,0.05644148588180542
644,0.10389124602079391
645,0.07733794301748276
646,0.07891783118247986
647,0.054211877286434174
648,0.050718970596790314
649,0.058420613408088684
650,0.060412414371967316
651,0.0884757861495018
652,0.09584511816501617
653,0.15757985413074493
654,0.057205185294151306
655,0.09542258083820343
656,0.08655207604169846
657,0.08659908920526505
658,0.09021700173616409
659,0.04936978220939636
660,0.05638594180345535
661,0.06026741489768028
662,0.10217075049877167
663,0.10069868713617325
664,0.05772548168897629
665,0.10050727427005768
666,0.12011254578828812
667,0.05677403137087822
668,0.07631586492061615
669,0.0776175782084465
670,0.13206957280635834
671,0.05066149681806564
672,0.09295821189880371
673,0.04422684386372566
674,0.050157949328422546
675,0.12464050948619843
676,0.05110981687903404
677,0.055404819548130035
678,0.0538635328412056
679,0.07049740105867386
680,0.0673331618309021
681,0.16071666777133942
682,0.031041130423545837
683,0.07341016083955765
684,0.09622199088335037
685,0.10558116436004639
686,0.13467437028884888
687,0.07724997401237488
688,0.08933427929878235
689,0.05495169013738632
690,0.03828437626361847
691,0.056878313422203064
692,0.05011192709207535
693,0.047220513224601746
694,0.09612146019935608
695,0.05618920922279358
696,0.0932067409157753
697,0.07963354885578156
698,0.05824778601527214
699,0.05944230034947395
700,0.10415899008512497
701,0.06863196194171906
702,0.13373832404613495
703,0.06396003812551498
704,0.07130755484104156
705,0.056270889937877655
706,0.07837682962417603
707,0.07403083145618439
708,0.05160527303814888
709,0.06087976694107056
710,0.10979942232370377
711,0.08364275842905045
712,0.10750093311071396
713,0.0792132019996643
714,0.10721734166145325
715,0.07434674352407455
716,0.06017396226525307
717,0.049745745956897736
718,0.03801412880420685
719,0.07642452418804169
720,0.05940639600157738
721,0.07733645290136337
722,0.10254713892936707
723,0.04493284970521927
724,0.09281669557094574
725,0.08175689727067947
726,0.1018647775053978
727,0.06926427781581879
728,0.09908797591924667
729,0.05584503337740898
730,0.061249155551195145
731,0.0844065248966217
732,0.0900392085313797
733,0.04506968706846237
734,0.07671403139829636
735,0.06476835906505585
736,0.07250336557626724
737,0.10104414820671082
738,0.08390040695667267
739,0.10694696009159088
740,0.049117159098386765
741,0.12059618532657623
742,0.076024629175663
743,0.0411740317940712
744,0.0477469265460968
745,0.09500104933977127
746,0.09689847379922867
747,0.1020609438419342
748,0.057731710374355316
749,0.0755239874124527
750,0.06781257688999176
751,0.09028942883014679
752,0.067902572453022
753,0.0625244528055191
754,0.11612185090780258
755,0.07179594039916992
756,0.04734859615564346
757,0.09151928126811981
758,0.08437642455101013
759,0.10422223061323166
760,0.06303907930850983
761,0.11980105936527252
762,0.07478726655244827
763,0.0763542652130127
764,0.0971427857875824
765,0.059047456830739975
766,0.09027941524982452
767,0.034855395555496216
768,0.08443561941385269
769,0.05719591677188873
770,0.06548140197992325
771,0.05640624463558197
772,0.05433216318488121
773,0.05699574947357178
774,0.06656808406114578
775,0.07017321139574051
776,0.08878668397665024
777,0.09986794739961624
778,0.05947847291827202
779,0.09134620428085327
780,0.05903908237814903
781,0.145747110247612
782,0.09236671030521393
783,0.058255214244127274
784,0.046619437634944916
785,0.07247127592563629
786,0.07623861730098724
787,0.06798764318227768
788,0.07889910042285919
789,0.04043872281908989
790,0.04225601628422737
791,0.0528084821999073
792,0.042307715862989426
793,0.037927258759737015
794,0.09750402718782425
795,0.05206109210848808
796,0.03560265153646469
797,0.06985589116811752
798,0.10639090090990067
799,0.14147931337356567
800,0.05967988818883896
801,0.10648341476917267
802,0.1539372205734253
803,0.0914989784359932
804,0.04481381177902222
805,0.10827597975730896
806,0.14276298880577087
807,0.06406670063734055
808,0.07840593159198761
809,0.07349181175231934
810,0.11101263016462326
811,0.07226548343896866
812,0.07671114802360535
813,0.07103932648897171
814,0.08965926617383957
815,0.060455285012722015
816,0.050115328282117844
817,0.0757308229804039
818,0.09102693945169449
819,0.059537969529628754
820,0.0568743534386158
821,0.051001161336898804
822,0.0735674723982811
823,0.09158673137426376
824,0.04431341215968132
825,0.05287083238363266
826,0.10109831392765045
827,0.12745076417922974
828,0.06391382217407227
829,0.061198242008686066
830,0.06987233459949493
831,0.08329316228628159
832,0.1121470183134079
833,0.049664441496133804
834,0.12595582008361816
835,0.08301980048418045
836,0.07537340372800827
837,0.11522594839334488
838,0.07953528314828873
839,0.06706296652555466
840,0.09560612589120865
841,0.05938619375228882
842,0.07826680690050125
843,0.06250916421413422
844,0.056660398840904236
845,0.09390799701213837
846,0.06727206707000732
847,0.05615174025297165
848,0.08400215953588486
849,0.059261612594127655
850,0.12016759067773819
851,0.04346712678670883
852,0.0884740799665451
853,0.08369486033916473
854,0.06765373051166534
855,0.07901930063962936
856,0.10413740575313568
857,0.044315166771411896
858,0.06450152397155762
859,0.046714022755622864
860,0.05543236806988716
861,0.07922092080116272
862,0.06433214247226715
863,0.05052544176578522
864,0.10597462207078934
865,0.06995819509029388
866,0.04393712431192398
867,0.09880086034536362
868,0.08945054560899734
869,0.043505921959877014
870,0.07106047868728638
871,0.1549312025308609
872,0.06376349925994873
873,0.04452124610543251
874,0.055666595697402954
875,0.061459049582481384
876,0.059299536049366
877,0.06971507519483566
878,0.08653950691223145
879,0.031355246901512146
880,0.0540001206099987
881,0.059753503650426865
882,0.06532357633113861
883,0.0739559531211853
884,0.05343428999185562
885,0.04879942908883095
886,0.12207403033971786
887,0.04438776895403862
888,0.04714762046933174
889,0.05464676022529602
890,0.07429485023021698
891,0.063657246530056
892,0.041935693472623825
893,0.09316341578960419
894,0.107313372194767
895,0.045158933848142624
896,0.08740245550870895
897,0.065116286277771
898,0.042790137231349945
899,0.0776025727391243
900,0.04738561436533928
901,0.05550830066204071
902,0.045189183205366135
903,0.060105301439762115
904,0.07172863930463791
905,0.05488204210996628
906,0.05852678790688515
907,0.06943266838788986
908,0.06613146513700485
909,0.08841391652822495
910,0.09463109076023102
911,0.12274034321308136
912,0.06820449233055115
913,0.07003558427095413
914,0.039534538984298706
915,0.08941061794757843
916,0.046916790306568146
917,0.08347993344068527
918,0.06322630494832993
919,0.10086827725172043
920,0.037314608693122864
921,0.07577689737081528
922,0.05930306762456894
923,0.07114697992801666
924,0.06279660761356354
925,0.10475225746631622
926,0.06692785769701004
927,0.05646553263068199
928,0.05297699198126793
929,0.10757634043693542
930,0.05196817219257355
931,0.10030379891395569
932,0.033719390630722046
933,0.04661313816905022
934,0.07504572719335556
935,0.05492796748876572
936,0.053636595606803894
937,0.0741419568657875
938,0.05712122470140457
939,0.0831812247633934
940,0.052124131470918655
941,0.055536944419145584
942,0.08270849287509918
943,0.051257479935884476
944,0.06301870942115784
945,0.05480458587408066
946,0.08526848256587982
947,0.07779907435178757
948,0.04689852148294449
949,0.03811288997530937
950,0.08879251033067703
951,0.05307359993457794
952,0.06360986828804016
953,0.0490993931889534
954,0.05970194563269615
955,0.06698673963546753
956,0.10005652159452438
957,0.09260349720716476
958,0.11341611295938492
959,0.034453555941581726
960,0.04520808160305023
961,0.11905848979949951
962,0.034491196274757385
963,0.03599383682012558
964,0.056725867092609406
965,0.05034366995096207
966,0.0608813613653183
967,0.04129299148917198
968,0.07775955647230148
969,0.044222522526979446
970,0.060238927602767944
971,0.056464701890945435
972,0.09895732998847961
973,0.058893706649541855
974,0.03533975034952164
975,0.05012255907058716
976,0.05836949869990349
977,0.10237117111682892
978,0.05122021585702896
979,0.1105213612318039
980,0.031353723257780075
981,0.0650455430150032
982,0.03506343439221382
983,0.045964937657117844
984,0.06081073731184006
985,0.055573008954524994
986,0.055174559354782104
987,0.09229470044374466
988,0.028557945042848587
989,0.053123533725738525
990,0.06495746225118637
991,0.04912266507744789
992,0.09701026231050491
993,0.05871708691120148
994,0.09570375829935074
995,0.11261394619941711
996,0.04951464384794235
997,0.06229601055383682
998,0.04235275834798813
999,0.07925662398338318
1000,0.052930671721696854
1001,0.04373101890087128
1002,0.08205810189247131
1003,0.0639074295759201
1004,0.0747581198811531
1005,0.0500553734600544
1006,0.06041709706187248
1007,0.05585576221346855
1008,0.05575961247086525
1009,0.10357488691806793
1010,0.059485770761966705
1011,0.06350266933441162
1012,0.08250420540571213
1013,0.06837522983551025
1014,0.043264299631118774
1015,0.10643216967582703
1016,0.040842778980731964
1017,0.04172221198678017
1018,0.056021448224782944
1019,0.1246783435344696
1020,0.060140278190374374
1021,0.05953826755285263
1022,0.09455211460590363
1023,0.0840393677353859
1024,0.058594051748514175
1025,0.052266962826251984
1026,0.06356580555438995
1027,0.07189685106277466
1028,0.037361860275268555
1029,0.0614466555416584
1030,0.061001330614089966
1031,0.07791445404291153
1032,0.05323502793908119
1033,0.06154882162809372
1034,0.05871371179819107
1035,0.08671513199806213
1036,0.04880025237798691
1037,0.06009460240602493
1038,0.04505784809589386
1039,0.08595971018075943
1040,0.09303584694862366
1041,0.11831406503915787
1042,0.11683159321546555
1043,0.04994460567831993
1044,0.06760191917419434
1045,0.07400362938642502
1046,0.06866179406642914
1047,0.05881010740995407
1048,0.05401865765452385
1049,0.06761109828948975
1050,0.05074954405426979
1051,0.06644059717655182
1052,0.052005961537361145
1053,0.07114677876234055
1054,0.0733400508761406
1055,0.06373956799507141
1056,0.05940156802535057
1057,0.04067521169781685
1058,0.06696824729442596
1059,0.07749225944280624
1060,0.06704024970531464
1061,0.09366390109062195
1062,0.11509936302900314
1063,0.12572507560253143
1064,0.12247499823570251
1065,0.06752461940050125
1066,0.06829310953617096
1067,0.051323045045137405
1068,0.06540342420339584
1069,0.057259008288383484
1070,0.07577767223119736
1071,0.06738901138305664
1072,0.0392402783036232
1073,0.12614119052886963
1074,0.07325276732444763
1075,0.06268054246902466
1076,0.07036194950342178
1077,0.07010608911514282
1078,0.06314622610807419
1079,0.10147421807050705
1080,0.06730727106332779
1081,0.09303853660821915
1082,0.05166894197463989
1083,0.05833626911044121
1084,0.04664231836795807
1085,0.10438713431358337
1086,0.04006356745958328
1087,0.06845267117023468
1088,0.07651558518409729
1089,0.07723301649093628
1090,0.06200196593999863
1091,0.08048200607299805
1092,0.06760234385728836
1093,0.06583735346794128
1094,0.05620396137237549
1095,0.08762870728969574
1096,0.0898783951997757
1097,0.09195613116025925
1098,0.08938317745923996
1099,0.09179732948541641
1100,0.04607508331537247
1101,0.056194059550762177
1102,0.060601431876420975
1103,0.05684185028076172
1104,0.05885074660181999
1105,0.05474461242556572
1106,0.0643930733203888
1107,0.06067930907011032
1108,0.0629872977733612
1109,0.042070865631103516
1110,0.03680141642689705
1111,0.08690466731786728
1112,0.0902566909790039
1113,0.1282903552055359
1114,0.06063567474484444
1115,0.10680553317070007
1116,0.08901400864124298
1117,0.06428615003824234
1118,0.04561780393123627
1119,0.055852536112070084
1120,0.08091782033443451
1121,0.08681116253137589
1122,0.0645700991153717
1123,0.04873557388782501
1124,0.044126518070697784
1125,0.046653635799884796
1126,0.05324285477399826
1127,0.04997771233320236
1128,0.060205671936273575
1129,0.11153227835893631
1130,0.04759320616722107
1131,0.1211911141872406
1132,0.11855161935091019
1133,0.056163348257541656
1134,0.07235794514417648
1135,0.07610295712947845
1136,0.049120161682367325
1137,0.05813276395201683
1138,0.12144505977630615
1139,0.02805587463080883
1140,0.05658828839659691
1141,0.03168158233165741
1142,0.06003464385867119
1143,0.06704384833574295
1144,0.04954901337623596
1145,0.0684426873922348
1146,0.12018231302499771
1147,0.09519049525260925
1148,0.05706917494535446
1149,0.04372415691614151
1150,0.050705358386039734
1151,0.05072901397943497
1152,0.042109787464141846
1153,0.0568106435239315
1154,0.07344759255647659
1155,0.04669087380170822
1156,0.053912337869405746
1157,0.044186607003211975
1158,0.088493213057518
1159,0.11338173598051071
1160,0.04486862197518349
1161,0.061055928468704224
1162,0.04502582550048828
1163,0.09411842375993729
1164,0.06007456034421921
1165,0.03461113199591637
1166,0.05150236189365387
1167,0.05111825466156006
1168,0.07118105888366699
1169,0.10233790427446365
1170,0.04959056153893471
1171,0.08316420763731003
1172,0.04097557067871094
1173,0.06840582937002182
1174,0.08566531538963318
1175,0.06752907484769821
1176,0.07722722738981247
1177,0.05009204521775246
1178,0.05523565411567688
1179,0.14281406998634338
1180,0.04200974479317665
1181,0.08069470524787903
1182,0.06611806899309158
1183,0.0798882395029068
1184,0.054717302322387695
1185,0.061166539788246155
1186,0.07493472099304199
1187,0.07012766599655151
1188,0.0955905020236969
1189,0.08748704195022583
1190,0.0568377748131752
1191,0.053543537855148315
1192,0.05212124437093735
1193,0.07893737405538559
1194,0.07643922418355942
1195,0.0576467365026474
1196,0.09486904740333557
1197,0.05150488018989563
1198,0.09860449284315109
1199,0.05203736573457718
1200,0.12396425008773804
1201,0.07897216826677322
1202,0.07889047265052795
1203,0.05736386030912399
1204,0.1028241515159607
1205,0.05331803858280182
1206,0.1505832076072693
1207,0.09706871956586838
1208,0.07162093371152878
1209,0.07213135063648224
1210,0.056106626987457275
1211,0.1081303060054779
1212,0.06600426137447357
1213,0.09585823118686676
1214,0.079764224588871
1215,0.04511161148548126
1216,0.06171170622110367
1217,0.08048997819423676
1218,0.044270969927310944
1219,0.04772238805890083
1220,0.04778613895177841
1221,0.06723989546298981
1222,0.053148072212934494
1223,0.045746490359306335
1224,0.0689702183008194
1225,0.12311535328626633
1226,0.050497736781835556
1227,0.07897867262363434
1228,0.037537943571805954
1229,0.10326486825942993
1230,0.06259952485561371
1231,0.06398701667785645
1232,0.12286336719989777
1233,0.05166667699813843
1234,0.08568208664655685
1235,0.0655442327260971
1236,0.0692424327135086
1237,0.11686132848262787
1238,0.039809998124837875
1239,0.05344469100236893
1240,0.10583819448947906
1241,0.10507290810346603
1242,0.05990507826209068
1243,0.04671168699860573
1244,0.051075320690870285
1245,0.08461904525756836
1246,0.07721228897571564
1247,0.056048180907964706
1248,0.06807137280702591
1249,0.048532769083976746
1250,0.07030446827411652
1251,0.05129769444465637
1252,0.0524614043533802
1253,0.048882897943258286
1254,0.043357618153095245
1255,0.06562332063913345
1256,0.045027438551187515
1257,0.07726363837718964
1258,0.04193421080708504
1259,0.050486255437135696
1260,0.038685161620378494
1261,0.056014467030763626
1262,0.04714113473892212
1263,0.06736589223146439
1264,0.061380207538604736
1265,0.07888038456439972
1266,0.05373597890138626
1267,0.06914566457271576
1268,0.061130113899707794
1269,0.0610077902674675
1270,0.06996209919452667
1271,0.0731862261891365
1272,0.06902574002742767
1273,0.051868986338377
1274,0.058337170630693436
1275,0.05713849514722824
1276,0.07312656939029694
1277,0.05721999704837799
1278,0.050352346152067184
1279,0.09409011900424957
1280,0.06142691522836685
1281,0.06582024693489075
1282,0.044390272349119186
1283,0.07369603216648102
1284,0.07391571253538132
1285,0.085902139544487
1286,0.03550644591450691
1287,0.09157802164554596
1288,0.03621162474155426
1289,0.043213702738285065
1290,0.08626221865415573
1291,0.06299123913049698
1292,0.04499619081616402
1293,0.06046067550778389
1294,0.05506322905421257
1295,0.07389979064464569
1296,0.06746923923492432
1297,0.06672129034996033
1298,0.10270548611879349
1299,0.054226137697696686
1300,0.07071778923273087
1301,0.0865757018327713
1302,0.0676204115152359
1303,0.05927496403455734
1304,0.09281057119369507
1305,0.06945325434207916
1306,0.0345526784658432
1307,0.045676007866859436
1308,0.07136086374521255
1309,0.064122274518013
1310,0.07278301566839218
1311,0.059776388108730316
1312,0.03729051351547241
1313,0.028242245316505432
1314,0.03370214253664017
1315,0.08497733622789383
1316,0.08140528947114944
1317,0.04412439465522766
1318,0.04298656806349754
1319,0.0637645572423935
1320,0.03392836079001427
1321,0.04633210226893425
1322,0.052281200885772705
1323,0.0403590053319931
1324,0.06366760283708572
1325,0.044710561633110046
1326,0.05188293009996414
1327,0.05117153748869896
1328,0.06687598675489426
1329,0.05108494684100151
1330,0.056069474667310715
1331,0.05330750346183777
1332,0.08349377661943436
1333,0.06661458313465118
1334,0.04840044304728508
1335,0.04324312508106232
1336,0.05444253981113434
1337,0.039836376905441284
1338,0.06330116093158722
1339,0.07463198155164719
1340,0.04317210614681244
1341,0.058759309351444244
1342,0.06854263693094254
1343,0.03649899736046791
1344,0.04502749815583229
1345,0.06186173856258392
1346,0.1316743642091751
1347,0.04893914982676506
1348,0.07219591736793518
1349,0.06165444478392601
1350,0.05155148357152939
1351,0.0981234759092331
1352,0.05621766671538353
1353,0.04641425982117653
1354,0.042883142828941345
1355,0.04935162514448166
1356,0.04107064753770828
1357,0.06601358205080032
1358,0.07175957411527634
1359,0.09075888246297836
1360,0.07374045252799988
1361,0.033372893929481506
1362,0.043954044580459595
1363,0.07350918650627136
1364,0.08345993608236313
1365,0.09582800418138504
1366,0.057803139090538025
1367,0.08601109683513641
1368,0.07886532694101334
1369,0.06051505357027054
1370,0.11482291668653488
1371,0.04214280843734741
1372,0.05896606296300888
1373,0.03581405058503151
1374,0.03290009871125221
1375,0.04309812933206558
1376,0.07924512773752213
1377,0.04877151921391487
1378,0.035841189324855804
1379,0.027523037046194077
1380,0.0987306609749794
1381,0.07464715838432312
1382,0.03252827376127243
1383,0.05450697988271713
1384,0.04785192012786865
1385,0.09692618995904922
1386,0.060553744435310364
1387,0.06594640016555786
1388,0.03918423503637314
1389,0.05629080533981323
1390,0.11846493929624557
1391,0.06124007701873779
1392,0.028719361871480942
1393,0.06172659248113632
1394,0.055285632610321045
1395,0.09201660752296448
1396,0.036796510219573975
1397,0.0975465178489685
1398,0.048924025148153305
1399,0.0797378346323967
1400,0.07145142555236816
1401,0.0643521100282669
1402,0.058844584971666336
1403,0.07942172884941101
1404,0.07456980645656586
1405,0.040080390870571136
1406,0.03906119614839554
1407,0.05000973865389824
1408,0.04126443713903427
1409,0.05446417257189751
1410,0.037966303527355194
1411,0.05232870578765869
1412,0.044182490557432175
1413,0.0671357810497284
1414,0.03640533983707428
1415,0.06500358879566193
1416,0.07452171295881271
1417,0.11493710428476334
1418,0.07327050715684891
1419,0.06343629211187363
1420,0.08294253051280975
1421,0.051241740584373474
1422,0.06991986930370331
1423,0.16475927829742432
1424,0.06318991631269455
1425,0.06203693896532059
1426,0.08853105455636978
1427,0.04374440759420395
1428,0.0646975040435791
1429,0.10029903799295425
1430,0.045638639479875565
1431,0.041151050478219986
1432,0.04447479918599129
1433,0.1104426458477974
1434,0.08587886393070221
1435,0.04265551269054413
1436,0.056924380362033844
1437,0.05287338048219681
1438,0.0688726156949997
1439,0.08206310123205185
1440,0.037215616554021835
1441,0.058247439563274384
1442,0.05686454847455025
1443,0.11687614023685455
1444,0.06845887005329132
1445,0.1272715926170349
1446,0.0825018659234047
1447,0.07326329499483109
1448,0.062365688383579254
1449,0.04812414571642876
1450,0.04914272949099541
1451,0.07139404863119125
1452,0.0358881801366806
1453,0.09748732298612595
1454,0.10067020356655121
1455,0.046665966510772705
1456,0.04764217510819435
1457,0.10344942659139633
1458,0.06995485723018646
1459,0.03342970460653305
1460,0.050565898418426514
1461,0.04213836416602135
1462,0.11349997669458389
1463,0.054322727024555206
1464,0.05696148797869682
1465,0.07754997164011002
1466,0.038671284914016724
1467,0.04754062369465828
1468,0.05280957370996475
1469,0.048441119492053986
1470,0.0296472180634737
1471,0.09811592102050781
1472,0.06610262393951416
1473,0.05981277674436569
1474,0.06797908991575241
1475,0.051886528730392456
1476,0.05136861279606819
1477,0.06336122006177902
1478,0.10380387306213379
1479,0.05801551043987274
1480,0.09356573224067688
1481,0.102752685546875
1482,0.051252640783786774
1483,0.04562227427959442
1484,0.07818726450204849
1485,0.04225088655948639
1486,0.07701831310987473
1487,0.12341230362653732
1488,0.09832734614610672
1489,0.1230204701423645
1490,0.10792465507984161
1491,0.12038654834032059
1492,0.09572754055261612
1493,0.052513133734464645
1494,0.05811823904514313
1495,0.06144218146800995
1496,0.08544708788394928
1497,0.058942779898643494
1498,0.05437907576560974
1499,0.05443863198161125
1500,0.04648131504654884
1501,0.04826897010207176
1502,0.0501168854534626
1503,0.050548482686281204
1504,0.06642729043960571
1505,0.10628556460142136
1506,0.08239918947219849
1507,0.05114326998591423
1508,0.04357115924358368
1509,0.040652889758348465
1510,0.05326223373413086
1511,0.05938610062003136
1512,0.05630544573068619
1513,0.034584980458021164
1514,0.05393896996974945
1515,0.06726599484682083
1516,0.0386170893907547
1517,0.11948855221271515
1518,0.10537126660346985
1519,0.04592892527580261
1520,0.06034282594919205
1521,0.07826817035675049
1522,0.046547360718250275
1523,0.0728241503238678
1524,0.03963444381952286
1525,0.04824782907962799
1526,0.05206701159477234
1527,0.06818452477455139
1528,0.06964019685983658
1529,0.05158725380897522
1530,0.08591902256011963
1531,0.07111642509698868
1532,0.0788445696234703
1533,0.04892489314079285
1534,0.0789770558476448
1535,0.05893933027982712
1536,0.04480484127998352
1537,0.045237552374601364
1538,0.06253927201032639
1539,0.04052751511335373
1540,0.06395787745714188
1541,0.06520667672157288
1542,0.07330109924077988
1543,0.07158982753753662
1544,0.047937870025634766
1545,0.12401264160871506
1546,0.07387977838516235
1547,0.05883125588297844
1548,0.040347982197999954
1549,0.08655356615781784
1550,0.03193589672446251
1551,0.09867347776889801
1552,0.06597419083118439
1553,0.04021983966231346
1554,0.04928310215473175
1555,0.06032261624932289
1556,0.05913528800010681
1557,0.04083789139986038
1558,0.04445904120802879
1559,0.07049645483493805
1560,0.07242611050605774
1561,0.06634014844894409
1562,0.04272190108895302
1563,0.09631047397851944
1564,0.08105955272912979
1565,0.07025852799415588
1566,0.06432796269655228
1567,0.10563413053750992
1568,0.1048823744058609
1569,0.06813284009695053
1570,0.03987262398004532
1571,0.07117980718612671
1572,0.03255230188369751
1573,0.05824296176433563
1574,0.0922321155667305
1575,0.07210762053728104
1576,0.05104248970746994
1577,0.05627846717834473
1578,0.04678911715745926
1579,0.08323934674263
1580,0.044729817658662796
1581,0.08057775348424911
1582,0.0597221665084362
1583,0.0710170716047287
1584,0.07512889802455902
1585,0.04896237328648567
1586,0.041381243616342545
1587,0.04851577803492546
1588,0.04752154275774956
1589,0.08207341283559799
1590,0.04440731555223465
1591,0.059755075722932816
1592,0.06616874039173126
1593,0.03920736908912659
1594,0.06458862870931625
1595,0.028926245868206024
1596,0.04167500138282776
1597,0.07029145956039429
1598,0.10492338240146637
1599,0.03563741222023964
1600,0.048452552407979965
1601,0.08614801615476608
1602,0.05684426426887512
1603,0.041640590876340866
1604,0.0491744801402092
1605,0.034463200718164444
1606,0.051274374127388
1607,0.052935339510440826
1608,0.06631144136190414
1609,0.043945927172899246
1610,0.05826649069786072
1611,0.052310675382614136
1612,0.0422348752617836
1613,0.08973478525876999
1614,0.05384230986237526
1615,0.062263429164886475
1616,0.07292427867650986
1617,0.10329314321279526
1618,0.08352186530828476
1619,0.06919727474451065
1620,0.07839912921190262
1621,0.05265533924102783
1622,0.09844186156988144
1623,0.03514111787080765
1624,0.07264193147420883
1625,0.06919403374195099
1626,0.08766001462936401
1627,0.05873032659292221
1628,0.07031293213367462
1629,0.08445432037115097
1630,0.04409603774547577
1631,0.05887961387634277
1632,0.05374815687537193
1633,0.05269565433263779
1634,0.07232082635164261
1635,0.07422709465026855
1636,0.04219265654683113
1637,0.04600612819194794
1638,0.040873803198337555
1639,0.057973094284534454
1640,0.06969767063856125
1641,0.045451290905475616
1642,0.04004440829157829
1643,0.056137699633836746
1644,0.05328784137964249
1645,0.10377590358257294
1646,0.08933961391448975
1647,0.0525590255856514
1648,0.040388576686382294
1649,0.04740605130791664
1650,0.06450490653514862
1651,0.07721944153308868
1652,0.055527739226818085
1653,0.07696198672056198
1654,0.10899335145950317
1655,0.07391706109046936
1656,0.05436381697654724
1657,0.04947574436664581
1658,0.07916411757469177
1659,0.0583762489259243
1660,0.07921633124351501
1661,0.06075076013803482
1662,0.10175545513629913
1663,0.09170757979154587
1664,0.05417073518037796
1665,0.0756908655166626
1666,0.055171262472867966
1667,0.06436245888471603
1668,0.08410008251667023
1669,0.07866252213716507
1670,0.05192916467785835
1671,0.06775766611099243
1672,0.0696268156170845
1673,0.1000785306096077
1674,0.09495475888252258
1675,0.042712289839982986
1676,0.07736292481422424
1677,0.06792023032903671
1678,0.09138896316289902
1679,0.05846494808793068
1680,0.04202137142419815
1681,0.06076336279511452
1682,0.04640521481633186
1683,0.05364944785833359
1684,0.09683148562908173
1685,0.05538022145628929
1686,0.05937541276216507
1687,0.06932375580072403
1688,0.06337966024875641
1689,0.053028665482997894
1690,0.04422781243920326
1691,0.0883648619055748
1692,0.05068502947688103
1693,0.10355183482170105
1694,0.042001791298389435
1695,0.030247434973716736
1696,0.07559936493635178
1697,0.05310332775115967
1698,0.03286248445510864
1699,0.03849257901310921
1700,0.08491768687963486
1701,0.04231041297316551
1702,0.04755160212516785
1703,0.06928853690624237
1704,0.041686829179525375
1705,0.055468715727329254
1706,0.04391157999634743
1707,0.07766962796449661
1708,0.049158692359924316
1709,0.05257507413625717
1710,0.05957917869091034
1711,0.0781245157122612
1712,0.025825830176472664
1713,0.058505862951278687
1714,0.0655091255903244
1715,0.05923611670732498
1716,0.043238960206508636
1717,0.0491846464574337
1718,0.052350569516420364
1719,0.06913402676582336
1720,0.0520675852894783
1721,0.06341668963432312
1722,0.05251551792025566
1723,0.0517507866024971
1724,0.10359026491641998
1725,0.08047551661729813
1726,0.076970674097538
1727,0.05789041519165039
1728,0.10138235986232758
1729,0.08507157862186432
1730,0.06147007271647453
1731,0.06423360109329224
1732,0.09027455747127533
1733,0.05950934812426567
1734,0.026940857991576195
1735,0.06836841255426407
1736,0.07136868685483932
1737,0.041775260120630264
1738,0.054814647883176804
1739,0.0738503560423851
1740,0.03222707659006119
1741,0.05942482873797417
1742,0.04724310711026192
1743,0.042265258729457855
1744,0.09148889034986496
1745,0.10381798446178436
1746,0.04923970252275467
1747,0.052349384874105453
1748,0.11681865900754929
1749,0.03974971920251846
1750,0.059099871665239334
1751,0.03400346636772156
1752,0.05699552595615387
1753,0.11896269023418427
1754,0.0801534354686737
1755,0.09585364162921906
1756,0.048984549939632416
1757,0.034926097840070724
1758,0.053962819278240204
1759,0.04652047157287598
1760,0.04100054129958153
1761,0.07364367693662643
1762,0.0691407322883606
1763,0.03921367973089218
1764,0.039916593581438065
1765,0.03851630166172981
1766,0.07979296147823334
1767,0.056456197053194046
1768,0.08200183510780334
1769,0.02828546240925789
1770,0.04810178279876709
1771,0.08699949085712433
1772,0.06581206619739532
1773,0.061674319207668304
1774,0.09007369726896286
1775,0.04748290777206421
1776,0.06124545633792877
1777,0.07442666590213776
1778,0.05402415990829468
1779,0.06359845399856567
1780,0.07766503095626831
1781,0.0456596240401268
1782,0.06289561092853546
1783,0.052796266973018646
1784,0.07206714153289795
1785,0.11601760238409042
1786,0.03854326158761978
1787,0.12470556795597076
1788,0.03980809450149536
1789,0.04647430032491684
1790,0.08705516159534454
1791,0.08268385380506516
1792,0.05518103390932083
1793,0.055194173008203506
1794,0.039304494857788086
1795,0.03295576572418213
1796,0.03227594122290611
1797,0.05593491345643997
1798,0.0720391720533371
1799,0.07938780635595322
1800,0.051772117614746094
1801,0.026387106627225876
1802,0.061673082411289215
1803,0.08395086228847504
1804,0.029481524601578712
1805,0.05032141134142876
1806,0.03668026626110077
1807,0.058783821761608124
1808,0.08193345367908478
1809,0.04797522351145744
1810,0.04841294139623642
1811,0.05701015889644623
1812,0.06921351701021194
1813,0.02521360293030739
1814,0.05135989189147949
1815,0.05037301033735275
1816,0.11709790676832199
1817,0.0386665016412735
1818,0.07403498888015747
1819,0.03793889284133911
1820,0.06075902283191681
1821,0.04788834974169731
1822,0.07650270313024521
1823,0.11013922095298767
1824,0.07116065174341202
1825,0.03890957683324814
1826,0.042111292481422424
1827,0.045427337288856506
1828,0.04051952809095383
1829,0.06096087768673897
1830,0.0510735958814621
1831,0.04305426776409149
1832,0.03958815336227417
1833,0.05673784017562866
1834,0.049648791551589966
1835,0.10756480693817139
1836,0.06853780150413513
1837,0.06238097697496414
1838,0.0983133614063263
1839,0.08053798228502274
1840,0.05415524169802666
1841,0.03625074774026871
1842,0.08221185207366943
1843,0.04969840496778488
1844,0.0843752846121788
1845,0.0352102555334568
1846,0.06209371238946915
1847,0.07029355317354202
1848,0.058233682066202164
1849,0.05687951296567917
1850,0.09458813071250916
1851,0.0601380318403244
1852,0.060926467180252075
1853,0.08792511373758316
1854,0.12449594587087631
1855,0.06367408484220505
1856,0.08088712394237518
1857,0.040796756744384766
1858,0.06363213807344437
1859,0.05736584961414337
1860,0.05726378411054611
1861,0.034151263535022736
1862,0.05313655361533165
1863,0.04059569537639618
1864,0.04171350598335266
1865,0.036136653274297714
1866,0.04651889577507973
1867,0.08798154443502426
1868,0.04370306059718132
1869,0.07003217190504074
1870,0.08423500508069992
1871,0.11233147978782654
1872,0.046564340591430664
1873,0.04118237644433975
1874,0.0344792902469635
1875,0.04098358377814293
1876,0.06229917332530022
1877,0.06321948766708374
1878,0.037221409380435944
1879,0.07714518904685974
1880,0.09986274689435959
1881,0.10524782538414001
1882,0.04918130487203598
1883,0.03869155794382095
1884,0.07496237754821777
1885,0.04551376402378082
1886,0.04811902716755867
1887,0.08966627717018127
1888,0.06258752942085266
1889,0.06877722591161728
1890,0.03916008025407791
1891,0.07071544975042343
1892,0.07973543554544449
1893,0.03375644609332085
1894,0.03636302798986435
1895,0.052931204438209534
1896,0.05249463766813278
1897,0.08793918788433075
1898,0.03559219837188721
1899,0.07584314793348312
1900,0.08261723816394806
1901,0.048318251967430115
1902,0.08426809310913086
1903,0.03399266302585602
1904,0.042437560856342316
1905,0.033773910254240036
1906,0.033852867782115936
1907,0.05520765110850334
1908,0.040558747947216034
1909,0.037699148058891296
1910,0.057194724678993225
1911,0.05686401203274727
1912,0.06923472136259079
1913,0.08511123061180115
1914,0.03863592445850372
1915,0.04011382907629013
1916,0.08716288208961487
1917,0.029447300359606743
1918,0.05824409797787666
1919,0.08416617661714554
1920,0.10051818937063217
1921,0.05750986933708191
1922,0.06754376739263535
1923,0.043057747185230255
1924,0.05155472457408905
1925,0.03837422654032707
1926,0.049176882952451706
1927,0.04516511783003807
1928,0.04071404039859772
1929,0.05535971000790596
1930,0.038385771214962006
1931,0.04889095574617386
1932,0.07461671531200409
1933,0.05402566120028496
1934,0.04429575055837631
1935,0.03590604290366173
1936,0.07653391361236572
1937,0.04686744511127472
1938,0.08025676012039185
1939,0.056774068623781204
1940,0.05060052126646042
1941,0.03246638923883438
1942,0.056282881647348404
1943,0.04995523765683174
1944,0.03564828261733055
1945,0.0633125826716423
1946,0.06640900671482086
1947,0.032972779124975204
1948,0.0778045579791069
1949,0.0609077587723732
1950,0.03802144154906273
1951,0.02749479189515114
1952,0.050024859607219696
1953,0.02812829799950123
1954,0.08502193540334702
1955,0.04936748743057251
1956,0.08882103860378265
1957,0.041659917682409286
1958,0.055707745254039764
1959,0.10350259393453598
1960,0.06741753220558167
1961,0.05423499643802643
1962,0.07782183587551117
1963,0.10835496336221695
1964,0.057601314038038254
1965,0.04892943054437637
1966,0.0922383964061737
1967,0.055394627153873444
1968,0.04919925332069397
1969,0.05949429050087929
1970,0.033626001328229904
1971,0.026777444407343864
1972,0.03461833298206329
1973,0.05959170311689377
1974,0.1266644150018692
1975,0.05055391415953636
1976,0.06448283791542053
1977,0.037942010909318924
1978,0.06125149503350258
1979,0.09818783402442932
1980,0.07199373841285706
1981,0.0413801334798336
1982,0.058981217443943024
1983,0.06419636309146881
1984,0.06188670173287392
1985,0.05707419291138649
1986,0.06023263931274414
1987,0.038365814834833145
1988,0.047728173434734344
1989,0.08233550190925598
1990,0.05255855619907379
1991,0.0637260302901268
1992,0.0667639970779419
1993,0.060999128967523575
1994,0.05865854024887085
1995,0.028287416324019432
1996,0.0850408747792244
1997,0.08450622111558914
1998,0.04021693393588066
1999,0.04264651983976364
2000,0.037991002202034
2001,0.07797123491764069
2002,0.026313606649637222
2003,0.03913848102092743
2004,0.045682668685913086
2005,0.040980659425258636
2006,0.0647430494427681
2007,0.11268845945596695
2008,0.0411844402551651
2009,0.07077670097351074
2010,0.07651744037866592
2011,0.04577592760324478
2012,0.0670839473605156
2013,0.04991341754794121
2014,0.07057610154151917
2015,0.04606233537197113
2016,0.07045340538024902
2017,0.06759671121835709
2018,0.08013299107551575
2019,0.0321120023727417
2020,0.042045023292303085
2021,0.07203081995248795
2022,0.12076984345912933
2023,0.050990816205739975
2024,0.05036846175789833
2025,0.04805704206228256
2026,0.02837383933365345
2027,0.05457458645105362
2028,0.061350174248218536
2029,0.06332897394895554
2030,0.05373317748308182
2031,0.05687474459409714
2032,0.06266091763973236
2033,0.0619535967707634
2034,0.03311855345964432
2035,0.05849575251340866
2036,0.0490284264087677
2037,0.08063989132642746
2038,0.044895656406879425
2039,0.060244251042604446
2040,0.045706119388341904
2041,0.04700002819299698
2042,0.07058055698871613
2043,0.05865795537829399
2044,0.042071372270584106
2045,0.0458739809691906
2046,0.09476158022880554
2047,0.05480877310037613
2048,0.03907613828778267
2049,0.02977481484413147
2050,0.04186324030160904
2051,0.06491052359342575
2052,0.04431016743183136
2053,0.0710872933268547
2054,0.0615629106760025
2055,0.03519299626350403
2056,0.042190153151750565
2057,0.05929207429289818
2058,0.0701742023229599
2059,0.09733357280492783
2060,0.08306953310966492
2061,0.02571997046470642
2062,0.06214537099003792
2063,0.025337638333439827
2064,0.030728399753570557
2065,0.0695423036813736
2066,0.0347469262778759
2067,0.045457400381565094
2068,0.055330611765384674
2069,0.03815127909183502
2070,0.048175908625125885
2071,0.07697579264640808
2072,0.03991919755935669
2073,0.03473946452140808
2074,0.07658792287111282
2075,0.06228657439351082
2076,0.06457546353340149
2077,0.048081621527671814
2078,0.04634416475892067
2079,0.04123731702566147
2080,0.059630852192640305
2081,0.03687397018074989
2082,0.045305099338293076
2083,0.04719177633523941
2084,0.07013601064682007
2085,0.050997983664274216
2086,0.05479850992560387
2087,0.04253570735454559
2088,0.070391945540905
2089,0.05180567130446434
2090,0.05514296516776085
2091,0.05945819616317749
2092,0.044310055673122406
2093,0.030836977064609528
2094,0.05850393325090408
2095,0.11908179521560669
2096,0.051411766558885574
2097,0.05429547280073166
2098,0.06178291514515877
2099,0.04091237857937813
2100,0.08218423277139664
2101,0.05656544864177704
2102,0.04654769226908684
2103,0.061346616595983505
2104,0.03943827003240585
2105,0.055104006081819534
2106,0.06611015647649765
2107,0.0415092408657074
2108,0.05301425978541374
2109,0.023044869303703308
2110,0.04428943619132042
2111,0.03531163930892944
2112,0.05264919623732567
2113,0.05082797259092331
2114,0.05287610739469528
2115,0.04917725920677185
2116,0.05554739758372307
2117,0.04998481273651123
2118,0.04531393200159073
2119,0.04090987890958786
2120,0.052460119128227234
2121,0.1231788918375969
2122,0.06452766060829163
2123,0.03855960816144943
2124,0.058614350855350494
2125,0.06723953038454056
2126,0.037996865808963776
2127,0.0669592097401619
2128,0.047363415360450745
2129,0.05214814841747284
2130,0.04828972369432449
2131,0.061151523143053055
2132,0.05771692842245102
2133,0.03117465227842331
2134,0.052810829132795334
2135,0.08544211834669113
2136,0.064642533659935
2137,0.044544897973537445
2138,0.06875713169574738
2139,0.06057227402925491
2140,0.03307870775461197
2141,0.02551409974694252
2142,0.046795085072517395
2143,0.03481510281562805
2144,0.04527609050273895
2145,0.043430522084236145
2146,0.04550132155418396
2147,0.036065127700567245
2148,0.057448580861091614
2149,0.09222660213708878
2150,0.056207381188869476
2151,0.08983631432056427
2152,0.04638341814279556
2153,0.04478300362825394
2154,0.06872566789388657
2155,0.05549779161810875
2156,0.0321454219520092
2157,0.05131255090236664
2158,0.04330474138259888
2159,0.059301719069480896
2160,0.030659928917884827
2161,0.07576293498277664
2162,0.03680107370018959
2163,0.05301366001367569
2164,0.053939592093229294
2165,0.03345906734466553
2166,0.06476398557424545
2167,0.04912416264414787
2168,0.03938835486769676
2169,0.0674995705485344
2170,0.10423826426267624
2171,0.07428795099258423
2172,0.08012206107378006
2173,0.0830773115158081
2174,0.055503521114587784
2175,0.035227783024311066
2176,0.07109162211418152
2177,0.08051412552595139
2178,0.09659336507320404
2179,0.04958246648311615
2180,0.03590861335396767
2181,0.04839701950550079
2182,0.0557960644364357
2183,0.05220964550971985
2184,0.035341668874025345
2185,0.03419330343604088
2186,0.04622502997517586
2187,0.06062909960746765
2188,0.10781534016132355
2189,0.10190631449222565
2190,0.04837828874588013
2191,0.06404796242713928
2192,0.055175408720970154
2193,0.07511642575263977
2194,0.055307164788246155
2195,0.054269757121801376
2196,0.03460271656513214
2197,0.05747498571872711
2198,0.05969266593456268
2199,0.07371523976325989
2200,0.045710351318120956
2201,0.056883860379457474
2202,0.03929531201720238
2203,0.08448059856891632
2204,0.04655097797513008
2205,0.056172553449869156
2206,0.04196459800004959
2207,0.05034136027097702
2208,0.0328679084777832
2209,0.050902172923088074
2210,0.03625095635652542
2211,0.03735165297985077
2212,0.06330490857362747
2213,0.06845266371965408
2214,0.057748883962631226
2215,0.04826560989022255
2216,0.031054168939590454
2217,0.05841716378927231
2218,0.07202886044979095
2219,0.03278237208724022
2220,0.0307027418166399
2221,0.06779550015926361
2222,0.041443075984716415
2223,0.03597065433859825
2224,0.06469365954399109
2225,0.0608028843998909
2226,0.04386959969997406
2227,0.04505264386534691
2228,0.03800773248076439
2229,0.046658579260110855
2230,0.0635632574558258
2231,0.08969832211732864
2232,0.0523194782435894
2233,0.05056121572852135
2234,0.044364698231220245
2235,0.05433676391839981
2236,0.055805470794439316
2237,0.03768259286880493
2238,0.035431157797575
2239,0.09423480927944183
2240,0.039120424538850784
2241,0.05052989721298218
2242,0.059879183769226074
2243,0.058978840708732605
2244,0.04458418861031532
2245,0.028260180726647377
2246,0.03499075025320053
2247,0.0668087974190712
2248,0.04294721037149429
2249,0.0353085994720459
2250,0.04037071764469147
2251,0.039415255188941956
2252,0.03654327616095543
2253,0.07366836071014404
2254,0.04178009554743767
2255,0.04635968431830406
2256,0.06825273483991623
2257,0.06487379968166351
2258,0.06819616258144379
2259,0.03763628005981445
2260,0.05350402370095253
2261,0.030987970530986786
2262,0.030346252024173737
2263,0.04054573178291321
2264,0.053664013743400574
2265,0.06183628365397453
2266,0.07892915606498718
2267,0.05551645904779434
2268,0.051866114139556885
2269,0.0548727810382843
2270,0.028372449800372124
2271,0.04300294071435928
2272,0.08545711636543274
2273,0.09786733984947205
2274,0.06494824588298798
2275,0.05425384268164635
2276,0.03618035465478897
2277,0.08646190166473389
2278,0.04702319949865341
2279,0.03694402053952217
2280,0.0509476400911808
2281,0.08389750868082047
2282,0.06272060424089432
2283,0.11332230269908905
2284,0.06266435235738754
2285,0.04681623727083206
2286,0.0385889895260334
2287,0.04109758883714676
2288,0.07129012793302536
2289,0.03951983153820038
2290,0.04028596729040146
2291,0.07582216709852219
2292,0.03961873799562454
2293,0.036337777972221375
2294,0.043210677802562714
2295,0.03761490806937218
2296,0.06638822704553604
2297,0.09333239495754242
2298,0.05675550550222397
2299,0.02775607444345951
2300,0.03104018047451973
2301,0.029029257595539093
2302,0.048343781381845474
2303,0.057084959000349045
2304,0.06616134196519852
2305,0.03048776648938656
2306,0.05524391680955887
2307,0.08403041213750839
2308,0.04860081151127815
2309,0.08451631665229797
2310,0.045189835131168365
2311,0.061870064586400986
2312,0.04561696946620941
2313,0.0505509078502655
2314,0.10763423144817352
2315,0.043339312076568604
2316,0.05957446247339249
2317,0.06054794788360596
2318,0.04826103523373604
2319,0.04232891649007797
2320,0.03610704466700554
2321,0.0813663974404335
2322,0.06379164755344391
2323,0.0739075317978859
2324,0.041313573718070984
2325,0.09549903124570847
2326,0.037530720233917236
2327,0.06438299268484116
2328,0.057692162692546844
2329,0.04542175680398941
2330,0.03210093453526497
2331,0.05201137065887451
2332,0.042834747582674026
2333,0.07940030097961426
2334,0.03518587723374367
2335,0.05895661190152168
2336,0.0596291609108448
2337,0.04132899269461632
2338,0.04025111347436905
2339,0.04123779758810997
2340,0.039037562906742096
2341,0.06453865766525269
2342,0.0271285567432642
2343,0.0891299918293953
2344,0.10174154490232468
2345,0.05299144610762596
2346,0.030320601537823677
2347,0.03846966475248337
2348,0.0267140194773674
2349,0.03623709827661514
2350,0.06322449445724487
2351,0.07093974202871323
2352,0.04073815792798996
2353,0.04041758179664612
2354,0.050262704491615295
2355,0.05994684249162674
2356,0.024609310552477837
2357,0.08045443892478943
2358,0.05034766346216202
2359,0.023507798090577126
2360,0.06226586177945137
2361,0.044853538274765015
2362,0.062396276742219925
2363,0.049700479954481125
2364,0.028431884944438934
2365,0.05955527350306511
2366,0.06847560405731201
2367,0.0835668072104454
2368,0.0606909841299057
2369,0.06859810650348663
2370,0.03818333148956299
2371,0.03346606716513634
2372,0.07593046128749847
2373,0.04277632385492325
2374,0.06710786372423172
2375,0.05052945762872696
2376,0.0794827789068222
2377,0.07510703057050705
2378,0.051328595727682114
2379,0.03551206737756729
2380,0.11694979667663574
2381,0.08085672557353973
2382,0.038392774760723114
2383,0.09248840063810349
2384,0.06764811277389526
2385,0.029741019010543823
2386,0.060418128967285156
2387,0.04644216597080231
2388,0.09971851855516434
2389,0.02673441916704178
2390,0.09491842985153198
2391,0.08908861875534058
2392,0.07620304077863693
2393,0.10493690520524979
2394,0.04523147642612457
2395,0.057496726512908936
2396,0.046299129724502563
2397,0.04867589473724365
2398,0.049309998750686646
2399,0.024920079857110977
2400,0.049258362501859665
2401,0.061785683035850525
2402,0.08903706818819046
2403,0.05680818855762482
2404,0.0730765089392662
2405,0.05872076749801636
2406,0.03577210754156113
2407,0.02506580576300621
2408,0.04809261113405228
2409,0.07603364437818527
2410,0.0357033908367157
2411,0.04869251698255539
2412,0.05366067960858345
2413,0.06537525355815887
2414,0.09472909569740295
2415,0.04735878109931946
2416,0.03427126631140709
2417,0.05757623910903931
2418,0.0613287091255188
2419,0.07979343086481094
2420,0.034770868718624115
2421,0.04929336905479431
2422,0.08545029908418655
2423,0.0849364697933197
2424,0.053302664309740067
2425,0.05620967596769333
2426,0.041961099952459335
2427,0.053941912949085236
2428,0.034533195197582245
2429,0.07688924670219421
2430,0.05847274884581566
2431,0.06474746763706207
2432,0.0369744598865509
2433,0.09028562903404236
2434,0.03480514883995056
2435,0.10662803798913956
2436,0.04184373840689659
2437,0.04027198627591133
2438,0.04883874952793121
2439,0.07053188979625702
2440,0.03847770392894745
2441,0.042759478092193604
2442,0.06805770099163055
2443,0.09247457981109619
2444,0.03031183034181595
2445,0.051682475954294205
2446,0.06541653722524643
2447,0.07636703550815582
2448,0.02853647992014885
2449,0.04098733514547348
2450,0.04631232097744942
2451,0.04254614934325218
2452,0.07315476983785629
2453,0.0683191567659378
2454,0.03857254236936569
2455,0.032488152384757996
2456,0.04812494292855263
2457,0.03952949494123459
2458,0.0497705414891243
2459,0.06593978404998779
2460,0.11601195484399796
2461,0.123822420835495
2462,0.0412745401263237
2463,0.05506371706724167
2464,0.054732393473386765
2465,0.09696085751056671
2466,0.05694480985403061
2467,0.08664387464523315
2468,0.06356513500213623
2469,0.08247173577547073
2470,0.04122648015618324
2471,0.03960185497999191
2472,0.05263620242476463
2473,0.08110597729682922
2474,0.04284094274044037
2475,0.04799247533082962
2476,0.0454118475317955
2477,0.04617005214095116
2478,0.06155294179916382
2479,0.056657444685697556
2480,0.04043172299861908
2481,0.046307001262903214
2482,0.04332665354013443
2483,0.05131625011563301
2484,0.027034178376197815
2485,0.024110671132802963
2486,0.03729727119207382
2487,0.05004062503576279
2488,0.09123493731021881
2489,0.05362208932638168
2490,0.060325998812913895
2491,0.04406594857573509
2492,0.038660600781440735
2493,0.041971929371356964
2494,0.03389490395784378
2495,0.06549490243196487
2496,0.03808113932609558
2497,0.0705651119351387
2498,0.07405690848827362
2499,0.03404784947633743
2500,0.048281800001859665
2501,0.05877242609858513
2502,0.03721261024475098
2503,0.07976158708333969
2504,0.038854483515024185
2505,0.028644612058997154
2506,0.04968699812889099
2507,0.03626478463411331
2508,0.05582359805703163
2509,0.021503252908587456
2510,0.03136775642633438
2511,0.03810747340321541
2512,0.06360109150409698
2513,0.041496872901916504
2514,0.06354042887687683
2515,0.07869847863912582
2516,0.029887815937399864
2517,0.040358155965805054
2518,0.04401533678174019
2519,0.032440997660160065
2520,0.0774194672703743
2521,0.050162505358457565
2522,0.039356984198093414
2523,0.0567358024418354
2524,0.08458379656076431
2525,0.10203705728054047
2526,0.05102621763944626
2527,0.028291471302509308
2528,0.038005683571100235
2529,0.07023429870605469
2530,0.05307566374540329
2531,0.05809217691421509
2532,0.06265004724264145
2533,0.081825390458107
2534,0.06149546429514885
2535,0.07185225188732147
2536,0.071510910987854
2537,0.0519513376057148
2538,0.044273752719163895
2539,0.07698194682598114
2540,0.08660095185041428
2541,0.05423913151025772
2542,0.08446706086397171
2543,0.03999641537666321
2544,0.03662592172622681
2545,0.029261194169521332
2546,0.10230132937431335
2547,0.08853355050086975
2548,0.06687399744987488
2549,0.04038253799080849
2550,0.05940205231308937
2551,0.11141379922628403
2552,0.05430307611823082
2553,0.052399277687072754
2554,0.07673687487840652
2555,0.09073939919471741
2556,0.10505538433790207
2557,0.04228461906313896
2558,0.06297799944877625
2559,0.08789617568254471
2560,0.029589179903268814
2561,0.03569788485765457
2562,0.06851212680339813
2563,0.03861766308546066
2564,0.08637389540672302
2565,0.03217083960771561
2566,0.0873107835650444
2567,0.05077918991446495
2568,0.050323162227869034
2569,0.05035267397761345
2570,0.04309692233800888
2571,0.05235511064529419
2572,0.03559362515807152
2573,0.12452517449855804
2574,0.033908046782016754
2575,0.05386883765459061
2576,0.05291324481368065
2577,0.05155881866812706
2578,0.06246599555015564
2579,0.06674545258283615
2580,0.04083218052983284
2581,0.1335410177707672
2582,0.10231002420186996
2583,0.0579187385737896
2584,0.08558675646781921
2585,0.10458388924598694
2586,0.07711811363697052
2587,0.05365278199315071
2588,0.06369820237159729
2589,0.09793880581855774
2590,0.024530326947569847
2591,0.04163739085197449
2592,0.09066615253686905
2593,0.045903872698545456
2594,0.09074070304632187
2595,0.040458183735609055
2596,0.05158758908510208
2597,0.03715062886476517
2598,0.03915703669190407
2599,0.05770697817206383
2600,0.08298986405134201
2601,0.05307835713028908
2602,0.059263166040182114
2603,0.03809262439608574
2604,0.04273756593465805
2605,0.04372865706682205
2606,0.06694605201482773
2607,0.03511926159262657
2608,0.07442943751811981
2609,0.04972531273961067
2610,0.06681214272975922
2611,0.028143206611275673
2612,0.03153768181800842
2613,0.0513886958360672
2614,0.040047407150268555
2615,0.04934776946902275
2616,0.05431796610355377
2617,0.035903967916965485
2618,0.03987909108400345
2619,0.06129002943634987
2620,0.0859188660979271
2621,0.0639163926243782
2622,0.03587806969881058
2623,0.03254967927932739
2624,0.07152468711137772
2625,0.07358574867248535
2626,0.03766702860593796
2627,0.0663842260837555
2628,0.044736362993717194
2629,0.03623465448617935
2630,0.06234455481171608
2631,0.038544684648513794
2632,0.03908354043960571
2633,0.031155303120613098
2634,0.02975599654018879
2635,0.038356512784957886
2636,0.03066021203994751
2637,0.041630975902080536
2638,0.05766483023762703
2639,0.027469132095575333
2640,0.03952983766794205
2641,0.09194093942642212
2642,0.04144482687115669
2643,0.03710233420133591
2644,0.023991459980607033
2645,0.07134272158145905
2646,0.04127003252506256
2647,0.03508627414703369
2648,0.05962468683719635
2649,0.032237108796834946
2650,0.05028323829174042
2651,0.04269956052303314
2652,0.03044942393898964
2653,0.03958641737699509
2654,0.0649482011795044
2655,0.041960813105106354
2656,0.055614449083805084
2657,0.03342122212052345
2658,0.041478052735328674
2659,0.08315840363502502
2660,0.019676469266414642
2661,0.05530279502272606
2662,0.02418426051735878
2663,0.04690347984433174
2664,0.07655637711286545
2665,0.05506421625614166
2666,0.04339376091957092
2667,0.03218398243188858
2668,0.05094683915376663
2669,0.05660245940089226
2670,0.042035818099975586
2671,0.06517632305622101
2672,0.036129180341959
2673,0.08407937735319138
2674,0.040498461574316025
2675,0.09727156907320023
2676,0.04202939569950104
2677,0.07177005708217621
2678,0.04978714510798454
2679,0.06508082151412964
2680,0.07856643944978714
2681,0.06766874343156815
2682,0.051697492599487305
2683,0.07695987075567245
2684,0.05480719730257988
2685,0.04029955342411995
2686,0.04922224581241608
2687,0.03740646317601204
2688,0.05221426114439964
2689,0.07534939795732498
2690,0.07094502449035645
2691,0.0466860830783844
2692,0.04917198419570923
2693,0.05368485674262047
2694,0.046269603073596954
2695,0.06268659979104996
2696,0.033867791295051575
2697,0.04807984456419945
2698,0.0418800488114357
2699,0.06993703544139862
2700,0.057363756000995636
2701,0.047224827110767365
2702,0.04726668447256088
2703,0.040577758103609085
2704,0.08530733734369278
2705,0.07188083976507187
2706,0.05062202736735344
2707,0.031823452562093735
2708,0.0322200171649456
2709,0.0245157890021801
2710,0.020134542137384415
2711,0.04782705754041672
2712,0.03751751407980919
2713,0.047240000218153
2714,0.031110143288969994
2715,0.0461115837097168
2716,0.03873482346534729
2717,0.029799476265907288
2718,0.07493875920772552
2719,0.036565035581588745
2720,0.042035892605781555
2721,0.06438778340816498
2722,0.07495321333408356
2723,0.03644620627164841
2724,0.04698486998677254
2725,0.038327887654304504
2726,0.03202860429883003
2727,0.033497411757707596
2728,0.07638221234083176
2729,0.06041574105620384
2730,0.054158687591552734
2731,0.049670517444610596
2732,0.02136768400669098
2733,0.01998831145465374
2734,0.06709044426679611
2735,0.024757172912359238
2736,0.03531193733215332
2737,0.058167826384305954
2738,0.05092674866318703
2739,0.03820347785949707
2740,0.06243826821446419
2741,0.11518636345863342
2742,0.044835831969976425
2743,0.04540799930691719
2744,0.07908673584461212
2745,0.048591695725917816
2746,0.04332130402326584
2747,0.06554007530212402
2748,0.08706783503293991
2749,0.08273563534021378
2750,0.06055966392159462
2751,0.05393049865961075
2752,0.049851126968860626
2753,0.04823143035173416
2754,0.05341700091958046
2755,0.05488709360361099
2756,0.05014573037624359
2757,0.0532078742980957
2758,0.06404402107000351
2759,0.11982778459787369
2760,0.060934972018003464
2761,0.03559253364801407
2762,0.033205583691596985
2763,0.0349731482565403
2764,0.05783692002296448
2765,0.018962711095809937
2766,0.0586097277700901
2767,0.04455374926328659
2768,0.03219045326113701
2769,0.05246520787477493
2770,0.06359691172838211
2771,0.05271841958165169
2772,0.044100597500801086
2773,0.058203767985105515
2774,0.030537303537130356
2775,0.025685027241706848
2776,0.04853607714176178
2777,0.07523545622825623
2778,0.0396130234003067
2779,0.04530896991491318
2780,0.05100886523723602
2781,0.06367550790309906
2782,0.07608091086149216
2783,0.025469567626714706
2784,0.03753957897424698
2785,0.0739746019244194
2786,0.039135854691267014
2787,0.06696443259716034
2788,0.03942735493183136
2789,0.09240870177745819
2790,0.02853766456246376
2791,0.019622866064310074
2792,0.044341567903757095
2793,0.05745891109108925
2794,0.02504921332001686
2795,0.08030258119106293
2796,0.032180238515138626
2797,0.03814176470041275
2798,0.03427271544933319
2799,0.08297426998615265
2800,0.04146325960755348
2801,0.03404369577765465
2802,0.10146673023700714
2803,0.0425870344042778
2804,0.04193231463432312
2805,0.03603725880384445
2806,0.03734695911407471
2807,0.11192980408668518
2808,0.03377063199877739
2809,0.05848194286227226
2810,0.0480356365442276
2811,0.045983098447322845
2812,0.045791253447532654
2813,0.0546916238963604
2814,0.04903658479452133
2815,0.08299499750137329
2816,0.0708908811211586
2817,0.045052289962768555
2818,0.037107329815626144
2819,0.07964760810136795
2820,0.039106063544750214
2821,0.030452143400907516
2822,0.07744097709655762
2823,0.05020628124475479
2824,0.058685243129730225
2825,0.055018890649080276
2826,0.029336733743548393
2827,0.027777783572673798
2828,0.0544283501803875
2829,0.029345473274588585
2830,0.050309911370277405
2831,0.03385518118739128
2832,0.03917714208364487
2833,0.028759397566318512
2834,0.04302424564957619
2835,0.05763249099254608
2836,0.05383730307221413
2837,0.01860629767179489
2838,0.04252253845334053
2839,0.06499558687210083
2840,0.03458356857299805
2841,0.041963059455156326
2842,0.04291845113039017
2843,0.020731160417199135
2844,0.03349469602108002
2845,0.07644595205783844
2846,0.059116873890161514
2847,0.02466472052037716
2848,0.056841976940631866
2849,0.07106299698352814
2850,0.05684879422187805
2851,0.051134709268808365
2852,0.04265105724334717
2853,0.041803374886512756
2854,0.03368307650089264
2855,0.06752528250217438
2856,0.027902310714125633
2857,0.0721406415104866
2858,0.04631265252828598
2859,0.042567215859889984
2860,0.02780167944729328
2861,0.04459068179130554
2862,0.07480773329734802
2863,0.045024219900369644
2864,0.055633027106523514
2865,0.04989152401685715
2866,0.04702085256576538
2867,0.04917806386947632
2868,0.08390390872955322
2869,0.04895836487412453
2870,0.03384598344564438
2871,0.0933791846036911
2872,0.08659927546977997
2873,0.05532768368721008
2874,0.0454479418694973
2875,0.03663642704486847
2876,0.04345604404807091
2877,0.038252126425504684
2878,0.04128951579332352
2879,0.034756630659103394
2880,0.09787815064191818
2881,0.07989709824323654
2882,0.06218309700489044
2883,0.03634477034211159
2884,0.03397807106375694
2885,0.066470667719841
2886,0.07238646596670151
2887,0.04420269653201103
2888,0.04293730854988098
2889,0.08534107357263565
2890,0.03004453331232071
2891,0.06517262756824493
2892,0.03506479784846306
2893,0.0444263331592083
2894,0.05040695518255234
2895,0.04937315359711647
2896,0.07344581186771393
2897,0.035711370408535004
2898,0.0904640480875969
2899,0.04011154547333717
2900,0.051889121532440186
2901,0.02883586287498474
2902,0.03544909507036209
2903,0.07463032007217407
2904,0.0816541537642479
2905,0.06701051443815231
2906,0.06852889060974121
2907,0.04671816900372505
2908,0.06011800095438957
2909,0.046166710555553436
2910,0.04547417163848877
2911,0.046046122908592224
2912,0.024029722437262535
2913,0.02855626866221428
2914,0.06334368884563446
2915,0.045684248208999634
2916,0.04834378883242607
2917,0.03860098868608475
2918,0.03534276410937309
2919,0.05433427914977074
2920,0.04644492641091347
2921,0.09717259556055069
2922,0.0263674296438694
2923,0.041462525725364685
2924,0.04887308180332184
2925,0.028077654540538788
2926,0.04509679973125458
2927,0.02906726486980915
2928,0.04469648003578186
2929,0.05303490161895752
2930,0.06430122256278992
2931,0.08554983139038086
2932,0.044937118887901306
2933,0.0934416800737381
2934,0.0647229254245758
2935,0.04473954439163208
2936,0.04207324981689453
2937,0.07495725899934769
2938,0.07061036676168442
2939,0.06920769810676575
2940,0.05254457890987396
2941,0.07772733271121979
2942,0.07235454022884369
2943,0.06642240285873413
2944,0.03475547581911087
2945,0.038368090987205505
2946,0.0361018031835556
2947,0.046708185225725174
2948,0.06983964890241623
2949,0.038949817419052124
2950,0.043191682547330856
2951,0.058937035501003265
2952,0.048687420785427094
2953,0.053215112537145615
2954,0.04672175273299217
2955,0.022423285990953445
2956,0.06221863999962807
2957,0.037599287927150726
2958,0.0824328288435936
2959,0.10213114321231842
2960,0.04520217701792717
2961,0.03498353436589241
2962,0.04189227521419525
2963,0.039969250559806824
2964,0.05552944168448448
2965,0.0365477129817009
2966,0.06630470603704453
2967,0.030590692535042763
2968,0.05312511324882507
2969,0.02272816002368927
2970,0.042755406349897385
2971,0.04527401179075241
2972,0.07507936656475067
2973,0.04719430208206177
2974,0.0314948596060276
2975,0.05633541941642761
2976,0.025415601208806038
2977,0.04646338149905205
2978,0.07271115481853485
2979,0.038858190178871155
2980,0.045171815901994705
2981,0.03855843469500542
2982,0.07842715829610825
2983,0.05741334706544876
2984,0.11139385402202606
2985,0.03666975349187851
2986,0.029003959149122238
2987,0.03691738098859787
2988,0.07233604043722153
2989,0.04624835401773453
2990,0.025793960317969322
2991,0.05369268357753754
2992,0.0694751888513565
2993,0.05832717940211296
2994,0.03397301211953163
2995,0.04512255638837814
2996,0.04456457868218422
2997,0.039536818861961365
2998,0.05074448511004448
2999,0.02289954200387001
3000,0.0253671333193779
3001,0.05396663025021553
3002,0.04439081624150276
3003,0.07644668966531754
3004,0.08049923926591873
3005,0.027854813262820244
3006,0.07411114871501923
3007,0.02666882798075676
3008,0.09263881295919418
3009,0.039046671241521835
3010,0.059548940509557724
3011,0.04950016736984253
3012,0.047196462750434875
3013,0.08645275235176086
3014,0.05360676348209381
3015,0.07891055941581726
3016,0.07790912687778473
3017,0.07868639379739761
3018,0.04650047793984413
3019,0.04266679286956787
3020,0.041067901998758316
3021,0.029192278161644936
3022,0.0523904412984848
3023,0.06000490114092827
3024,0.05316298454999924
3025,0.04034489765763283
3026,0.09064418822526932
3027,0.06596589088439941
3028,0.08098231256008148
3029,0.05548454076051712
3030,0.0439116396009922
3031,0.08669692277908325
3032,0.05681111291050911
3033,0.06881023943424225
3034,0.08586036413908005
3035,0.04456314444541931
3036,0.0411028228700161
3037,0.03890330716967583
3038,0.13013993203639984
3039,0.050360534340143204
3040,0.03780548274517059
3041,0.0576741099357605
3042,0.03879291191697121
3043,0.05173323303461075
3044,0.03443826362490654
3045,0.035061758011579514
3046,0.05114972963929176
3047,0.10964971780776978
3048,0.06696268916130066
3049,0.049917954951524734
3050,0.049220867455005646
3051,0.03348131850361824
3052,0.07145176082849503
3053,0.0611315555870533
3054,0.03551732003688812
3055,0.026608595624566078
3056,0.05895353853702545
3057,0.033823687583208084
3058,0.03521052747964859
3059,0.03258542716503143
3060,0.07967667281627655
3061,0.03150574862957001
3062,0.04373279586434364
3063,0.06404917687177658
3064,0.033381108194589615
3065,0.08299552649259567
3066,0.0689624696969986
3067,0.09785576909780502
3068,0.04445737227797508
3069,0.044305235147476196
3070,0.03729571774601936
3071,0.05181388556957245
3072,0.031595874577760696
3073,0.06418390572071075
3074,0.06611573696136475
3075,0.06790436804294586
3076,0.047551173716783524
3077,0.027529045939445496
3078,0.05081073194742203
3079,0.055567000061273575
3080,0.062035463750362396
3081,0.04806334152817726
3082,0.02262190356850624
3083,0.08013474941253662
3084,0.04447202757000923
3085,0.061672721058130264
3086,0.038203928619623184
3087,0.04370884224772453
3088,0.06972090899944305
3089,0.03937363997101784
3090,0.03237023949623108
3091,0.04383710026741028
3092,0.06127779558300972
3093,0.06876159459352493
3094,0.08030739426612854
3095,0.051935575902462006
3096,0.04414211958646774
3097,0.03528834879398346
3098,0.02781211957335472
3099,0.038033805787563324
3100,0.03397691249847412
3101,0.03925667703151703
3102,0.0694308951497078
3103,0.04388054460287094
3104,0.0421513095498085
3105,0.05578972399234772
3106,0.04651031643152237
3107,0.05153622478246689
3108,0.04673286899924278
3109,0.05855070427060127
3110,0.04013626277446747
3111,0.06811539083719254
3112,0.03897833079099655
3113,0.0534517802298069
3114,0.11259585618972778
3115,0.03729721158742905
3116,0.06186361983418465
3117,0.029633445665240288
3118,0.04687900468707085
3119,0.04752315580844879
3120,0.038647886365652084
3121,0.0784594714641571
3122,0.04429365694522858
3123,0.05460795760154724
3124,0.03978350758552551
3125,0.03806785121560097
3126,0.03438744321465492
3127,0.05254752188920975
3128,0.028939729556441307
3129,0.03750411421060562
3130,0.039555054157972336
3131,0.06112753599882126
3132,0.07813441008329391
3133,0.03345859423279762
3134,0.018131902441382408
3135,0.07944189012050629
3136,0.0365646593272686
3137,0.06428294628858566
3138,0.03267619013786316
3139,0.031309109181165695
3140,0.04296533018350601
3141,0.042313527315855026
3142,0.04062843322753906
3143,0.03712010383605957
3144,0.04679277539253235
3145,0.039599668234586716
3146,0.0629492998123169
3147,0.054886214435100555
3148,0.05268670618534088
3149,0.05194450914859772
3150,0.06668280065059662
3151,0.06302332878112793
3152,0.05548834055662155
3153,0.07898997515439987
3154,0.03138009086251259
3155,0.020376212894916534
3156,0.033892154693603516
3157,0.0377923846244812
3158,0.03928859904408455
3159,0.03301793336868286
3160,0.038828615099191666
3161,0.07715625315904617
3162,0.02811545319855213
3163,0.06658285856246948
3164,0.061326250433921814
3165,0.03008139505982399
3166,0.031104711815714836
3167,0.05493432283401489
3168,0.07309843599796295
3169,0.034212876111269
3170,0.06272142380475998
3171,0.0586860217154026
3172,0.05189213529229164
3173,0.04025688022375107
3174,0.04901745170354843
3175,0.050653524696826935
3176,0.04922541603446007
3177,0.044539276510477066
3178,0.05449449270963669
3179,0.08110110461711884
3180,0.04365936666727066
3181,0.0549713596701622
3182,0.041227392852306366
3183,0.0557415634393692
3184,0.03533020615577698
3185,0.05877327919006348
3186,0.040857307612895966
3187,0.05511987954378128
3188,0.04489021748304367
3189,0.04186784476041794
3190,0.050820235162973404
3191,0.036729518324136734
3192,0.06659026443958282
3193,0.059192948043346405
3194,0.04610540345311165
3195,0.05612637475132942
3196,0.11649376899003983
3197,0.06359437853097916
3198,0.03120165690779686
3199,0.029142390936613083
3200,0.04781438410282135
3201,0.06887567043304443
3202,0.029468296095728874
3203,0.05818209424614906
3204,0.08944275230169296
3205,0.04247502237558365
3206,0.05655451491475105
3207,0.04936864227056503
3208,0.0737476795911789
3209,0.06778225302696228
3210,0.04797671362757683
3211,0.06132372468709946
3212,0.059488445520401
3213,0.08909033983945847
3214,0.03918791934847832
3215,0.03341465815901756
3216,0.03953670710325241
3217,0.045070767402648926
3218,0.05292603373527527
3219,0.07946944236755371
3220,0.08074423670768738
3221,0.027681181207299232
3222,0.03195805102586746
3223,0.035473957657814026
3224,0.10028979182243347
3225,0.06777260452508926
3226,0.05696449801325798
3227,0.06567125022411346
3228,0.10562611371278763
3229,0.08845923840999603
3230,0.024633893743157387
3231,0.051639728248119354
3232,0.04598265886306763
3233,0.07206571102142334
3234,0.07659559696912766
3235,0.055081721395254135
3236,0.04287205636501312
3237,0.03250904753804207
3238,0.034016866236925125
3239,0.09701716899871826
3240,0.07890263199806213
3241,0.07934165745973587
3242,0.0561201237142086
3243,0.0520002655684948
3244,0.06053087115287781
3245,0.022306697443127632
3246,0.02894367277622223
3247,0.024387862533330917
3248,0.032350532710552216
3249,0.03602323681116104
3250,0.05804870277643204
3251,0.044536251574754715
3252,0.03082324005663395
3253,0.06412257999181747
3254,0.05506286397576332
3255,0.043887197971343994
3256,0.06594768166542053
3257,0.09923895448446274
3258,0.05030180886387825
3259,0.07093349099159241
3260,0.02490657940506935
3261,0.04851474612951279
3262,0.06708068400621414
3263,0.031131943687796593
3264,0.061382219195365906
3265,0.03935239464044571
3266,0.06827519088983536
3267,0.07077576220035553
3268,0.04413030669093132
3269,0.028417546302080154
3270,0.053765639662742615
3271,0.05957518517971039
3272,0.03949681669473648
3273,0.03697282448410988
3274,0.05413184314966202
3275,0.0312792994081974
3276,0.04707165062427521
3277,0.030420774593949318
3278,0.05406519025564194
3279,0.12891589105129242
3280,0.06291386485099792
3281,0.05548888072371483
3282,0.10073636472225189
3283,0.03516646474599838
3284,0.03319796919822693
3285,0.042054809629917145
3286,0.055659741163253784
3287,0.030313512310385704
3288,0.039281390607357025
3289,0.10462348908185959
3290,0.07127829641103745
3291,0.05612888187170029
3292,0.05797110125422478
3293,0.058737486600875854
3294,0.07308633625507355
3295,0.04041101783514023
3296,0.033134374767541885
3297,0.043825894594192505
3298,0.06348299980163574
3299,0.09317121654748917
3300,0.039966560900211334
3301,0.040974926203489304
3302,0.025782747194170952
3303,0.061836112290620804
3304,0.045102547854185104
3305,0.06571899354457855
3306,0.027008941397070885
3307,0.04681076109409332
3308,0.03971894085407257
3309,0.04523181915283203
3310,0.08456356823444366
3311,0.03660023212432861
3312,0.050086621195077896
3313,0.06139247864484787
3314,0.0612533837556839
3315,0.036919936537742615
3316,0.10161517560482025
3317,0.031045861542224884
3318,0.03994856774806976
3319,0.0344744473695755
3320,0.06180228292942047
3321,0.028184708207845688
3322,0.04142837971448898
3323,0.04358227550983429
3324,0.08731880784034729
3325,0.07626215368509293
3326,0.052274685353040695
3327,0.02566280961036682
3328,0.055136676877737045
3329,0.04702630266547203
3330,0.09542204439640045
3331,0.046429190784692764
3332,0.03710196912288666
3333,0.03291582316160202
3334,0.060966625809669495
3335,0.02800670638680458
3336,0.03199625387787819
3337,0.03057720884680748
3338,0.038682207465171814
3339,0.06276600062847137
3340,0.06708773970603943
3341,0.04977942258119583
3342,0.049899108707904816
3343,0.02582422085106373
3344,0.028598180040717125
3345,0.02988649532198906
3346,0.10949624329805374
3347,0.0653252974152565
3348,0.04668683558702469
3349,0.08414169400930405
3350,0.10404296219348907
3351,0.04390275478363037
3352,0.07040094584226608
3353,0.05995893478393555
3354,0.04956533759832382
3355,0.04373038187623024
3356,0.16921262443065643
3357,0.04648522287607193
3358,0.02029537782073021
3359,0.03938155993819237
3360,0.04230122268199921
3361,0.05684030428528786
3362,0.02560712955892086
3363,0.03190021589398384
3364,0.05373254045844078
3365,0.05125980079174042
3366,0.02682540751993656
3367,0.03465908393263817
3368,0.04121221601963043
3369,0.08500080555677414
3370,0.019183402881026268
3371,0.025852680206298828
3372,0.027017703279852867
3373,0.07964428514242172
3374,0.03441132977604866
3375,0.04548855870962143
3376,0.0317111611366272
3377,0.03558052331209183
3378,0.044675957411527634
3379,0.03132269158959389
3380,0.048898279666900635
3381,0.05446036159992218
3382,0.040704283863306046
3383,0.03626703470945358
3384,0.04361371323466301
3385,0.04683997854590416
3386,0.05421145632863045
3387,0.08225826174020767
3388,0.055769018828868866
3389,0.026134658604860306
3390,0.07939349859952927
3391,0.03784998506307602
3392,0.06119957193732262
3393,0.07839610427618027
3394,0.032280273735523224
3395,0.053166769444942474
3396,0.0562991239130497
3397,0.10820497572422028
3398,0.05166434869170189
3399,0.0661807730793953
3400,0.0464564748108387
3401,0.0294954776763916
3402,0.04831256717443466
3403,0.03911912068724632
3404,0.045889712870121
3405,0.05007646232843399
3406,0.037899408489465714
3407,0.04943877458572388
3408,0.07736289501190186
3409,0.04558669775724411
3410,0.04181276261806488
3411,0.05585087090730667
3412,0.06225936859846115
3413,0.05784561112523079
3414,0.06467406451702118
3415,0.11622831225395203
3416,0.07932322472333908
3417,0.11501897871494293
3418,0.07899586856365204
3419,0.04119868949055672
3420,0.09957758337259293
3421,0.07478567957878113
3422,0.04408234730362892
3423,0.05178900808095932
3424,0.06867825239896774
3425,0.03239288181066513
3426,0.06959173083305359
3427,0.02842720039188862
3428,0.04589972645044327
3429,0.04495566338300705
3430,0.039263319224119186
3431,0.041443996131420135
3432,0.05290086194872856
3433,0.05222422257065773
3434,0.02379903942346573
3435,0.030887901782989502
3436,0.07897909730672836
3437,0.06882045418024063
3438,0.03758899122476578
3439,0.028444185853004456
3440,0.0399516224861145
3441,0.05082327499985695
3442,0.0643201470375061
3443,0.06655627489089966
3444,0.07172083109617233
3445,0.07284826785326004
3446,0.03907050937414169
3447,0.05753388628363609
3448,0.03301584720611572
3449,0.028219375759363174
3450,0.04209304600954056
3451,0.0408862940967083
3452,0.02844857983291149
3453,0.031041473150253296
3454,0.04002409428358078
3455,0.08029496669769287
3456,0.06342467665672302
3457,0.03827070817351341
3458,0.041101112961769104
3459,0.062563456594944
3460,0.027323860675096512
3461,0.057770125567913055
3462,0.033820513635873795
3463,0.04188426956534386
3464,0.06815608590841293
3465,0.07058270275592804
3466,0.039178039878606796
3467,0.03656917065382004
3468,0.03298061341047287
3469,0.04777130112051964
3470,0.02937164157629013
3471,0.04786612465977669
3472,0.042161233723163605
3473,0.06623581796884537
3474,0.05533064901828766
3475,0.0707482099533081
3476,0.05108237266540527
3477,0.04261085018515587
3478,0.059137556701898575
3479,0.040317922830581665
3480,0.03467848524451256
3481,0.07419800758361816
3482,0.05456081032752991
3483,0.03951173275709152
3484,0.05991505831480026
3485,0.07916270196437836
3486,0.08992510288953781
3487,0.02494683861732483
3488,0.05466626212000847
3489,0.07895009219646454
3490,0.034887105226516724
3491,0.04134431481361389
3492,0.04669332131743431
3493,0.0646485760807991
3494,0.08910827338695526
3495,0.05377320945262909
3496,0.06109897047281265
3497,0.05005941540002823
3498,0.09633583575487137
3499,0.03562627360224724
3500,0.05101117119193077
3501,0.10464974492788315
3502,0.07831572741270065
3503,0.03448380529880524
3504,0.04142032191157341
3505,0.04401595890522003
3506,0.02967671863734722
3507,0.11599747836589813
3508,0.05841091275215149
3509,0.03586488217115402
3510,0.02614116109907627
3511,0.022220497950911522
3512,0.032828960567712784
3513,0.055965080857276917
3514,0.029278701171278954
3515,0.030445873737335205
3516,0.057732027024030685
3517,0.07225316017866135
3518,0.04507608339190483
3519,0.05520523712038994
3520,0.033443693071603775
3521,0.061306774616241455
3522,0.04244650527834892
3523,0.047784313559532166
3524,0.040205180644989014
3525,0.07408232986927032
3526,0.04736693575978279
3527,0.07396136224269867
3528,0.05062034726142883
3529,0.058564212173223495
3530,0.021390950307250023
3531,0.0667828619480133
3532,0.07044088840484619
3533,0.07018107920885086
3534,0.03380393609404564
3535,0.03135561943054199
3536,0.02623627334833145
3537,0.04049977660179138
3538,0.05926026403903961
3539,0.03975300490856171
3540,0.026652654632925987
3541,0.03027994930744171
3542,0.050491031259298325
3543,0.05401315912604332
3544,0.039815716445446014
3545,0.035026419907808304
3546,0.06480147689580917
3547,0.04118958115577698
3548,0.057057760655879974
3549,0.05017774924635887
3550,0.03028193488717079
3551,0.04901421070098877
3552,0.021588537842035294
3553,0.03886724263429642
3554,0.03578516095876694
3555,0.06876866519451141
3556,0.07622981816530228
3557,0.04383261501789093
3558,0.07166478037834167
3559,0.03984525799751282
3560,0.024585198611021042
3561,0.03444564715027809
3562,0.028879696503281593
3563,0.07734549045562744
3564,0.05266597867012024
3565,0.04378865659236908
3566,0.05653759092092514
3567,0.04970931634306908
3568,0.05505296215415001
3569,0.024596083909273148
3570,0.021924344822764397
3571,0.041651684790849686
3572,0.05309963598847389
3573,0.03191230073571205
3574,0.02686232514679432
3575,0.055302057415246964
3576,0.03604692593216896
3577,0.023883378133177757
3578,0.029010651633143425
3579,0.03344074636697769
3580,0.08819519728422165
3581,0.03661080822348595
3582,0.03595374524593353
3583,0.036407168954610825
3584,0.050797730684280396
3585,0.02636198326945305
3586,0.03681255877017975
3587,0.058352723717689514
3588,0.03845818340778351
3589,0.044413141906261444
3590,0.09147606045007706
3591,0.05371886119246483
3592,0.09366422891616821
3593,0.04920109361410141
3594,0.04504247382283211
3595,0.023441465571522713
3596,0.048073358833789825
3597,0.058933697640895844
3598,0.07896469533443451
3599,0.0346805714070797
3600,0.04337697476148605
3601,0.04397783428430557
3602,0.04433223605155945
3603,0.041884612292051315
3604,0.05973103642463684
3605,0.04283202439546585
3606,0.05359361693263054
3607,0.05862383544445038
3608,0.02468341961503029
3609,0.03253763169050217
3610,0.054840248078107834
3611,0.06586319953203201
3612,0.055230431258678436
3613,0.056923046708106995
3614,0.03376578539609909
3615,0.10881947726011276
3616,0.03639230504631996
3617,0.09413161873817444
3618,0.03852531313896179
3619,0.024513227865099907
3620,0.03451064974069595
3621,0.0681305006146431
3622,0.07262741774320602
3623,0.044358957558870316
3624,0.0629766583442688
3625,0.03957918658852577
3626,0.02489820308983326
3627,0.09598881751298904
3628,0.07226648181676865
3629,0.047758523374795914
3630,0.0860513374209404
3631,0.07893824577331543
3632,0.0748036652803421
3633,0.05195712298154831
3634,0.042612478137016296
3635,0.04321629926562309
3636,0.04858817160129547
3637,0.06425243616104126
3638,0.0537741556763649
3639,0.028418630361557007
3640,0.10649650543928146
3641,0.025554167106747627
3642,0.05206339806318283
3643,0.0379890613257885
3644,0.03909609466791153
3645,0.07112114876508713
3646,0.054974064230918884
3647,0.04292460158467293
3648,0.07288584113121033
3649,0.030459005385637283
3650,0.03889250010251999
3651,0.06504452228546143
3652,0.04213592782616615
3653,0.05551668256521225
3654,0.04595723748207092
3655,0.07440204918384552
3656,0.035981591790914536
3657,0.0245964452624321
3658,0.039010580629110336
3659,0.06360239535570145
3660,0.05757451802492142
3661,0.0567210428416729
3662,0.05678710341453552
3663,0.07152402400970459
3664,0.07102976739406586
3665,0.049573760479688644
3666,0.026282723993062973
3667,0.036570288240909576
3668,0.055079035460948944
3669,0.07299618422985077
3670,0.05794338509440422
3671,0.03739934042096138
3672,0.04305500537157059
3673,0.03164718300104141
3674,0.03699302673339844
3675,0.034429650753736496
3676,0.05808079242706299
3677,0.0565224215388298
3678,0.03425890579819679
3679,0.02811436355113983
3680,0.050468191504478455
3681,0.051171526312828064
3682,0.046150609850883484
3683,0.056145042181015015
3684,0.03811579942703247
3685,0.0551796481013298
3686,0.040153514593839645
3687,0.03050425462424755
3688,0.028468182310461998
3689,0.07854777574539185
3690,0.023298563435673714
3691,0.044250618666410446
3692,0.04079146310687065
3693,0.052409540861845016
3694,0.032817378640174866
3695,0.04743197560310364
3696,0.04171285033226013
3697,0.05972977355122566
3698,0.07082415372133255
3699,0.03968898952007294
3700,0.03686605766415596
3701,0.04527181014418602
3702,0.07049819082021713
3703,0.05050669237971306
3704,0.0320688895881176
3705,0.04191982001066208
3706,0.05711157247424126
3707,0.06611928343772888
3708,0.04363403096795082
3709,0.048123788088560104
3710,0.02385322004556656
3711,0.05403761565685272
3712,0.0628395676612854
3713,0.036008384078741074
3714,0.03659219294786453
3715,0.07557045668363571
3716,0.07503442466259003
3717,0.025962838903069496
3718,0.049660637974739075
3719,0.10068139433860779
3720,0.050164561718702316
3721,0.0381346195936203
3722,0.03197318688035011
3723,0.017757903784513474
3724,0.05838748812675476
3725,0.04471629112958908
3726,0.02841058187186718
3727,0.0883340910077095
3728,0.09936220198869705
3729,0.07381050288677216
3730,0.058881331235170364
3731,0.02944973297417164
3732,0.03723636269569397
3733,0.018806755542755127
3734,0.05039805918931961
3735,0.029482688754796982
3736,0.042456984519958496
3737,0.04587592929601669
3738,0.05148223787546158
3739,0.0351332426071167
3740,0.07754217833280563
3741,0.03502481058239937
3742,0.07298815250396729
3743,0.0380869023501873
3744,0.04493621364235878
3745,0.05287257954478264
3746,0.03833622485399246
3747,0.037940166890621185
3748,0.033542338758707047
3749,0.05590962618589401
3750,0.03421483188867569
3751,0.03287062793970108
3752,0.07450851052999496
3753,0.04336926341056824
3754,0.05576709657907486
3755,0.0776686742901802
3756,0.04151681438088417
3757,0.03427141159772873
3758,0.06467807292938232
3759,0.03214185684919357
3760,0.041224636137485504
3761,0.02262708730995655
3762,0.02279600128531456
3763,0.0428796112537384
3764,0.10982050001621246
3765,0.03235022723674774
3766,0.07564450800418854
3767,0.03967389091849327
3768,0.04111054912209511
3769,0.033042050898075104
3770,0.03244984894990921
3771,0.03579296916723251
3772,0.037091515958309174
3773,0.039001576602458954
3774,0.03315248340368271
3775,0.07074687629938126
3776,0.06064414605498314
3777,0.05326083302497864
3778,0.038486503064632416
3779,0.017526749521493912
3780,0.0755932554602623
3781,0.02789682149887085
3782,0.04456961154937744
3783,0.03048631362617016
3784,0.048619095236063004
3785,0.031322650611400604
3786,0.068193219602108
3787,0.02730662375688553
3788,0.041298940777778625
3789,0.03465506061911583
3790,0.040328625589609146
3791,0.048519086092710495
3792,0.04235721752047539
3793,0.033201467245817184
3794,0.07326456159353256
3795,0.03634142130613327
3796,0.060188934206962585
3797,0.03257777541875839
3798,0.0752233937382698
3799,0.02717410773038864
3800,0.06881985068321228
3801,0.029941007494926453
3802,0.03160635381937027
3803,0.03253810852766037
3804,0.04645567759871483
3805,0.03554004803299904
3806,0.05822773277759552
3807,0.032143812626600266
3808,0.05645761638879776
3809,0.08586820960044861
3810,0.05660257115960121
3811,0.03045831248164177
3812,0.06405814737081528
3813,0.07083766907453537
3814,0.06303206086158752
3815,0.03610086441040039
3816,0.034718722105026245
3817,0.056925151497125626
3818,0.041444506496191025
3819,0.026175107806921005
3820,0.049665991216897964
3821,0.050908412784338
3822,0.04331399127840996
3823,0.04641520977020264
3824,0.052261561155319214
3825,0.04023480787873268
3826,0.04390157386660576
3827,0.06430463492870331
3828,0.04745536670088768
3829,0.02962183579802513
3830,0.043998848646879196
3831,0.046911824494600296
3832,0.08142607659101486
3833,0.04795489087700844
3834,0.03516275808215141
3835,0.03994463384151459
3836,0.03197673708200455
3837,0.025355873629450798
3838,0.06699822098016739
3839,0.02252199500799179
3840,0.10092933475971222
3841,0.026667695492506027
3842,0.032426413148641586
3843,0.05922822654247284
3844,0.07610484957695007
3845,0.07885469496250153
3846,0.030365196987986565
3847,0.044472355395555496
3848,0.07469485700130463
3849,0.06334111839532852
3850,0.11271107941865921
3851,0.03493401035666466
3852,0.06937078386545181
3853,0.04393898695707321
3854,0.06377163529396057
3855,0.0334005169570446
3856,0.03505096957087517
3857,0.05667312815785408
3858,0.11516223847866058
3859,0.036774612963199615
3860,0.04319072887301445
3861,0.05072591081261635
3862,0.0935334637761116
3863,0.025995736941695213
3864,0.07349657267332077
3865,0.029396304860711098
3866,0.04621356725692749
3867,0.02907506562769413
3868,0.06370490044355392
3869,0.09498108178377151
3870,0.06819766759872437
3871,0.03625747933983803
3872,0.02109813131392002
3873,0.03939880058169365
3874,0.04502891004085541
3875,0.0625394880771637
3876,0.06171879917383194
3877,0.0415789857506752
3878,0.07498018443584442
3879,0.05004705488681793
3880,0.03340289741754532
3881,0.12203473597764969
3882,0.0404321551322937
3883,0.03353472426533699
3884,0.034885235130786896
3885,0.02890881896018982
3886,0.07853221893310547
3887,0.034346047788858414
3888,0.044987790286540985
3889,0.078818179666996
3890,0.034701649099588394
3891,0.03561325743794441
3892,0.03747311234474182
3893,0.07865964621305466
3894,0.06140591576695442
3895,0.062412165105342865
3896,0.08591660857200623
3897,0.05910748988389969
3898,0.04387230798602104
3899,0.0537613108754158
3900,0.08042065054178238
3901,0.056755319237709045
3902,0.04384959489107132
3903,0.06948447227478027
3904,0.048963505774736404
3905,0.09613034874200821
3906,0.03358263894915581
3907,0.05215978994965553
3908,0.05540399253368378
3909,0.05092179402709007
3910,0.05791889503598213
3911,0.034720391035079956
3912,0.04651124030351639
3913,0.038993291556835175
3914,0.03790101408958435
3915,0.03956059738993645
3916,0.13409514725208282
3917,0.0325089693069458
3918,0.042169127613306046
3919,0.06921827048063278
3920,0.05007284879684448
3921,0.074240542948246
3922,0.054133228957653046
3923,0.08226132392883301
3924,0.018110062927007675
3925,0.053839750587940216
3926,0.03427868336439133
3927,0.09187717735767365
3928,0.09518682211637497
3929,0.03036431223154068
3930,0.03180801495909691
3931,0.03133488446474075
3932,0.11837957799434662
3933,0.03619006276130676
3934,0.06085873022675514
3935,0.09152044355869293
3936,0.030434448271989822
3937,0.03449755162000656
3938,0.02452937513589859
3939,0.024444999173283577
3940,0.08301247656345367
3941,0.03616594895720482
3942,0.03611040860414505
3943,0.048119597136974335
3944,0.042192574590444565
3945,0.039451777935028076
3946,0.017774216830730438
3947,0.05676112323999405
3948,0.04819728061556816
3949,0.04977760836482048
3950,0.06102568656206131
3951,0.027636734768748283
3952,0.05468267202377319
3953,0.05173815041780472
3954,0.10347767174243927
3955,0.058604221791028976
3956,0.05096934735774994
3957,0.04534308612346649
3958,0.023332364857196808
3959,0.05508893355727196
3960,0.06335319578647614
3961,0.064152792096138
3962,0.03740300238132477
3963,0.05647106096148491
3964,0.023513667285442352
3965,0.04524076730012894
3966,0.06321531534194946
3967,0.06662087887525558
3968,0.08449159562587738
3969,0.04470549151301384
3970,0.03797369822859764
3971,0.04805687069892883
3972,0.032633908092975616
3973,0.0422956645488739
3974,0.03269345685839653
3975,0.11732984334230423
3976,0.02842877060174942
3977,0.056991349905729294
3978,0.03667668625712395
3979,0.05041641741991043
3980,0.06634346395730972
3981,0.027973439544439316
3982,0.10819216072559357
3983,0.05608358234167099
3984,0.03955922648310661
3985,0.04161064326763153
3986,0.033829186111688614
3987,0.054749857634305954
3988,0.05953867733478546
3989,0.05296149477362633
3990,0.044126786291599274
3991,0.027706455439329147
3992,0.07350682467222214
3993,0.06298600882291794
3994,0.06245184689760208
3995,0.03224986419081688
3996,0.03330099955201149
3997,0.04610595852136612
3998,0.10256466269493103
3999,0.03085169941186905
4000,0.035412225872278214
4001,0.03566272184252739
4002,0.025426486507058144
4003,0.038385652005672455
4004,0.07214715331792831
4005,0.07255135476589203
4006,0.058391883969306946
4007,0.049724459648132324
4008,0.03291373699903488
4009,0.05447943136096001
4010,0.03582775220274925
4011,0.04603886231780052
4012,0.06530595570802689
4013,0.025333669036626816
4014,0.05015619844198227
4015,0.024487018585205078
4016,0.05031941458582878
4017,0.039774466305971146
4018,0.0618855282664299
4019,0.026068594306707382
4020,0.04684508964419365
4021,0.029162507504224777
4022,0.029663559049367905
4023,0.10022153705358505
4024,0.03984282165765762
4025,0.06314902752637863
4026,0.06130294129252434
4027,0.054053593426942825
4028,0.06751100718975067
4029,0.061622414737939835
4030,0.08177296817302704
4031,0.046700622886419296
4032,0.061936162412166595
4033,0.025922946631908417
4034,0.05824561044573784
4035,0.06319861859083176
4036,0.03693772852420807
4037,0.03575270622968674
4038,0.11054083704948425
4039,0.038495685905218124
4040,0.05350164324045181
4041,0.05120744928717613
4042,0.030446946620941162
4043,0.0462089367210865
4044,0.07183121144771576
4045,0.05144163593649864
4046,0.06885955482721329
4047,0.035260025411844254
4048,0.025048429146409035
4049,0.03095826879143715
4050,0.0453975610435009
4051,0.03981994092464447
4052,0.04953998699784279
4053,0.05361354351043701
4054,0.09172695130109787
4055,0.0458911769092083
4056,0.038947273045778275
4057,0.039835039526224136
4058,0.05824771523475647
4059,0.05775483325123787
4060,0.05260998383164406
4061,0.04818642884492874
4062,0.06425289064645767
4063,0.07102412730455399
4064,0.032496027648448944
4065,0.041071970015764236
4066,0.040185295045375824
4067,0.05384862422943115
4068,0.0417778342962265
4069,0.08286233246326447
4070,0.025640662759542465
4071,0.0174945667386055
4072,0.0266274306923151
4073,0.05394802242517471
4074,0.03425441309809685
4075,0.04645214602351189
4076,0.027786152437329292
4077,0.03682947903871536
4078,0.062134336680173874
4079,0.04752207174897194
4080,0.05090000480413437
4081,0.032539911568164825
4082,0.02973151206970215
4083,0.05540815368294716
4084,0.08061917126178741
4085,0.03066561184823513
4086,0.0673774927854538
4087,0.04287450760602951
4088,0.0471939891576767
4089,0.036060631275177
4090,0.07233235985040665
4091,0.05937575921416283
4092,0.08957020193338394
4093,0.04596932232379913
4094,0.05400373041629791
4095,0.0237249918282032
4096,0.031198449432849884
4097,0.036088235676288605
4098,0.09259886294603348
4099,0.027654720470309258
4100,0.043874431401491165
4101,0.051936689764261246
4102,0.0500187911093235
4103,0.018281998112797737
4104,0.01830386556684971
4105,0.04670105129480362
4106,0.06909170746803284
4107,0.03560555726289749
4108,0.03242701292037964
4109,0.02928459271788597
4110,0.05029419809579849
4111,0.04969879239797592
4112,0.04134063050150871
4113,0.054718222469091415
4114,0.043976493179798126
4115,0.025453416630625725
4116,0.03974742442369461
4117,0.054161328822374344
4118,0.05312364175915718
4119,0.0414251908659935
4120,0.02492566779255867
4121,0.031293321400880814
4122,0.03497948497533798
4123,0.04800834506750107
4124,0.09110111743211746
4125,0.052298177033662796
4126,0.0571901760995388
4127,0.025748705491423607
4128,0.03335950896143913
4129,0.06773412972688675
4130,0.04171224310994148
4131,0.09509219229221344
4132,0.0830136090517044
4133,0.04170390963554382
4134,0.04403288662433624
4135,0.13521786034107208
4136,0.04300319403409958
4137,0.049304500222206116
4138,0.040942706167697906
4139,0.05785343423485756
4140,0.08197233825922012
4141,0.03374294564127922
4142,0.030509375035762787
4143,0.041445210576057434
4144,0.06633655726909637
4145,0.02244344912469387
4146,0.06967071443796158
4147,0.03510494530200958
4148,0.049956612288951874
4149,0.0607452429831028
4150,0.05950615927577019
4151,0.0563349649310112
4152,0.03341114521026611
4153,0.04615715891122818
4154,0.060847602784633636
4155,0.08069107681512833
4156,0.03980538621544838
4157,0.052153147757053375
4158,0.037253811955451965
4159,0.12466907501220703
4160,0.056548330932855606
4161,0.05344020575284958
4162,0.03539024293422699
4163,0.0699085146188736
4164,0.029638048261404037
4165,0.0236976221203804
4166,0.040031254291534424
4167,0.05353391543030739
4168,0.03257647901773453
4169,0.056784678250551224
4170,0.07243525236845016
4171,0.039275459945201874
4172,0.06297369301319122
4173,0.03637227788567543
4174,0.036467716097831726
4175,0.034615013748407364
4176,0.02991529181599617
4177,0.034911416471004486
4178,0.04171285405755043
4179,0.027385199442505836
4180,0.03697634115815163
4181,0.029017435386776924
4182,0.03776904195547104
4183,0.06237045302987099
4184,0.044251441955566406
4185,0.05355050787329674
4186,0.020087771117687225
4187,0.027364607900381088
4188,0.05654988810420036
4189,0.041330527514219284
4190,0.0867072343826294
4191,0.029359981417655945
4192,0.03903261572122574
4193,0.03506860509514809
4194,0.039604682475328445
4195,0.10374349355697632
4196,0.04330592602491379
4197,0.023577557876706123
4198,0.03737638145685196
4199,0.04060908406972885
4200,0.02205805480480194
4201,0.04175877198576927
4202,0.06363464891910553
4203,0.035807348787784576
4204,0.05821722745895386
4205,0.029384814202785492
4206,0.04839213937520981
4207,0.07817626744508743
4208,0.051632996648550034
4209,0.04881121963262558
4210,0.06550710648298264
4211,0.039020851254463196
4212,0.06533403694629669
4213,0.0318448431789875
4214,0.04509413614869118
4215,0.0584365539252758
4216,0.024289032444357872
4217,0.03879469260573387
4218,0.07603538036346436
4219,0.039607029408216476
4220,0.03764151781797409
4221,0.041974954307079315
4222,0.031109655275940895
4223,0.046675097197294235
4224,0.04647301882505417
4225,0.10379678010940552
4226,0.04559076204895973
4227,0.03072122484445572
4228,0.06573473662137985
4229,0.06727779656648636
4230,0.029675733298063278
4231,0.05714407563209534
4232,0.09534790366888046
4233,0.037708036601543427
4234,0.06978455930948257
4235,0.03450176492333412
4236,0.03553427755832672
4237,0.05354469642043114
4238,0.04095277562737465
4239,0.059853777289390564
4240,0.018284620717167854
4241,0.030632205307483673
4242,0.029349150136113167
4243,0.054977644234895706
4244,0.031505193561315536
4245,0.06444069743156433
4246,0.03773608058691025
4247,0.06256873905658722
4248,0.025978894904255867
4249,0.04279172420501709
4250,0.02024642378091812
4251,0.06549636274576187
4252,0.020396150648593903
4253,0.028031131252646446
4254,0.05350103601813316
4255,0.06852208077907562
4256,0.028081584721803665
4257,0.033161308616399765
4258,0.03421477973461151
4259,0.05311950296163559
4260,0.03059116005897522
4261,0.06946533173322678
4262,0.056151121854782104
4263,0.03579740598797798
4264,0.059976883232593536
4265,0.07549732178449631
4266,0.047777652740478516
4267,0.025836391374468803
4268,0.0211864672601223
4269,0.024583110585808754
4270,0.08614814281463623
4271,0.06692041456699371
4272,0.02643479034304619
4273,0.037511471658945084
4274,0.0332888625562191
4275,0.04425279051065445
4276,0.034431092441082
4277,0.025155503302812576
4278,0.03351333737373352
4279,0.08945522457361221
4280,0.03594429790973663
4281,0.01829320378601551
4282,0.033272914588451385
4283,0.05188211426138878
4284,0.03848451375961304
4285,0.03862162306904793
4286,0.027333740144968033
4287,0.05133385956287384
4288,0.031154494732618332
4289,0.03109239786863327
4290,0.05206390097737312
4291,0.029849030077457428
4292,0.04433367773890495
4293,0.03415520116686821
4294,0.08219646662473679
4295,0.03167872875928879
4296,0.08636249601840973
4297,0.06691120564937592
4298,0.08439874649047852
4299,0.04254550114274025
4300,0.0895896926522255
4301,0.03454116731882095
4302,0.05476619303226471
4303,0.020961659029126167
4304,0.07373829185962677
4305,0.04230865091085434
4306,0.029795149341225624
4307,0.06211131066083908
4308,0.05850456282496452
4309,0.03667011857032776
4310,0.022453593090176582
4311,0.0615488737821579
4312,0.03782416135072708
4313,0.027029655873775482
4314,0.034390177577733994
4315,0.060774918645620346
4316,0.019625619053840637
4317,0.05875459685921669
4318,0.06490084528923035
4319,0.044589169323444366
4320,0.04129203408956528
4321,0.04504810646176338
4322,0.05852283537387848
4323,0.051194559782743454
4324,0.03791767358779907
4325,0.041042204946279526
4326,0.06335900723934174
4327,0.03805169090628624
4328,0.04127872362732887
4329,0.04982182756066322
4330,0.05301358178257942
4331,0.0688958689570427
4332,0.06328678131103516
4333,0.048254989087581635
4334,0.030737867578864098
4335,0.04704185947775841
4336,0.09932492673397064
4337,0.04600963369011879
4338,0.03129739686846733
4339,0.018864965066313744
4340,0.05099225044250488
4341,0.04431196302175522
4342,0.07075098156929016
4343,0.05057205259799957
4344,0.04798845946788788
4345,0.07930244505405426
4346,0.059408001601696014
4347,0.07800929993391037
4348,0.051970891654491425
4349,0.047161348164081573
4350,0.04414614662528038
4351,0.06904678046703339
4352,0.03557673841714859
4353,0.049832455813884735
4354,0.027490930631756783
4355,0.10482539981603622
4356,0.03326164558529854
4357,0.06129571795463562
4358,0.04891668260097504
4359,0.05011232569813728
4360,0.07484288513660431
4361,0.046977754682302475
4362,0.04140811040997505
4363,0.0413745641708374
4364,0.05837878957390785
4365,0.029932668432593346
4366,0.03925253450870514
4367,0.040760088711977005
4368,0.07086002081632614
4369,0.028434637933969498
4370,0.09378616511821747
4371,0.05119609087705612
4372,0.0369657427072525
4373,0.03126983344554901
4374,0.05589081346988678
4375,0.12493816018104553
4376,0.04228467494249344
4377,0.04276271164417267
4378,0.04708332195878029
4379,0.04890615493059158
4380,0.040735386312007904
4381,0.03646146506071091
4382,0.027213087305426598
4383,0.04601482301950455
4384,0.05618007853627205
4385,0.07585129141807556
4386,0.033108361065387726
4387,0.08854980021715164
4388,0.08582326024770737
4389,0.02781125158071518
4390,0.042507849633693695
4391,0.03435150906443596
4392,0.0254739411175251
4393,0.04887805134057999
4394,0.10310748219490051
4395,0.03926501423120499
4396,0.025194507092237473
4397,0.06738319247961044
4398,0.07835881412029266
4399,0.08607102185487747
4400,0.037120841443538666
4401,0.05223408713936806
4402,0.08252740651369095
4403,0.03637512028217316
4404,0.03151145949959755
4405,0.07534852623939514
4406,0.05050946772098541
4407,0.062176771461963654
4408,0.10453400015830994
4409,0.04527606442570686
4410,0.039221011102199554
4411,0.04616199806332588
4412,0.05737341567873955
4413,0.050744518637657166
4414,0.05030500143766403
4415,0.03759948909282684
4416,0.04757169634103775
4417,0.03632035106420517
4418,0.06635831296443939
4419,0.060058943927288055
4420,0.07376159727573395
4421,0.039970919489860535
4422,0.037029240280389786
4423,0.07087889313697815
4424,0.07421214133501053
4425,0.037495825439691544
4426,0.04660023748874664
4427,0.03957801312208176
4428,0.05731552466750145
4429,0.06232690066099167
4430,0.09034864604473114
4431,0.027603529393672943
4432,0.028605785220861435
4433,0.035822562873363495
4434,0.05882565304636955
4435,0.02007683925330639
4436,0.04593024030327797
4437,0.03415471315383911
4438,0.06948170065879822
4439,0.06818566471338272
4440,0.054592352360486984
4441,0.029372921213507652
4442,0.09183141589164734
4443,0.05098201334476471
4444,0.040567681193351746
4445,0.04624847322702408
4446,0.05759092792868614
4447,0.04254228249192238
4448,0.07362979650497437
4449,0.055162277072668076
4450,0.06538260728120804
4451,0.05191788077354431
4452,0.06228267028927803
4453,0.11187916249036789
4454,0.034061793237924576
4455,0.026552850380539894
4456,0.0442684069275856
4457,0.0869329422712326
4458,0.05775457248091698
4459,0.06541084498167038
4460,0.06167242303490639
4461,0.08535054326057434
4462,0.03520464152097702
4463,0.04157845675945282
4464,0.0295583326369524
4465,0.02634463459253311
4466,0.04838702827692032
4467,0.044207897037267685
4468,0.04628540575504303
4469,0.03344745934009552
4470,0.0455828495323658
4471,0.055502962321043015
4472,0.07984666526317596
4473,0.023812497034668922
4474,0.05625203251838684
4475,0.03948725387454033
4476,0.03924498334527016
4477,0.05146554484963417
4478,0.033781763166189194
4479,0.03495503216981888
4480,0.026388539001345634
4481,0.05192537605762482
4482,0.04153481870889664
4483,0.018505116924643517
4484,0.0556529201567173
4485,0.1544642597436905
4486,0.05100787431001663
4487,0.036959391087293625
4488,0.036845430731773376
4489,0.038470350205898285
4490,0.06782931834459305
4491,0.025335313752293587
4492,0.034957390278577805
4493,0.06301193684339523
4494,0.045324694365262985
4495,0.05001925304532051
4496,0.03379489481449127
4497,0.042367879301309586
4498,0.04714440926909447
4499,0.03691396489739418
4500,0.0310163926333189
4501,0.049555644392967224
4502,0.01999601721763611
4503,0.04765792191028595
4504,0.07444984465837479
4505,0.04690706729888916
4506,0.03598763048648834
4507,0.022907497361302376
4508,0.03779200091958046
4509,0.03336258605122566
4510,0.06882932782173157
4511,0.025169728323817253
4512,0.044194865971803665
4513,0.03340217471122742
4514,0.03358222171664238
4515,0.038346726447343826
4516,0.048926860094070435
4517,0.06761135905981064
4518,0.029393669217824936
4519,0.03088955581188202
4520,0.0314994752407074
4521,0.031654100865125656
4522,0.037728410214185715
4523,0.06385212391614914
4524,0.061318133026361465
4525,0.04443728178739548
4526,0.028858140110969543
4527,0.020686298608779907
4528,0.0593121200799942
4529,0.03286539018154144
4530,0.04817536473274231
4531,0.041704416275024414
4532,0.03054605796933174
4533,0.05537588521838188
4534,0.02236204780638218
4535,0.029527736827731133
4536,0.053854022175073624
4537,0.026895470917224884
4538,0.040770262479782104
4539,0.018168730661273003
4540,0.02702903002500534
4541,0.02835753560066223
4542,0.03498910740017891
4543,0.023702865466475487
4544,0.0186171717941761
4545,0.06953402608633041
4546,0.03193055838346481
4547,0.029264086857438087
4548,0.03661589324474335
4549,0.022773759439587593
4550,0.04736139625310898
4551,0.05793982371687889
4552,0.061133649200201035
4553,0.06253655254840851
4554,0.06152215600013733
4555,0.0377260223031044
4556,0.0335640050470829
4557,0.02700142189860344
4558,0.04835835471749306
4559,0.037994347512722015
4560,0.026136785745620728
4561,0.02891337126493454
4562,0.039288587868213654
4563,0.04834190756082535
4564,0.031104836612939835
4565,0.047841574996709824
4566,0.0765555128455162
4567,0.023545634001493454
4568,0.0758698508143425
4569,0.03182731941342354
4570,0.06288628280162811
4571,0.051481302827596664
4572,0.033006392419338226
4573,0.07691852003335953
4574,0.04627009853720665
4575,0.08046706020832062
4576,0.039902880787849426
4577,0.038489699363708496
4578,0.07605361938476562
4579,0.049903832376003265
4580,0.02983097732067108
4581,0.05861099809408188
4582,0.05665604770183563
4583,0.04776707664132118
4584,0.05316314473748207
4585,0.06129183620214462
4586,0.05296897143125534
4587,0.04451126232743263
4588,0.052707284688949585
4589,0.03800653666257858
4590,0.09944817423820496
4591,0.07074705511331558
4592,0.02622419036924839
4593,0.03907964378595352
4594,0.04578130692243576
4595,0.06733465194702148
4596,0.038337819278240204
4597,0.04832436889410019
4598,0.06580670922994614
4599,0.09224078059196472
4600,0.058966100215911865
4601,0.03542551025748253
4602,0.04190342500805855
4603,0.0553414523601532
4604,0.025019416585564613
4605,0.028727665543556213
4606,0.07308143377304077
4607,0.03775304928421974
4608,0.10922585427761078
4609,0.04828586429357529
4610,0.0455344133079052
4611,0.04933255538344383
4612,0.05867914482951164
4613,0.051041167229413986
4614,0.051740437746047974
4615,0.06641528010368347
4616,0.045597516000270844
4617,0.027811327949166298
4618,0.03178207576274872
4619,0.06597679853439331
4620,0.09242687374353409
4621,0.027484821155667305
4622,0.07804545760154724
4623,0.052659351378679276
4624,0.054640788584947586
4625,0.04904509335756302
4626,0.053724177181720734
4627,0.05417724698781967
4628,0.04984673485159874
4629,0.03952404484152794
4630,0.05827073007822037
4631,0.04761858284473419
4632,0.029872318729758263
4633,0.028312567621469498
4634,0.061347100883722305
4635,0.07480831444263458
4636,0.03244248032569885
4637,0.035920679569244385
4638,0.027792690321803093
4639,0.04139065369963646
4640,0.029160235077142715
4641,0.05499212071299553
4642,0.04572407901287079
4643,0.09600074589252472
4644,0.05069464445114136
4645,0.043487951159477234
4646,0.02762085199356079
4647,0.046483997255563736
4648,0.05475851148366928
4649,0.05363084375858307
4650,0.027201272547245026
4651,0.06733707338571548
4652,0.040405359119176865
4653,0.028135010972619057
4654,0.02163734659552574
4655,0.04628778249025345
4656,0.04288455843925476
4657,0.049638938158750534
4658,0.03155583143234253
4659,0.039825811982154846
4660,0.03643962740898132
4661,0.03844267874956131
4662,0.03038233332335949
4663,0.06263063102960587
4664,0.054991986602544785
4665,0.03941454365849495
4666,0.0541960671544075
4667,0.04898631200194359
4668,0.07399846613407135
4669,0.049853596836328506
4670,0.06348055601119995
4671,0.042982831597328186
4672,0.05381104722619057
4673,0.0464579313993454
4674,0.06631414592266083
4675,0.022752244025468826
4676,0.0309804305434227
4677,0.04684360325336456
4678,0.031907789409160614
4679,0.04427195340394974
4680,0.0409407876431942
4681,0.02320828102529049
4682,0.0398726649582386
4683,0.03534127026796341
4684,0.044337790459394455
4685,0.02639402449131012
4686,0.02364737167954445
4687,0.08719497174024582
4688,0.043679721653461456
4689,0.02419508434832096
4690,0.05906255170702934
4691,0.06376277655363083
4692,0.04947032034397125
4693,0.04052894562482834
4694,0.030553855001926422
4695,0.034482233226299286
4696,0.07382726669311523
4697,0.03280283883213997
4698,0.07016459107398987
4699,0.03753301501274109
4700,0.03534280136227608
4701,0.04777354747056961
4702,0.03600944206118584
4703,0.029462482780218124
4704,0.043068595230579376
4705,0.030606867745518684
4706,0.06504887342453003
4707,0.025195468217134476
4708,0.038506072014570236
4709,0.07495298236608505
4710,0.06809115409851074
4711,0.026278456673026085
4712,0.05754050612449646
4713,0.07558871060609818
4714,0.06436625123023987
4715,0.022331837564706802
4716,0.026808205991983414
4717,0.04575842618942261
4718,0.04133576899766922
4719,0.0601588673889637
4720,0.03131876513361931
4721,0.0397258922457695
4722,0.07099049538373947
4723,0.07901059836149216
4724,0.053135305643081665
4725,0.042076580226421356
4726,0.03280125930905342
4727,0.06836595386266708
4728,0.03847336769104004
4729,0.04875602573156357
4730,0.038426723331213
4731,0.06620665639638901
4732,0.0412321537733078
4733,0.048083558678627014
4734,0.09441697597503662
4735,0.06701698154211044
4736,0.08397763967514038
4737,0.043078165501356125
4738,0.08038046211004257
4739,0.04373515024781227
4740,0.09233928471803665
4741,0.04671141877770424
4742,0.07015902549028397
4743,0.03889380395412445
4744,0.04024533927440643
4745,0.03881251811981201
4746,0.042724091559648514
4747,0.052838340401649475
4748,0.06825998425483704
4749,0.0618751235306263
4750,0.04029427468776703
4751,0.04339590668678284
4752,0.060997430235147476
4753,0.07190132141113281
4754,0.03300543874502182
4755,0.07369312644004822
4756,0.04918922856450081
4757,0.09970546513795853
4758,0.055852048099040985
4759,0.03786371275782585
4760,0.03794189170002937
4761,0.039573874324560165
4762,0.06386186927556992
4763,0.05548521503806114
4764,0.03524652495980263
4765,0.08118953555822372
4766,0.03675059229135513
4767,0.05588045343756676
4768,0.033888187259435654
4769,0.049017928540706635
4770,0.0340205654501915
4771,0.021799027919769287
4772,0.03822525590658188
4773,0.04355299472808838
4774,0.0501660481095314
4775,0.09839463979005814
4776,0.05942128598690033
4777,0.053383659571409225
4778,0.05515285208821297
4779,0.02898978814482689
4780,0.0363035574555397
4781,0.03372660279273987
4782,0.03656938672065735
4783,0.02536117471754551
4784,0.052499666810035706
4785,0.05146277695894241
4786,0.0732036679983139
4787,0.02884175442159176
4788,0.02557353861629963
4789,0.03202153369784355
4790,0.037621647119522095
4791,0.03751742094755173
4792,0.06784830242395401
4793,0.032932545989751816
4794,0.03103887289762497
4795,0.034045908600091934
4796,0.0253923162817955
4797,0.07127086818218231
4798,0.048689693212509155
4799,0.056316547095775604
4800,0.03470085561275482
4801,0.027442703023552895
4802,0.07102851569652557
4803,0.0211500134319067
4804,0.05272533372044563
4805,0.11041510105133057
4806,0.04769955575466156
4807,0.04519028589129448
4808,0.028408648446202278
4809,0.12186479568481445
4810,0.06412722915410995
4811,0.02762325294315815
4812,0.062470000237226486
4813,0.05469062924385071
4814,0.058993808925151825
4815,0.06320289522409439
4816,0.0520138256251812
4817,0.03436131030321121
4818,0.06746594607830048
4819,0.0628851130604744
4820,0.03934822976589203
4821,0.04252694547176361
4822,0.03159087151288986
4823,0.04660160839557648
4824,0.04807053506374359
4825,0.053477320820093155
4826,0.026692260056734085
4827,0.04053351283073425
4828,0.05639984831213951
4829,0.05569399148225784
4830,0.038421884179115295
4831,0.046612855046987534
4832,0.028544956818223
4833,0.03082193247973919
4834,0.05532853305339813
4835,0.06448023021221161
4836,0.07332217693328857
4837,0.03757818043231964
4838,0.036207444965839386
4839,0.04089287668466568
4840,0.03785109147429466
4841,0.039454370737075806
4842,0.034113768488168716
4843,0.03367578238248825
4844,0.03531640022993088
4845,0.039411723613739014
4846,0.022896140813827515
4847,0.03332994878292084
4848,0.05027119815349579
4849,0.03508787974715233
4850,0.03997937589883804
4851,0.024100054055452347
4852,0.04084809869527817
4853,0.03561730310320854
4854,0.04900417476892471
4855,0.05511348694562912
4856,0.038026370108127594
4857,0.03556244820356369
4858,0.0619141049683094
4859,0.023251958191394806
4860,0.038015756756067276
4861,0.03371464088559151
4862,0.03714538738131523
4863,0.02526966482400894
4864,0.05770069360733032
4865,0.024062516167759895
4866,0.024622349068522453
4867,0.03182396665215492
4868,0.060556910932064056
4869,0.07428308576345444
4870,0.055860985070466995
4871,0.050299011170864105
4872,0.06922559440135956
4873,0.04352917894721031
4874,0.05267889052629471
4875,0.061068303883075714
4876,0.054733604192733765
4877,0.04593949764966965
4878,0.03404312580823898
4879,0.027880461886525154
4880,0.04610828310251236
4881,0.0412348173558712
4882,0.02127082087099552
4883,0.0520317479968071
4884,0.02860593982040882
4885,0.03402724489569664
4886,0.0313960500061512
4887,0.031758468598127365
4888,0.06530410796403885
4889,0.045833736658096313
4890,0.04731139540672302
4891,0.0521390438079834
4892,0.02728339098393917
4893,0.0526924729347229
4894,0.052207399159669876
4895,0.06690715998411179
4896,0.06336197257041931
4897,0.046232253313064575
4898,0.07757891714572906
4899,0.03152824938297272
4900,0.03301136568188667
4901,0.05647065490484238
4902,0.03179137408733368
4903,0.02365139126777649
4904,0.028301062062382698
4905,0.05869900807738304
4906,0.05585552006959915
4907,0.039085354655981064
4908,0.06209290027618408
4909,0.024431610479950905
4910,0.08702622354030609
4911,0.03470906242728233
4912,0.04410979896783829
4913,0.051067620515823364
4914,0.05996149033308029
4915,0.025091657415032387
4916,0.046637509018182755
4917,0.0642048791050911
4918,0.034361135214567184
4919,0.02514627017080784
4920,0.026912830770015717
4921,0.06034570932388306
4922,0.02667773701250553
4923,0.02188994735479355
4924,0.05129196494817734
4925,0.08633647114038467
4926,0.0929160863161087
4927,0.039156537503004074
4928,0.032719433307647705
4929,0.09610181301832199
4930,0.06299469619989395
4931,0.04722999408841133
4932,0.11117297410964966
4933,0.03122347593307495
4934,0.02182009071111679
4935,0.02989831008017063
4936,0.05215120315551758
4937,0.041245877742767334
4938,0.040594927966594696
4939,0.07712926715612411
4940,0.02882961742579937
4941,0.03277953714132309
4942,0.024955108761787415
4943,0.07850298285484314
4944,0.0513138622045517
4945,0.060795657336711884
4946,0.012932997196912766
4947,0.025812365114688873
4948,0.03666131570935249
4949,0.02746734395623207
4950,0.03940870612859726
4951,0.04175931215286255
4952,0.05809769406914711
4953,0.060237593948841095
4954,0.03704370930790901
4955,0.03222697600722313
4956,0.04357987269759178
4957,0.03124340809881687
4958,0.03828893601894379
4959,0.04073523357510567
4960,0.09232035279273987
4961,0.04781261086463928
4962,0.021176859736442566
4963,0.034586355090141296
4964,0.033717311918735504
4965,0.02564442902803421
4966,0.029816649854183197
4967,0.036046478897333145
4968,0.03551925718784332
4969,0.02783810719847679
4970,0.037017811089754105
4971,0.06548288464546204
4972,0.019706644117832184
4973,0.08356194198131561
4974,0.06067800894379616
4975,0.030631478875875473
4976,0.02721327170729637
4977,0.034064143896102905
4978,0.06502870470285416
4979,0.032494205981492996
4980,0.03192118927836418
4981,0.03496535122394562
4982,0.030603690072894096
4983,0.024632779881358147
4984,0.025054333731532097
4985,0.0564466193318367
4986,0.02459307387471199
4987,0.04391545429825783
4988,0.04253233224153519
4989,0.07457750290632248
4990,0.06349296122789383
4991,0.05637061595916748
4992,0.04224685579538345
4993,0.06155946105718613
4994,0.02889006957411766
4995,0.039595771580934525
4996,0.0339394211769104
4997,0.02407732978463173
4998,0.05305000767111778
4999,0.03537368029356003
5000,0.029781129211187363
5001,0.02500346675515175
5002,0.026011569425463676
5003,0.03692788630723953
5004,0.07335585355758667
5005,0.024225234985351562
5006,0.06155286356806755
5007,0.030731888487935066
5008,0.05131200700998306
5009,0.04832683503627777
5010,0.055399179458618164
5011,0.07689497619867325
5012,0.03670912981033325
5013,0.08963485062122345
5014,0.06398779153823853
5015,0.060763806104660034
5016,0.0665435791015625
5017,0.047334685921669006
5018,0.06753960251808167
5019,0.04394207149744034
5020,0.07418767362833023
5021,0.04244374856352806
5022,0.05537926033139229
5023,0.061467792838811874
5024,0.046253032982349396
5025,0.03442322462797165
5026,0.032285019755363464
5027,0.032917317003011703
5028,0.06080580875277519
5029,0.027335310354828835
5030,0.05733635276556015
5031,0.04187281057238579
5032,0.034907128661870956
5033,0.03656501695513725
5034,0.0749560296535492
5035,0.030355233699083328
5036,0.0485563725233078
5037,0.07707533985376358
5038,0.039537057280540466
5039,0.048032280057668686
5040,0.030887208878993988
5041,0.09051734954118729
5042,0.0680331215262413
5043,0.0418730191886425
5044,0.052176740020513535
5045,0.055132895708084106
5046,0.033592935651540756
5047,0.047428593039512634
5048,0.03732496127486229
5049,0.025632482022047043
5050,0.025283975526690483
5051,0.014227798208594322
5052,0.0442139208316803
5053,0.08903378248214722
5054,0.03470892086625099
5055,0.0554710254073143
5056,0.05100327730178833
5057,0.05836299806833267
5058,0.03269925341010094
5059,0.04478275775909424
5060,0.0660344660282135
5061,0.07562355697154999
5062,0.0511694960296154
5063,0.045052677392959595
5064,0.043389368802309036
5065,0.051597192883491516
5066,0.049493759870529175
5067,0.09645479172468185
5068,0.06771735101938248
5069,0.058469418436288834
5070,0.07116567343473434
5071,0.055076904594898224
5072,0.07774310559034348
5073,0.04596761241555214
5074,0.049291808158159256
5075,0.051054224371910095
5076,0.037164121866226196
5077,0.042462121695280075
5078,0.06282706558704376
5079,0.06402406841516495
5080,0.05063103139400482
5081,0.05605674535036087
5082,0.0506005734205246
5083,0.03258434310555458
5084,0.09588152170181274
5085,0.03291480615735054
5086,0.043575432151556015
5087,0.07031064480543137
5088,0.04861915484070778
5089,0.03979175537824631
5090,0.04267815500497818
5091,0.05946886166930199
5092,0.04533185064792633
5093,0.033250074833631516
5094,0.021164126694202423
5095,0.0685654729604721
5096,0.027893831953406334
5097,0.05210433155298233
5098,0.0392581969499588
5099,0.060795851051807404
5100,0.06152000650763512
5101,0.08823215216398239
5102,0.04795720428228378
5103,0.046488311141729355
5104,0.05959218740463257
5105,0.05418648570775986
5106,0.03329860419034958
5107,0.042719822376966476
5108,0.05594096705317497
5109,0.041359979659318924
5110,0.04548700526356697
5111,0.03928010165691376
5112,0.017711210995912552
5113,0.10973043739795685
5114,0.03661360219120979
5115,0.06557554751634598
5116,0.06418662518262863
5117,0.02676047571003437
5118,0.0382956862449646
5119,0.03632727637887001
5120,0.05196075513958931
5121,0.029664117842912674
5122,0.03491736948490143
5123,0.058594733476638794
5124,0.038372885435819626
5125,0.022613525390625
5126,0.034127745777368546
5127,0.057379186153411865
5128,0.022638238966464996
5129,0.030809221789240837
5130,0.06940782070159912
5131,0.040534619241952896
5132,0.04467153549194336
5133,0.05076257884502411
5134,0.049755699932575226
5135,0.029789317399263382
5136,0.02715298905968666
5137,0.03479011356830597
5138,0.06737218797206879
5139,0.0727325826883316
5140,0.05281493067741394
5141,0.03340880945324898
5142,0.026658063754439354
5143,0.05562862381339073
5144,0.026293238624930382
5145,0.03812074288725853
5146,0.021852729842066765
5147,0.0505729615688324
5148,0.03226373717188835
5149,0.03146367892622948
5150,0.03854703530669212
5151,0.05393970012664795
5152,0.04713790491223335
5153,0.05319783836603165
5154,0.05498223006725311
5155,0.05942794680595398
5156,0.04607505351305008
5157,0.029668428003787994
5158,0.041523903608322144
5159,0.06103216111660004
5160,0.09284612536430359
5161,0.03777298331260681
5162,0.04619736969470978
5163,0.04773826152086258
5164,0.032956138253211975
5165,0.017425984144210815
5166,0.06298188120126724
5167,0.04242292046546936
5168,0.07200893014669418
5169,0.07411473989486694
5170,0.045344527810811996
5171,0.06714725494384766
5172,0.049279820173978806
5173,0.035242050886154175
5174,0.0326487235724926
5175,0.03865776211023331
5176,0.04405125975608826
5177,0.031810738146305084
5178,0.04855848848819733
5179,0.0556071437895298
5180,0.01910213753581047
5181,0.058471065014600754
5182,0.03869658708572388
5183,0.04968284070491791
5184,0.02353018708527088
5185,0.07894834131002426
5186,0.02664165571331978
5187,0.025928720831871033
5188,0.04986876621842384
5189,0.05169420316815376
5190,0.034544460475444794
5191,0.057448163628578186
5192,0.03245776891708374
5193,0.04992801696062088
5194,0.0459027960896492
5195,0.0706629529595375
5196,0.03555839881300926
5197,0.037751905620098114
5198,0.046748869121074677
5199,0.02912481129169464
5200,0.05493126064538956
5201,0.05111006274819374
5202,0.04073529317975044
5203,0.040158070623874664
5204,0.05282346531748772
5205,0.06857898086309433
5206,0.01560116745531559
5207,0.07435261458158493
5208,0.02633241005241871
5209,0.0369580015540123
5210,0.0402970090508461
5211,0.0461527444422245
5212,0.04485815763473511
5213,0.0479249581694603
5214,0.022475779056549072
5215,0.054569046944379807
5216,0.024524148553609848
5217,0.03234262764453888
5218,0.058050259947776794
5219,0.04685515537858009
5220,0.06690021604299545
5221,0.03063659556210041
5222,0.06037624180316925
5223,0.03618757426738739
5224,0.05423177033662796
5225,0.0386495441198349
5226,0.044695302844047546
5227,0.03600165992975235
5228,0.049562718719244
5229,0.041198715567588806
5230,0.023534199222922325
5231,0.04724559932947159
5232,0.035601239651441574
5233,0.0686681792140007
5234,0.06448443233966827
5235,0.053029730916023254
5236,0.06887258589267731
5237,0.03932414948940277
5238,0.06043463200330734
5239,0.02605295181274414
5240,0.059040773659944534
5241,0.049868881702423096
5242,0.07175780832767487
5243,0.06048599258065224
5244,0.030714724212884903
5245,0.06463243812322617
5246,0.02898445911705494
5247,0.06416195631027222
5248,0.03761078789830208
5249,0.05684411898255348
5250,0.02346842922270298
5251,0.028106635436415672
5252,0.06277232617139816
5253,0.026399582624435425
5254,0.048539333045482635
5255,0.047669798135757446
5256,0.03917573019862175
5257,0.028762366622686386
5258,0.04369223862886429
5259,0.04524799436330795
5260,0.055416543036699295
5261,0.04801361262798309
5262,0.08911840617656708
5263,0.035191915929317474
5264,0.0993080586194992
5265,0.027716565877199173
5266,0.026771528646349907
5267,0.04493938013911247
5268,0.03900840878486633
5269,0.046199098229408264
5270,0.027633797377347946
5271,0.03842462599277496
5272,0.038517098873853683
5273,0.04331780970096588
5274,0.03926578909158707
5275,0.03305680304765701
5276,0.06029774993658066
5277,0.04077884927392006
5278,0.04246370494365692
5279,0.03266545385122299
5280,0.027507202699780464
5281,0.06416455656290054
5282,0.03769060969352722
5283,0.04009655863046646
5284,0.04483103007078171
5285,0.04762345552444458
5286,0.043735962361097336
5287,0.0273701511323452
5288,0.03498280420899391
5289,0.03583775833249092
5290,0.04594697430729866
5291,0.035380471497774124
5292,0.021386248990893364
5293,0.02981613390147686
5294,0.07522599399089813
5295,0.07861575484275818
5296,0.04882387816905975
5297,0.04470512270927429
5298,0.06712151318788528
5299,0.03673362731933594
5300,0.04368309676647186
5301,0.04083242639899254
5302,0.0268669743090868
5303,0.05148164555430412
5304,0.03299932926893234
5305,0.029700186103582382
5306,0.03195999935269356
5307,0.050795428454875946
5308,0.05095900222659111
5309,0.03650503605604172
5310,0.034247931092977524
5311,0.03257010132074356
5312,0.04511978104710579
5313,0.10388125479221344
5314,0.03595469519495964
5315,0.052250102162361145
5316,0.0449434369802475
5317,0.05152944475412369
5318,0.030016569420695305
5319,0.037045497447252274
5320,0.039205946028232574
5321,0.04023323953151703
5322,0.043227244168519974
5323,0.08359105885028839
5324,0.028865722939372063
5325,0.04114749655127525
5326,0.05571283400058746
5327,0.023530879989266396
5328,0.03391947224736214
5329,0.045993413776159286
5330,0.05096621438860893
5331,0.03462907299399376
5332,0.04584858566522598
5333,0.0419715978205204
5334,0.03579648584127426
5335,0.04183679446578026
5336,0.06208471581339836
5337,0.037309400737285614
5338,0.029981127008795738
5339,0.02930580824613571
5340,0.02681407891213894
5341,0.03255600109696388
5342,0.026963330805301666
5343,0.04391344264149666
5344,0.033762138336896896
5345,0.032328635454177856
5346,0.08124096691608429
5347,0.06984980404376984
5348,0.04145606607198715
5349,0.059214845299720764
5350,0.03514689952135086
5351,0.03398163989186287
5352,0.03032115288078785
5353,0.027722733095288277
5354,0.0488179475069046
5355,0.028238259255886078
5356,0.022641170769929886
5357,0.056147269904613495
5358,0.055447082966566086
5359,0.061549387872219086
5360,0.05583188682794571
5361,0.04911358654499054
5362,0.03345978260040283
5363,0.0611952543258667
5364,0.06344038993120193
5365,0.0576234869658947
5366,0.04263395071029663
5367,0.043512504547834396
5368,0.08233386278152466
5369,0.03174425661563873
5370,0.036234281957149506
5371,0.08104424923658371
5372,0.0965447649359703
5373,0.029514318332076073
5374,0.04087231308221817
5375,0.04490787908434868
5376,0.023640098050236702
5377,0.056506991386413574
5378,0.042277298867702484
5379,0.03462870419025421
5380,0.030122339725494385
5381,0.02849898673593998
5382,0.032721955329179764
5383,0.03330649808049202
5384,0.05187596008181572
5385,0.062005020678043365
5386,0.02871643379330635
5387,0.030711492523550987
5388,0.06544782221317291
5389,0.027314089238643646
5390,0.055767349898815155
5391,0.0156127093359828
5392,0.04229060932993889
5393,0.028538241982460022
5394,0.050987519323825836
5395,0.0476224347949028
5396,0.02968163788318634
5397,0.04251808673143387
5398,0.023815961554646492
5399,0.03736337646842003
5400,0.026951951906085014
5401,0.0676075890660286
5402,0.04315537214279175
5403,0.03443554788827896
5404,0.04736863076686859
5405,0.03486957401037216
5406,0.04823990911245346
5407,0.03880305215716362
5408,0.03302593156695366
5409,0.06441468745470047
5410,0.05097155272960663
5411,0.08003677427768707
5412,0.03658318147063255
5413,0.07573774456977844
5414,0.06736193597316742
5415,0.05677281320095062
5416,0.03083924390375614
5417,0.02615347132086754
5418,0.04795067757368088
5419,0.04365852102637291
5420,0.09273447096347809
5421,0.03261655569076538
5422,0.0429033599793911
5423,0.03688919171690941
5424,0.04000413045287132
5425,0.023392198607325554
5426,0.021510910242795944
5427,0.025586292147636414
5428,0.05640336126089096
5429,0.03407466784119606
5430,0.04524615406990051
5431,0.04187506064772606
5432,0.05857507884502411
5433,0.03410867229104042
5434,0.03433975204825401
5435,0.05374831333756447
5436,0.0511360689997673
5437,0.027730217203497887
5438,0.061294157058000565
5439,0.09183289110660553
5440,0.031976066529750824
5441,0.05159011483192444
5442,0.059375785291194916
5443,0.07520730793476105
5444,0.029199909418821335
5445,0.032454755157232285
5446,0.03621654585003853
5447,0.03880901634693146
5448,0.056873999536037445
5449,0.08367780596017838
5450,0.03494379669427872
5451,0.03036028891801834
5452,0.06248162314295769
5453,0.07883148640394211
5454,0.03704235702753067
5455,0.03376585990190506
5456,0.03176375478506088
5457,0.08237911760807037
5458,0.05565807223320007
5459,0.058043770492076874
5460,0.03735153749585152
5461,0.025822488591074944
5462,0.029867013916373253
5463,0.03191529959440231
5464,0.031466834247112274
5465,0.09593986719846725
5466,0.06381410360336304
5467,0.019122974947094917
5468,0.04042531177401543
5469,0.052567027509212494
5470,0.030226705595850945
5471,0.07961949706077576
5472,0.05398295074701309
5473,0.023376792669296265
5474,0.032299257814884186
5475,0.040425777435302734
5476,0.0503782220184803
5477,0.03231855854392052
5478,0.03142228350043297
5479,0.04540816321969032
5480,0.0755462571978569
5481,0.03469301015138626
5482,0.02617489919066429
5483,0.037883106619119644
5484,0.06310027837753296
5485,0.033946819603443146
5486,0.05051625892519951
5487,0.05300268530845642
5488,0.059134140610694885
5489,0.04762043431401253
5490,0.03271602466702461
5491,0.08199793845415115
5492,0.06665391474962234
5493,0.09946528822183609
5494,0.04680698737502098
5495,0.05239672586321831
5496,0.07183964550495148
5497,0.04709721729159355
5498,0.053138136863708496
5499,0.02574593760073185
5500,0.038841456174850464
5501,0.040260471403598785
5502,0.03510190173983574
5503,0.08803053945302963
5504,0.06411547213792801
5505,0.06801170855760574
5506,0.032967958599328995
5507,0.05085271969437599
5508,0.0651857927441597
5509,0.05572173744440079
5510,0.038088470697402954
5511,0.04105592146515846
5512,0.04172074794769287
5513,0.09003414213657379
5514,0.04539595916867256
5515,0.038340844213962555
5516,0.03386354073882103
5517,0.040065791457891464
5518,0.02192489057779312
5519,0.014532124623656273
5520,0.05220187082886696
5521,0.05540265887975693
5522,0.026863735169172287
5523,0.03749855235219002
5524,0.028343837708234787
5525,0.06465819478034973
5526,0.07156359404325485
5527,0.0709974616765976
5528,0.022090623155236244
5529,0.021320123225450516
5530,0.03294431045651436
5531,0.07542729377746582
5532,0.04794207587838173
5533,0.04804643616080284
5534,0.07024774700403214
5535,0.07070339471101761
5536,0.030217023566365242
5537,0.02982582524418831
5538,0.07548625767230988
5539,0.02633102610707283
5540,0.03375278785824776
5541,0.049677491188049316
5542,0.035279545933008194
5543,0.028859715908765793
5544,0.02256971411406994
5545,0.03394784405827522
5546,0.051722943782806396
5547,0.03157653287053108
5548,0.03742709010839462
5549,0.05134117603302002
5550,0.030312085524201393
5551,0.04475001245737076
5552,0.05275595933198929
5553,0.03490328788757324
5554,0.039097804576158524
5555,0.05116722360253334
5556,0.04842657968401909
5557,0.04072234034538269
5558,0.023790689185261726
5559,0.05197900906205177
5560,0.04503749683499336
5561,0.05727887898683548
5562,0.042048558592796326
5563,0.039161764085292816
5564,0.04210253804922104
5565,0.034750837832689285
5566,0.04305093735456467
5567,0.04259831830859184
5568,0.04297485575079918
5569,0.04382164403796196
5570,0.04000824689865112
5571,0.03353775665163994
5572,0.05799177661538124
5573,0.062373340129852295
5574,0.05859415978193283
5575,0.04120622202754021
5576,0.043846841901540756
5577,0.031849637627601624
5578,0.03507103770971298
5579,0.03257326781749725
5580,0.03599044308066368
5581,0.04330000653862953
5582,0.04675564542412758
5583,0.044448476284742355
5584,0.030191808938980103
5585,0.023515958338975906
5586,0.0376012809574604
5587,0.0329475998878479
5588,0.025772888213396072
5589,0.04541865363717079
5590,0.06819821149110794
5591,0.04575875401496887
5592,0.030470728874206543
5593,0.0325445756316185
5594,0.03728238120675087
5595,0.01998245157301426
5596,0.03630128130316734
5597,0.03038731962442398
5598,0.04046709090471268
5599,0.03927326574921608
5600,0.05788671597838402
5601,0.03804110735654831
5602,0.08039896190166473
5603,0.08360134065151215
5604,0.033407099545001984
5605,0.04512467235326767
5606,0.041909363120794296
5607,0.03965913504362106
5608,0.017523812130093575
5609,0.054987311363220215
5610,0.028235552832484245
5611,0.05862987041473389
5612,0.038494985550642014
5613,0.054952505975961685
5614,0.05168799310922623
5615,0.02912813238799572
5616,0.05301633104681969
5617,0.06060286611318588
5618,0.043319959193468094
5619,0.06096721813082695
5620,0.030033264309167862
5621,0.03137863054871559
5622,0.030108213424682617
5623,0.02390185184776783
5624,0.040116846561431885
5625,0.052448637783527374
5626,0.02629777416586876
5627,0.02487800642848015
5628,0.05871674790978432
5629,0.057475876063108444
5630,0.041980065405368805
5631,0.053474776446819305
5632,0.027248229831457138
5633,0.03233399987220764
5634,0.03901652246713638
5635,0.038434334099292755
5636,0.06397254765033722
5637,0.05696655809879303
5638,0.022620122879743576
5639,0.06016800180077553
5640,0.04036273434758186
5641,0.023457849398255348
5642,0.03037726879119873
5643,0.021862467750906944
5644,0.041323766112327576
5645,0.02116919308900833
5646,0.0234408900141716
5647,0.036687303334474564
5648,0.03284749388694763
5649,0.031227728351950645
5650,0.024401431903243065
5651,0.046654101461172104
5652,0.06487496942281723
5653,0.022193703800439835
5654,0.10862824320793152
5655,0.03658255189657211
5656,0.021808411926031113
5657,0.031206855550408363
5658,0.025165148079395294
5659,0.032188065350055695
5660,0.0430881604552269
5661,0.03851977735757828
5662,0.031085189431905746
5663,0.035247813910245895
5664,0.04419383406639099
5665,0.07590358704328537
5666,0.0355866402387619
5667,0.030027320608496666
5668,0.022706279531121254
5669,0.03298354148864746
5670,0.06514015048742294
5671,0.038132715970277786
5672,0.03886160999536514
5673,0.03405261039733887
5674,0.03295386955142021
5675,0.01983449049293995
5676,0.04102914407849312
5677,0.04465453699231148
5678,0.029885608702898026
5679,0.03786373883485794
5680,0.06011251360177994
5681,0.03556446731090546
5682,0.03723254054784775
5683,0.05405150353908539
5684,0.051867395639419556
5685,0.04124351963400841
5686,0.03598466515541077
5687,0.020514704287052155
5688,0.05878200754523277
5689,0.03622130677103996
5690,0.029018960893154144
5691,0.03601667284965515
5692,0.021939536556601524
5693,0.05242905765771866
5694,0.028781864792108536
5695,0.04598754644393921
5696,0.02968418225646019
5697,0.02768475003540516
5698,0.05491899326443672
5699,0.028598831966519356
5700,0.035772304981946945
5701,0.04839683324098587
5702,0.07691700756549835
5703,0.04382529854774475
5704,0.03263218700885773
5705,0.054329194128513336
5706,0.09568142145872116
5707,0.045016057789325714
5708,0.02338271029293537
5709,0.0411357544362545
5710,0.031184226274490356
5711,0.01651385799050331
5712,0.045124683529138565
5713,0.039276644587516785
5714,0.022381402552127838
5715,0.047196052968502045
5716,0.04638388380408287
5717,0.02968071773648262
5718,0.06457670032978058
5719,0.026261508464813232
5720,0.04776478558778763
5721,0.02887149155139923
5722,0.03291669487953186
5723,0.02001088485121727
5724,0.02451714500784874
5725,0.054086677730083466
5726,0.01985618658363819
5727,0.030866894870996475
5728,0.042675819247961044
5729,0.03432340919971466
5730,0.022681735455989838
5731,0.06129088252782822
5732,0.04968623071908951
5733,0.042370811104774475
5734,0.018824705854058266
5735,0.041387997567653656
5736,0.03475997969508171
5737,0.02540697157382965
5738,0.05928418040275574
5739,0.03522110730409622
5740,0.03237041458487511
5741,0.05212623253464699
5742,0.07361456006765366
5743,0.06241925060749054
5744,0.03391797095537186
5745,0.037390630692243576
5746,0.06340254098176956
5747,0.030061304569244385
5748,0.06122197210788727
5749,0.04421452805399895
5750,0.012375407852232456
5751,0.035721246153116226
5752,0.048254888504743576
5753,0.054802048951387405
5754,0.024449536576867104
5755,0.042751483619213104
5756,0.024648526683449745
5757,0.0383281484246254
5758,0.02033451572060585
5759,0.05285926163196564
5760,0.05406845360994339
5761,0.06423863768577576
5762,0.0384448878467083
5763,0.036696236580610275
5764,0.025194786489009857
5765,0.034472331404685974
5766,0.03723645210266113
5767,0.07699132710695267
5768,0.09404413402080536
5769,0.03902620077133179
5770,0.023072101175785065
5771,0.04480169713497162
5772,0.03812582790851593
5773,0.04357263445854187
5774,0.04161619395017624
5775,0.04871848225593567
5776,0.025269487872719765
5777,0.038753706961870193
5778,0.04576636478304863
5779,0.04839234799146652
5780,0.09438668191432953
5781,0.05169323831796646
5782,0.05486351251602173
5783,0.031659018248319626
5784,0.022024014964699745
5785,0.028276871889829636
5786,0.09089864045381546
5787,0.03452082350850105
5788,0.03513180464506149
5789,0.029049023985862732
5790,0.04483872279524803
5791,0.06733568012714386
5792,0.09067639708518982
5793,0.0497722402215004
5794,0.03920174762606621
5795,0.0861908346414566
5796,0.04848703742027283
5797,0.04942488670349121
5798,0.09579789638519287
5799,0.06120232492685318
5800,0.028612498193979263
5801,0.06480560451745987
5802,0.02247953787446022
5803,0.06647542119026184
5804,0.05608531832695007
5805,0.03766594082117081
5806,0.034038133919239044
5807,0.040287330746650696
5808,0.033806923776865005
5809,0.018353521823883057
5810,0.06307833641767502
5811,0.08601047843694687
5812,0.03734418749809265
5813,0.03521433100104332
5814,0.02914099209010601
5815,0.0641356036067009
5816,0.0514378547668457
5817,0.059672314673662186
5818,0.0755750834941864
5819,0.0475933700799942
5820,0.06052546575665474
5821,0.042017772793769836
5822,0.07313146442174911
5823,0.03173954412341118
5824,0.036648791283369064
5825,0.05338060110807419
5826,0.0824468806385994
5827,0.0642084926366806
5828,0.04643591493368149
5829,0.06579329818487167
5830,0.05034398287534714
5831,0.09157642722129822
5832,0.04430939257144928
5833,0.035949110984802246
5834,0.030176052823662758
5835,0.061835549771785736
5836,0.03774573653936386
5837,0.0446794293820858
5838,0.05722223222255707
5839,0.029900357127189636
5840,0.03013109229505062
5841,0.047880757600069046
5842,0.031155331060290337
5843,0.08762000501155853
5844,0.01980864629149437
5845,0.029396072030067444
5846,0.04065445065498352
5847,0.05512508377432823
5848,0.02478274330496788
5849,0.041158173233270645
5850,0.06535131484270096
5851,0.04705534502863884
5852,0.025284815579652786
5853,0.046746764332056046
5854,0.031926583498716354
5855,0.07717978954315186
5856,0.029019739478826523
5857,0.05080154910683632
5858,0.05984823405742645
5859,0.04724136367440224
5860,0.04433152824640274
5861,0.03140855208039284
5862,0.05839741602540016
5863,0.04301169514656067
5864,0.035332538187503815
5865,0.03664159029722214
5866,0.033346306532621384
5867,0.047184862196445465
5868,0.05999548360705376
5869,0.04844321310520172
5870,0.04076392203569412
5871,0.027758365496993065
5872,0.024064457044005394
5873,0.027878573164343834
5874,0.06925731897354126
5875,0.03246394544839859
5876,0.024724135175347328
5877,0.029054297134280205
5878,0.024461708962917328
5879,0.03314619138836861
5880,0.01973775401711464
5881,0.06769461929798126
5882,0.06843988597393036
5883,0.04731928929686546
5884,0.02591250278055668
5885,0.05724046379327774
5886,0.040270622819662094
5887,0.03666238114237785
5888,0.03397873044013977
5889,0.05179024115204811
5890,0.03667483478784561
5891,0.04232386127114296
5892,0.0538923554122448
5893,0.07303331792354584
5894,0.07392004132270813
5895,0.05390091985464096
5896,0.030221527442336082
5897,0.07855299860239029
5898,0.03035920299589634
5899,0.08369287848472595
5900,0.0917314887046814
5901,0.06024216115474701
5902,0.03802216798067093
5903,0.0319732129573822
5904,0.03226673975586891
5905,0.06240319833159447
5906,0.09432870894670486
5907,0.03142769634723663
5908,0.041151262819767
5909,0.035860590636730194
5910,0.08924196660518646
5911,0.05900242179632187
5912,0.04309200495481491
5913,0.028743769973516464
5914,0.05507395789027214
5915,0.046773653477430344
5916,0.0367887057363987
5917,0.039773985743522644
5918,0.04150337725877762
5919,0.05249748378992081
5920,0.038095228374004364
5921,0.030246933922171593
5922,0.05142270773649216
5923,0.050691258162260056
5924,0.02934015914797783
5925,0.04900543764233589
5926,0.02434384450316429
5927,0.03810558840632439
5928,0.02586715668439865
5929,0.02747526578605175
5930,0.03568192571401596
5931,0.029518313705921173
5932,0.06213890016078949
5933,0.04969083145260811
5934,0.043687742203474045
5935,0.056237198412418365
5936,0.04907967895269394
5937,0.039360880851745605
5938,0.04669484123587608
5939,0.04405670240521431
5940,0.03614714741706848
5941,0.0301655326038599
5942,0.025882253423333168
5943,0.06365720182657242
5944,0.04293743893504143
5945,0.04288102686405182
5946,0.02997034415602684
5947,0.03941641002893448
5948,0.07327038794755936
5949,0.03226783126592636
5950,0.055104825645685196
5951,0.027291785925626755
5952,0.047562018036842346
5953,0.044979389756917953
5954,0.029821882024407387
5955,0.03155359625816345
5956,0.02981938049197197
5957,0.0325312539935112
5958,0.08097997307777405
5959,0.05543764308094978
5960,0.032129861414432526
5961,0.0765908733010292
5962,0.02176348865032196
5963,0.04341106116771698
5964,0.08108609169721603
5965,0.05458924546837807
5966,0.052301499992609024
5967,0.050136417150497437
5968,0.02000105194747448
5969,0.04773104190826416
5970,0.04934325069189072
5971,0.0484866164624691
5972,0.044483840465545654
5973,0.04911886155605316
5974,0.03106887824833393
5975,0.023193534463644028
5976,0.05013759061694145
5977,0.04390998184680939
5978,0.06960748136043549
5979,0.04418370872735977
5980,0.03031921200454235
5981,0.06988212466239929
5982,0.027127699926495552
5983,0.015741612762212753
5984,0.016450706869363785
5985,0.07403076440095901
5986,0.04208845645189285
5987,0.0442190021276474
5988,0.025697680190205574
5989,0.031635355204343796
5990,0.05070732533931732
5991,0.021885357797145844
5992,0.054321181029081345
5993,0.039063356816768646
5994,0.05846920982003212
5995,0.050238288938999176
5996,0.07546144723892212
5997,0.03276924416422844
5998,0.050934843719005585
5999,0.021636325865983963
6000,0.03362380713224411
6001,0.057982444763183594
6002,0.04699913039803505
6003,0.04188726097345352
6004,0.03209182620048523
6005,0.052918288856744766
6006,0.05455762892961502
6007,0.03870931267738342
6008,0.027684452012181282
6009,0.02149643376469612
6010,0.03431885316967964
6011,0.02508980594575405
6012,0.029244236648082733
6013,0.036983639001846313
6014,0.03310000151395798
6015,0.033337853848934174
6016,0.0438256599009037
6017,0.08727677166461945
6018,0.09562431275844574
6019,0.0463203489780426
6020,0.07219813019037247
6021,0.04754053056240082
6022,0.06784512102603912
6023,0.034514814615249634
6024,0.03587128967046738
6025,0.03389056771993637
6026,0.09754820913076401
6027,0.05677338317036629
6028,0.04911179468035698
6029,0.05698326602578163
6030,0.03394320234656334
6031,0.04028850048780441
6032,0.08020896464586258
6033,0.04312371090054512
6034,0.06370960175991058
6035,0.018740778788924217
6036,0.04697578772902489
6037,0.03320004418492317
6038,0.034284237772226334
6039,0.01848120614886284
6040,0.030706489458680153
6041,0.05177745223045349
6042,0.027309058234095573
6043,0.09186907112598419
6044,0.035742875188589096
6045,0.022575227543711662
6046,0.030877217650413513
6047,0.0297939945012331
6048,0.07301780581474304
6049,0.030147098004817963
6050,0.032832689583301544
6051,0.05533868446946144
6052,0.0556190200150013
6053,0.07044463604688644
6054,0.03766071796417236
6055,0.04593927785754204
6056,0.05345967784523964
6057,0.029448021203279495
6058,0.03456491976976395
6059,0.03512291610240936
6060,0.04624125733971596
6061,0.06476939469575882
6062,0.029261304065585136
6063,0.09000071883201599
6064,0.06391933560371399
6065,0.035759761929512024
6066,0.052619628608226776
6067,0.03384819254279137
6068,0.041803885251283646
6069,0.02730496972799301
6070,0.02896537072956562
6071,0.030314650386571884
6072,0.04407196864485741
6073,0.038607511669397354
6074,0.029128298163414
6075,0.0784967690706253
6076,0.1058819517493248
6077,0.01986824721097946
6078,0.04371900111436844
6079,0.039277128875255585
6080,0.026951240375638008
6081,0.026663124561309814
6082,0.03409072756767273
6083,0.12364093214273453
6084,0.08400547504425049
6085,0.06260333210229874
6086,0.08019159734249115
6087,0.02590273693203926
6088,0.05827201530337334
6089,0.08118671178817749
6090,0.044998232275247574
6091,0.03373647853732109
6092,0.028164071962237358
6093,0.027385137975215912
6094,0.024319389835000038
6095,0.027368789538741112
6096,0.026225194334983826
6097,0.05521943420171738
6098,0.07933878898620605
6099,0.03021606244146824
6100,0.032158542424440384
6101,0.03197907656431198
6102,0.05067769065499306
6103,0.055308736860752106
6104,0.04829556494951248
6105,0.046971000730991364
6106,0.024343397468328476
6107,0.04219570383429527
6108,0.10633286088705063
6109,0.05485909432172775
6110,0.05150262266397476
6111,0.0690140426158905
6112,0.03653473034501076
6113,0.05225086212158203
6114,0.034268368035554886
6115,0.06043853610754013
6116,0.019715063273906708
6117,0.03964633867144585
6118,0.032681554555892944
6119,0.030964959412813187
6120,0.02917329967021942
6121,0.05250564590096474
6122,0.04347630590200424
6123,0.018671857193112373
6124,0.058258719742298126
6125,0.06334054470062256
6126,0.04325220733880997
6127,0.02435380592942238
6128,0.04033728316426277
6129,0.06004324182868004
6130,0.05800756439566612
6131,0.040091533213853836
6132,0.028891893103718758
6133,0.027776919305324554
6134,0.03147806599736214
6135,0.05822514742612839
6136,0.032530587166547775
6137,0.06520693004131317
6138,0.028000615537166595
6139,0.02904704585671425
6140,0.03330362215638161
6141,0.04878507927060127
6142,0.060056235641241074
6143,0.029248686507344246
6144,0.024953821673989296
6145,0.043401140719652176
6146,0.03186238929629326
6147,0.05059301108121872
6148,0.0622202530503273
6149,0.05099475011229515
6150,0.02257898822426796
6151,0.043593842536211014
6152,0.037133485078811646
6153,0.027390798553824425
6154,0.054687149822711945
6155,0.027668798342347145
6156,0.05326835811138153
6157,0.02485174871981144
6158,0.042369239032268524
6159,0.01809580996632576
6160,0.0270792655646801
6161,0.032535623759031296
6162,0.0309065543115139
6163,0.052998945116996765
6164,0.024763349443674088
6165,0.037168797105550766
6166,0.04492737352848053
6167,0.016440141946077347
6168,0.029946230351924896
6169,0.03002195805311203
6170,0.03891710937023163
6171,0.0653953030705452
6172,0.03024388663470745
6173,0.0285312682390213
6174,0.05605730786919594
6175,0.1030045822262764
6176,0.06249768286943436
6177,0.02950109913945198
6178,0.02989886701107025
6179,0.0256576519459486
6180,0.01914970949292183
6181,0.04545944929122925
6182,0.043956223875284195
6183,0.03240903466939926
6184,0.023764384910464287
6185,0.06090272217988968
6186,0.04492327198386192
6187,0.025059903040528297
6188,0.03170950710773468
6189,0.03372589126229286
6190,0.10787227004766464
6191,0.030689600855112076
6192,0.040054693818092346
6193,0.03882591426372528
6194,0.028907790780067444
6195,0.042248666286468506
6196,0.04419604688882828
6197,0.03349549323320389
6198,0.05692774057388306
6199,0.031816981732845306
6200,0.034803297370672226
6201,0.05081193894147873
6202,0.04252168908715248
6203,0.03896806761622429
6204,0.03849061205983162
6205,0.055475249886512756
6206,0.030184391885995865
6207,0.05440115928649902
6208,0.048298101872205734
6209,0.023577747866511345
6210,0.029520109295845032
6211,0.023264732211828232
6212,0.037128664553165436
6213,0.030332051217556
6214,0.03711949288845062
6215,0.021558180451393127
6216,0.043861668556928635
6217,0.06564681977033615
6218,0.027880214154720306
6219,0.04244963079690933
6220,0.027829159051179886
6221,0.028534630313515663
6222,0.027748020365834236
6223,0.02579040452837944
6224,0.0670161098241806
6225,0.023088974878191948
6226,0.05351511016488075
6227,0.06341352313756943
6228,0.03841133788228035
6229,0.062234219163656235
6230,0.05287566035985947
6231,0.02801091969013214
6232,0.0327397882938385
6233,0.027022669091820717
6234,0.042341019958257675
6235,0.03308379277586937
6236,0.024825023487210274
6237,0.020849647000432014
6238,0.045426033437252045
6239,0.05341841280460358
6240,0.043458811938762665
6241,0.03879784792661667
6242,0.054819654673337936
6243,0.08455269038677216
6244,0.030765844509005547
6245,0.05876559019088745
6246,0.02308536320924759
6247,0.04596247151494026
6248,0.03633958846330643
6249,0.022405149415135384
6250,0.06295767426490784
6251,0.027126502245664597
6252,0.026857467368245125
6253,0.04302682355046272
6254,0.05272238329052925
6255,0.032663580030202866
6256,0.042499642819166183
6257,0.05779958516359329
6258,0.05742835998535156
6259,0.06716182827949524
6260,0.05338875949382782
6261,0.06002519652247429
6262,0.022987769916653633
6263,0.016537731513381004
6264,0.040790967643260956
6265,0.05193665623664856
6266,0.02410324104130268
6267,0.03770723566412926
6268,0.051340363919734955
6269,0.021582331508398056
6270,0.03528295084834099
6271,0.03398039564490318
6272,0.026834756135940552
6273,0.030773349106311798
6274,0.06892462819814682
6275,0.0317741297185421
6276,0.0754910334944725
6277,0.016911335289478302
6278,0.042571187019348145
6279,0.07485289126634598
6280,0.02681989036500454
6281,0.039787668734788895
6282,0.027082717046141624
6283,0.03837597370147705
6284,0.02224005199968815
6285,0.06400987505912781
6286,0.04598171263933182
6287,0.04187693074345589
6288,0.032722357660532
6289,0.048333484679460526
6290,0.03971661254763603
6291,0.05445091426372528
6292,0.03929836302995682
6293,0.016795843839645386
6294,0.02266446128487587
6295,0.019701024517416954
6296,0.032102588564157486
6297,0.03804294392466545
6298,0.09716924279928207
6299,0.050988342612981796
6300,0.024678179994225502
6301,0.036646947264671326
6302,0.07021425664424896
6303,0.04646766558289528
6304,0.025916244834661484
6305,0.05738076940178871
6306,0.026594700291752815
6307,0.07482299953699112
6308,0.023141898214817047
6309,0.12724176049232483
6310,0.03918951749801636
6311,0.035453446209430695
6312,0.04492919147014618
6313,0.027655797079205513
6314,0.034646157175302505
6315,0.02967013791203499
6316,0.03355183079838753
6317,0.058161355555057526
6318,0.0523470938205719
6319,0.04991840943694115
6320,0.050432369112968445
6321,0.031091637909412384
6322,0.0452541708946228
6323,0.023434827104210854
6324,0.04603339731693268
6325,0.0710919052362442
6326,0.027881640940904617
6327,0.03399546444416046
6328,0.0374583974480629
6329,0.06566353142261505
6330,0.0403362512588501
6331,0.04271647334098816
6332,0.037958934903144836
6333,0.0951077863574028
6334,0.028262125328183174
6335,0.019199484959244728
6336,0.055552929639816284
6337,0.06681787222623825
6338,0.026018507778644562
6339,0.03692207857966423
6340,0.06142622232437134
6341,0.04714445024728775
6342,0.03122461587190628
6343,0.0887470543384552
6344,0.04281121864914894
6345,0.03173409402370453
6346,0.040888942778110504
6347,0.05382250249385834
6348,0.05369584262371063
6349,0.052480489015579224
6350,0.06741500645875931
6351,0.018718481063842773
6352,0.039559755474328995
6353,0.026942873373627663
6354,0.03437960147857666
6355,0.04865127056837082
6356,0.05977350473403931
6357,0.04192785173654556
6358,0.06031765416264534
6359,0.035266630351543427
6360,0.047353725880384445
6361,0.053369373083114624
6362,0.07358910143375397
6363,0.030349206179380417
6364,0.061248041689395905
6365,0.051075004041194916
6366,0.09073789417743683
6367,0.018983639776706696
6368,0.032994817942380905
6369,0.055115312337875366
6370,0.09103628993034363
6371,0.030733857303857803
6372,0.03467424958944321
6373,0.03766944259405136
6374,0.01893582195043564
6375,0.0755593329668045
6376,0.024125928059220314
6377,0.029373060911893845
6378,0.028330333530902863
6379,0.021970218047499657
6380,0.07136248797178268
6381,0.02495526149868965
6382,0.024293258786201477
6383,0.05817920342087746
6384,0.03504006192088127
6385,0.044110193848609924
6386,0.048361435532569885
6387,0.029185453429818153
6388,0.022027378901839256
6389,0.06804025918245316
6390,0.0383063405752182
6391,0.018929077312350273
6392,0.04598478227853775
6393,0.0625806674361229
6394,0.023785661906003952
6395,0.061421915888786316
6396,0.04200709983706474
6397,0.02596680074930191
6398,0.05475406348705292
6399,0.06593267619609833
6400,0.020185021683573723
6401,0.04994384944438934
6402,0.03308553248643875
6403,0.020302074030041695
6404,0.07458768039941788
6405,0.04531574621796608
6406,0.05147956311702728
6407,0.053581252694129944
6408,0.03363749012351036
6409,0.02413209155201912
6410,0.028908023610711098
6411,0.04624026641249657
6412,0.04824134707450867
6413,0.021410658955574036
6414,0.050182100385427475
6415,0.03499554842710495
6416,0.06125679612159729
6417,0.04559352621436119
6418,0.04526659846305847
6419,0.025377411395311356
6420,0.04967566207051277
6421,0.07931183278560638
6422,0.03470531478524208
6423,0.029588334262371063
6424,0.03561176359653473
6425,0.020386146381497383
6426,0.021208539605140686
6427,0.033445652574300766
6428,0.023980969563126564
6429,0.03984992206096649
6430,0.06517857313156128
6431,0.03433765470981598
6432,0.03363814949989319
6433,0.0359184704720974
6434,0.029570776969194412
6435,0.034360263496637344
6436,0.02256801910698414
6437,0.030817070975899696
6438,0.03374673053622246
6439,0.05952658876776695
6440,0.03616951033473015
6441,0.02748201973736286
6442,0.03321152552962303
6443,0.032676901668310165
6444,0.05836677923798561
6445,0.02263893000781536
6446,0.028940141201019287
6447,0.01688697747886181
6448,0.02261900156736374
6449,0.04787275195121765
6450,0.015170533210039139
6451,0.06673002243041992
6452,0.057920679450035095
6453,0.028828175738453865
6454,0.037213221192359924
6455,0.023443181067705154
6456,0.06960282474756241
6457,0.016788925975561142
6458,0.040141649544239044
6459,0.020538100972771645
6460,0.07393480837345123
6461,0.06628423929214478
6462,0.08584178239107132
6463,0.030492477118968964
6464,0.03377293050289154
6465,0.059981584548950195
6466,0.06066235899925232
6467,0.047227080911397934
6468,0.07451625168323517
6469,0.029674706980586052
6470,0.023168522864580154
6471,0.018180115148425102
6472,0.022991536185145378
6473,0.03520508483052254
6474,0.08017497509717941
6475,0.03345030918717384
6476,0.029393864795565605
6477,0.028799785301089287
6478,0.01741987094283104
6479,0.05708850547671318
6480,0.06062282621860504
6481,0.0321696400642395
6482,0.04967479035258293
6483,0.0277622789144516
6484,0.07325781881809235
6485,0.02286205068230629
6486,0.056194666773080826
6487,0.037922535091638565
6488,0.07615374773740768
6489,0.06124637648463249
6490,0.07305920869112015
6491,0.045049265027046204
6492,0.03145367652177811
6493,0.029701579362154007
6494,0.028647856786847115
6495,0.02932729199528694
6496,0.024155884981155396
6497,0.0314505510032177
6498,0.06315650045871735
6499,0.02076425589621067
6500,0.04430155083537102
6501,0.03390666842460632
6502,0.042391784489154816
6503,0.04251369461417198
6504,0.029721712693572044
6505,0.026815393939614296
6506,0.02778903767466545
6507,0.04708347097039223
6508,0.04359300434589386
6509,0.0349312499165535
6510,0.043339215219020844
6511,0.07511458545923233
6512,0.038049936294555664
6513,0.04072863608598709
6514,0.03280410170555115
6515,0.025438295677304268
6516,0.032270729541778564
6517,0.019651157781481743
6518,0.030605241656303406
6519,0.05915317311882973
6520,0.03810196369886398
6521,0.054038338363170624
6522,0.02801995910704136
6523,0.05823938176035881
6524,0.030998796224594116
6525,0.018841363489627838
6526,0.08942995220422745
6527,0.0449787974357605
6528,0.08360137790441513
6529,0.06767843663692474
6530,0.039544783532619476
6531,0.02276979386806488
6532,0.04306462034583092
6533,0.03280656039714813
6534,0.04300060123205185
6535,0.04619031399488449
6536,0.030148399993777275
6537,0.0383542999625206
6538,0.0364498607814312
6539,0.059057317674160004
6540,0.06207183003425598
6541,0.07551486045122147
6542,0.05020779371261597
6543,0.03081555850803852
6544,0.04759194701910019
6545,0.027999432757496834
6546,0.025897393003106117
6547,0.03983493894338608
6548,0.03554460033774376
6549,0.01766979694366455
6550,0.05557895451784134
6551,0.06543847918510437
6552,0.038074277341365814
6553,0.02577519789338112
6554,0.06475204229354858
6555,0.056224923580884933
6556,0.06276839226484299
6557,0.03364897891879082
6558,0.03513757884502411
6559,0.05008198320865631
6560,0.02718212641775608
6561,0.02533457614481449
6562,0.03250518813729286
6563,0.03474969416856766
6564,0.05046069622039795
6565,0.02748396061360836
6566,0.07545995712280273
6567,0.04251728951931
6568,0.040498532354831696
6569,0.03197801485657692
6570,0.03320999816060066
6571,0.056414779275655746
6572,0.04953271895647049
6573,0.0573742613196373
6574,0.06505346298217773
6575,0.027944525703787804
6576,0.04609343037009239
6577,0.048411812633275986
6578,0.0335124135017395
6579,0.023819396272301674
6580,0.024807926267385483
6581,0.07063915580511093
6582,0.0637412890791893
6583,0.024237513542175293
6584,0.044487759470939636
6585,0.04102972149848938
6586,0.03256862983107567
6587,0.03189900517463684
6588,0.025225432589650154
6589,0.022783610969781876
6590,0.02535931207239628
6591,0.028381850570440292
6592,0.04723788797855377
6593,0.04127292335033417
6594,0.03160727396607399
6595,0.05182380601763725
6596,0.05230611935257912
6597,0.022992156445980072
6598,0.04759685695171356
6599,0.030929695814847946
6600,0.0720398873090744
6601,0.05196591466665268
6602,0.03232409805059433
6603,0.03276563063263893
6604,0.06684503704309464
6605,0.025739207863807678
6606,0.03297984600067139
6607,0.04862523078918457
6608,0.0171686802059412
6609,0.033514246344566345
6610,0.04877464473247528
6611,0.029623590409755707
6612,0.02967551164329052
6613,0.040543701499700546
6614,0.022899482399225235
6615,0.04916343465447426
6616,0.04601177200675011
6617,0.024448055773973465
6618,0.044974185526371
6619,0.04547813534736633
6620,0.05174460634589195
6621,0.055402979254722595
6622,0.025333352386951447
6623,0.051489345729351044
6624,0.041036058217287064
6625,0.0631910189986229
6626,0.043218765407800674
6627,0.03322569653391838
6628,0.03294297307729721
6629,0.053781136870384216
6630,0.051449649035930634
6631,0.021832359954714775
6632,0.04839898645877838
6633,0.029941430315375328
6634,0.041663359850645065
6635,0.044411368668079376
6636,0.06449128687381744
6637,0.02745235711336136
6638,0.03954438120126724
6639,0.06433045864105225
6640,0.03233112767338753
6641,0.022060919553041458
6642,0.050638265907764435
6643,0.030277762562036514
6644,0.049155618995428085
6645,0.06081172451376915
6646,0.06582622975111008
6647,0.04265722632408142
6648,0.04929176717996597
6649,0.032251544296741486
6650,0.04707777127623558
6651,0.019854474812746048
6652,0.03626349940896034
6653,0.03721381723880768
6654,0.049462515860795975
6655,0.023059258237481117
6656,0.062221016734838486
6657,0.05578823387622833
6658,0.0413932241499424
6659,0.026014510542154312
6660,0.030252765864133835
6661,0.027320988476276398
6662,0.027253195643424988
6663,0.03832593932747841
6664,0.02691662684082985
6665,0.020936986431479454
6666,0.033149540424346924
6667,0.028247425332665443
6668,0.029047569260001183
6669,0.05678635835647583
6670,0.03953840956091881
6671,0.03330523520708084
6672,0.040738847106695175
6673,0.04037291184067726
6674,0.0484529584646225
6675,0.03862401470541954
6676,0.034880224615335464
6677,0.03131886571645737
6678,0.03287582844495773
6679,0.07130230218172073
6680,0.08565026521682739
6681,0.02982010506093502
6682,0.07756395637989044
6683,0.020922161638736725
6684,0.027679312974214554
6685,0.029462993144989014
6686,0.0965823233127594
6687,0.08133243024349213
6688,0.032417356967926025
6689,0.04184511676430702
6690,0.04863990098237991
6691,0.04026584327220917
6692,0.03564255312085152
6693,0.05498313903808594
6694,0.030624302104115486
6695,0.03374970331788063
6696,0.05938975512981415
6697,0.04504570737481117
6698,0.03089977614581585
6699,0.05244532972574234
6700,0.042164694517850876
6701,0.05763667821884155
6702,0.06329074501991272
6703,0.04096783325076103
6704,0.06203339993953705
6705,0.02757115289568901
6706,0.047470822930336
6707,0.04888886585831642
6708,0.02836577408015728
6709,0.031786199659109116
6710,0.04076569527387619
6711,0.040635522454977036
6712,0.05100858956575394
6713,0.05848770588636398
6714,0.026798810809850693
6715,0.022830519825220108
6716,0.03663232922554016
6717,0.022073514759540558
6718,0.03177738934755325
6719,0.027011731639504433
6720,0.036003563553094864
6721,0.05243944376707077
6722,0.030288279056549072
6723,0.04972017556428909
6724,0.06607137620449066
6725,0.027805909514427185
6726,0.021179931238293648
6727,0.07762863487005234
6728,0.04866611212491989
6729,0.05163000524044037
6730,0.03945288062095642
6731,0.026570089161396027
6732,0.043575484305620193
6733,0.04968293756246567
6734,0.025057174265384674
6735,0.039543453603982925
6736,0.021297091618180275
6737,0.06367480754852295
6738,0.023178832605481148
6739,0.035962074995040894
6740,0.0530937984585762
6741,0.042981311678886414
6742,0.06577395647764206
6743,0.046010036021471024
6744,0.03854983299970627
6745,0.06568906456232071
6746,0.02127966284751892
6747,0.04809106886386871
6748,0.07021620124578476
6749,0.06736316531896591
6750,0.060225024819374084
6751,0.03058689460158348
6752,0.04925141483545303
6753,0.021578680723905563
6754,0.03445418179035187
6755,0.0458778478205204
6756,0.050594694912433624
6757,0.059139952063560486
6758,0.026224808767437935
6759,0.06756129115819931
6760,0.07237627357244492
6761,0.05032045766711235
6762,0.025817304849624634
6763,0.03596566990017891
6764,0.04703528806567192
6765,0.05093241110444069
6766,0.04938516020774841
6767,0.04052218794822693
6768,0.02010917477309704
6769,0.031699515879154205
6770,0.0488668717443943
6771,0.060492340475320816
6772,0.027413111180067062
6773,0.027015894651412964
6774,0.04201946035027504
6775,0.03841623291373253
6776,0.04409601539373398
6777,0.047138772904872894
6778,0.06560400128364563
6779,0.0163490679115057
6780,0.0679333359003067
6781,0.0225507989525795
6782,0.079665407538414
6783,0.02904048189520836
6784,0.07836585491895676
6785,0.03138405829668045
6786,0.035121653228998184
6787,0.025633255019783974
6788,0.03223434090614319
6789,0.023230159655213356
6790,0.049881335347890854
6791,0.019961869344115257
6792,0.06503558158874512
6793,0.032228823751211166
6794,0.035709965974092484
6795,0.03783847391605377
6796,0.041637711226940155
6797,0.03527650237083435
6798,0.02476540207862854
6799,0.03244071081280708
6800,0.04736217111349106
6801,0.045999206602573395
6802,0.04540576785802841
6803,0.02801971696317196
6804,0.03290664777159691
6805,0.04556911811232567
6806,0.024415116757154465
6807,0.046101078391075134
6808,0.03410118818283081
6809,0.04481792449951172
6810,0.049085166305303574
6811,0.057543154805898666
6812,0.02095881849527359
6813,0.06392877548933029
6814,0.051224712282419205
6815,0.06476782262325287
6816,0.018271610140800476
6817,0.025422150269150734
6818,0.025403039529919624
6819,0.021471789106726646
6820,0.02799997292459011
6821,0.02717946469783783
6822,0.04676508903503418
6823,0.06705011427402496
6824,0.023609789088368416
6825,0.043451037257909775
6826,0.03840799629688263
6827,0.04295618087053299
6828,0.08565400540828705
6829,0.0462920181453228
6830,0.06452220678329468
6831,0.02068287320435047
6832,0.028258809819817543
6833,0.03228360787034035
6834,0.04128507524728775
6835,0.030432643368840218
6836,0.04210023954510689
6837,0.03468500077724457
6838,0.030916471034288406
6839,0.027849361300468445
6840,0.03197946399450302
6841,0.03168077766895294
6842,0.037810467183589935
6843,0.1021510437130928
6844,0.02984686568379402
6845,0.030374791473150253
6846,0.05100581422448158
6847,0.05690275877714157
6848,0.032765887677669525
6849,0.08699625730514526
6850,0.05051169916987419
6851,0.03260616585612297
6852,0.04235628619790077
6853,0.03185649961233139
6854,0.031461168080568314
6855,0.043255556374788284
6856,0.03682754561305046
6857,0.05296817421913147
6858,0.02591194026172161
6859,0.017306314781308174
6860,0.06242884695529938
6861,0.016253646463155746
6862,0.03640337288379669
6863,0.03316178172826767
6864,0.0275388415902853
6865,0.047300662845373154
6866,0.0453779473900795
6867,0.0923788920044899
6868,0.051803410053253174
6869,0.04121221601963043
6870,0.06891626119613647
6871,0.035645853728055954
6872,0.03599253296852112
6873,0.02004561759531498
6874,0.053626980632543564
6875,0.02382669970393181
6876,0.029203642159700394
6877,0.04925800859928131
6878,0.04085042327642441
6879,0.017869295552372932
6880,0.04478880763053894
6881,0.03651140630245209
6882,0.048493653535842896
6883,0.03067406825721264
6884,0.03666892275214195
6885,0.025157073512673378
6886,0.05323212966322899
6887,0.04816414788365364
6888,0.04659605026245117
6889,0.06583520770072937
6890,0.049338147044181824
6891,0.03293078392744064
6892,0.028348181396722794
6893,0.01896517351269722
6894,0.03831946849822998
6895,0.047239549458026886
6896,0.030462952330708504
6897,0.055002517998218536
6898,0.03413643315434456
6899,0.03205205500125885
6900,0.07173730432987213
6901,0.025689247995615005
6902,0.042246222496032715
6903,0.057142917066812515
6904,0.026601243764162064
6905,0.026289742439985275
6906,0.03634496405720711
6907,0.051153764128685
6908,0.029666349291801453
6909,0.049982666969299316
6910,0.0756654441356659
6911,0.04206588491797447
6912,0.03163823485374451
6913,0.03007705882191658
6914,0.04049859941005707
6915,0.02644103392958641
6916,0.06995042413473129
6917,0.04976467788219452
6918,0.033686425536870956
6919,0.05623028427362442
6920,0.04336974769830704
6921,0.11224491894245148
6922,0.0701744481921196
6923,0.04950254410505295
6924,0.02338712476193905
6925,0.08380716294050217
6926,0.021689314395189285
6927,0.05465235933661461
6928,0.02366674318909645
6929,0.02955043502151966
6930,0.02981988526880741
6931,0.04690072312951088
6932,0.0217804703861475
6933,0.03948672115802765
6934,0.04627268388867378
6935,0.026600027456879616
6936,0.03340180963277817
6937,0.01582690328359604
6938,0.06501270830631256
6939,0.04770228639245033
6940,0.060522980988025665
6941,0.058149877935647964
6942,0.017717702314257622
6943,0.06000079587101936
6944,0.06044962629675865
6945,0.028857536613941193
6946,0.02474585361778736
6947,0.08288725465536118
6948,0.023711107671260834
6949,0.024813110008835793
6950,0.04603882133960724
6951,0.0505264475941658
6952,0.021377231925725937
6953,0.054709285497665405
6954,0.04244263470172882
6955,0.03671130910515785
6956,0.022039519622921944
6957,0.03998061642050743
6958,0.022175174206495285
6959,0.07040959596633911
6960,0.05537648871541023
6961,0.025819242000579834
6962,0.0329076312482357
6963,0.04328102245926857
6964,0.023580225184559822
6965,0.04700213298201561
6966,0.03804126754403114
6967,0.05149754509329796
6968,0.03460663557052612
6969,0.03011874109506607
6970,0.06702394038438797
6971,0.08074519038200378
6972,0.05978962406516075
6973,0.03636236488819122
6974,0.017102234065532684
6975,0.03094319999217987
6976,0.09023220092058182
6977,0.025689031928777695
6978,0.02985556051135063
6979,0.02020988240838051
6980,0.029254376888275146
6981,0.013877488672733307
6982,0.02575802057981491
6983,0.07248736172914505
6984,0.04482436552643776
6985,0.04164474830031395
6986,0.042322900146245956
6987,0.07026814669370651
6988,0.0440085269510746
6989,0.053854554891586304
6990,0.02543363720178604
6991,0.03632991015911102
6992,0.07803887873888016
6993,0.03774517402052879
6994,0.058405205607414246
6995,0.056135986000299454
6996,0.024430083110928535
6997,0.04127886891365051
6998,0.036603912711143494
6999,0.04179184138774872
7000,0.0289413221180439
7001,0.05127522721886635
7002,0.035050664097070694
7003,0.08295523375272751
7004,0.022621817886829376
7005,0.02754034847021103
7006,0.06802736222743988
7007,0.02672349475324154
7008,0.043408095836639404
7009,0.07781990617513657
7010,0.08618149906396866
7011,0.02359401248395443
7012,0.06307516247034073
7013,0.024193700402975082
7014,0.02737322449684143
7015,0.028466884046792984
7016,0.04602871090173721
7017,0.0681050643324852
7018,0.02106938511133194
7019,0.02454085648059845
7020,0.057763028889894485
7021,0.02355372905731201
7022,0.04849281162023544
7023,0.029783764854073524
7024,0.023904042318463326
7025,0.021989254280924797
7026,0.05518092215061188
7027,0.019736874848604202
7028,0.030514921993017197
7029,0.07155728340148926
7030,0.014493056572973728
7031,0.025731896981596947
7032,0.040813203901052475
7033,0.03781866282224655
7034,0.04347590357065201
7035,0.042445145547389984
7036,0.05505587160587311
7037,0.0255685206502676
7038,0.03065081126987934
7039,0.0734211876988411
7040,0.025488918647170067
7041,0.02915000356733799
7042,0.02152886614203453
7043,0.022608624771237373
7044,0.02306447923183441
7045,0.052596595138311386
7046,0.027877504006028175
7047,0.03963778540492058
7048,0.03616856411099434
7049,0.024134289473295212
7050,0.06053518131375313
7051,0.0463816300034523
7052,0.024963829666376114
7053,0.02674095891416073
7054,0.061850644648075104
7055,0.03219688683748245
7056,0.0624639093875885
7057,0.02533392608165741
7058,0.03944837301969528
7059,0.024846617132425308
7060,0.03989170864224434
7061,0.02854127250611782
7062,0.05127577483654022
7063,0.03780623525381088
7064,0.03623262047767639
7065,0.035017579793930054
7066,0.03666500374674797
7067,0.028913861140608788
7068,0.0760359913110733
7069,0.04414454847574234
7070,0.02357652224600315
7071,0.03636326640844345
7072,0.05100976675748825
7073,0.03319236636161804
7074,0.03593795374035835
7075,0.03350156918168068
7076,0.051698677241802216
7077,0.04823048412799835
7078,0.039164021611213684
7079,0.05726461485028267
7080,0.05062016099691391
7081,0.024901224300265312
7082,0.058307044208049774
7083,0.03158922865986824
7084,0.0383589081466198
7085,0.030613048002123833
7086,0.035559508949518204
7087,0.03645935654640198
7088,0.027132229879498482
7089,0.017028270289301872
7090,0.04763438552618027
7091,0.04997643828392029
7092,0.03507954254746437
7093,0.03789564594626427
7094,0.028447162359952927
7095,0.020951826125383377
7096,0.02184145338833332
7097,0.018963994458317757
7098,0.04329431802034378
7099,0.042592428624629974
7100,0.0529911108314991
7101,0.031189948320388794
7102,0.0319683700799942
7103,0.0950017049908638
7104,0.061037056148052216
7105,0.0674571618437767
7106,0.0864761620759964
7107,0.06159307807683945
7108,0.0735434964299202
7109,0.042264387011528015
7110,0.034270308911800385
7111,0.10227975249290466
7112,0.04836437106132507
7113,0.04821813479065895
7114,0.07755313813686371
7115,0.05496521666646004
7116,0.07241252809762955
7117,0.03129814192652702
7118,0.057561345398426056
7119,0.0493263304233551
7120,0.031882330775260925
7121,0.050929147750139236
7122,0.06249954178929329
7123,0.04762360826134682
7124,0.017479518428444862
7125,0.04924342781305313
7126,0.037087373435497284
7127,0.041257165372371674
7128,0.04701445624232292
7129,0.025340700522065163
7130,0.048697467893362045
7131,0.0570724755525589
7132,0.05811943858861923
7133,0.033214468508958817
7134,0.04901840537786484
7135,0.031749363988637924
7136,0.03463628515601158
7137,0.05339193344116211
7138,0.0403289869427681
7139,0.03740324079990387
7140,0.07234197109937668
7141,0.040391311049461365
7142,0.043203048408031464
7143,0.042476456612348557
7144,0.030951371416449547
7145,0.021047011017799377
7146,0.03454109653830528
7147,0.04816946014761925
7148,0.02322271466255188
7149,0.031721629202365875
7150,0.027093714103102684
7151,0.0641496554017067
7152,0.024416739121079445
7153,0.029035374522209167
7154,0.03824515640735626
7155,0.07967653125524521
7156,0.04565825313329697
7157,0.0728660449385643
7158,0.025669600814580917
7159,0.02258116751909256
7160,0.021532436832785606
7161,0.06544179469347
7162,0.05671899765729904
7163,0.04405655711889267
7164,0.025287441909313202
7165,0.05058210715651512
7166,0.021182890981435776
7167,0.04525260627269745
7168,0.022894473746418953
7169,0.023144839331507683
7170,0.04060275852680206
7171,0.029116766527295113
7172,0.02874784916639328
7173,0.018031885847449303
7174,0.019210482016205788
7175,0.03373340889811516
7176,0.0690280944108963
7177,0.025056611746549606
7178,0.1181182861328125
7179,0.018699033185839653
7180,0.0822126716375351
7181,0.03720780462026596
7182,0.06307144463062286
7183,0.09968539327383041
7184,0.02411670796573162
7185,0.04265835881233215
7186,0.03334429860115051
7187,0.05226728320121765
7188,0.02904404141008854
7189,0.040220797061920166
7190,0.04086872562766075
7191,0.025418218225240707
7192,0.029266564175486565
7193,0.04204795882105827
7194,0.02315591089427471
7195,0.03007027693092823
7196,0.03995264321565628
7197,0.03061617538332939
7198,0.053140632808208466
7199,0.0365779809653759
7200,0.04139890894293785
7201,0.026628872379660606
7202,0.07625948637723923
7203,0.02561134472489357
7204,0.031490057706832886
7205,0.029035694897174835
7206,0.06356970220804214
7207,0.02652285434305668
7208,0.03225015103816986
7209,0.034685470163822174
7210,0.05135195702314377
7211,0.025424405932426453
7212,0.04148271679878235
7213,0.021432969719171524
7214,0.01823490485548973
7215,0.03459584712982178
7216,0.019291803240776062
7217,0.04829300194978714
7218,0.05809734761714935
7219,0.06019480526447296
7220,0.024928821250796318
7221,0.08222497254610062
7222,0.06236426904797554
7223,0.04443429782986641
7224,0.04082261025905609
7225,0.06546563655138016
7226,0.04806378111243248
7227,0.051408082246780396
7228,0.034772198647260666
7229,0.057921621948480606
7230,0.05398716777563095
7231,0.053979553282260895
7232,0.026181058958172798
7233,0.053733617067337036
7234,0.052439428865909576
7235,0.03997509181499481
7236,0.02619270607829094
7237,0.03923427313566208
7238,0.07310577481985092
7239,0.025840258225798607
7240,0.03217777609825134
7241,0.07124203443527222
7242,0.03893589973449707
7243,0.02691056579351425
7244,0.061121102422475815
7245,0.08596909791231155
7246,0.08997628092765808
7247,0.03822625055909157
7248,0.08659245818853378
7249,0.03145502507686615
7250,0.06666857749223709
7251,0.04614384099841118
7252,0.04209531471133232
7253,0.045935194939374924
7254,0.04063306748867035
7255,0.04415040463209152
7256,0.05325179919600487
7257,0.03413461148738861
7258,0.1154671460390091
7259,0.05280733481049538
7260,0.03799843415617943
7261,0.013171840459108353
7262,0.032320134341716766
7263,0.03120991215109825
7264,0.036981236189603806
7265,0.07453108578920364
7266,0.06395582854747772
7267,0.032520707696676254
7268,0.03414115682244301
7269,0.04045327007770538
7270,0.01526555698364973
7271,0.019795875996351242
7272,0.02277575060725212
7273,0.03959929198026657
7274,0.08724813908338547
7275,0.027662288397550583
7276,0.0637640655040741
7277,0.027923984453082085
7278,0.030234050005674362
7279,0.019278593361377716
7280,0.03807811811566353
7281,0.03616940230131149
7282,0.04636711999773979
7283,0.02632717974483967
7284,0.025799186900258064
7285,0.035375360399484634
7286,0.04624856635928154
7287,0.0794738307595253
7288,0.0386669896543026
7289,0.03508387878537178
7290,0.023030798882246017
7291,0.07140836119651794
7292,0.030668135732412338
7293,0.035008762031793594
7294,0.034445878118276596
7295,0.052996255457401276
7296,0.06138453632593155
7297,0.06091337278485298
7298,0.02982172742486
7299,0.034421779215335846
7300,0.1458607017993927
7301,0.035805653780698776
7302,0.03157072886824608
7303,0.030089130625128746
7304,0.020060010254383087
7305,0.024273328483104706
7306,0.055925168097019196
7307,0.059207238256931305
7308,0.04223126173019409
7309,0.025114919990301132
7310,0.04113707318902016
7311,0.03340250626206398
7312,0.07719442248344421
7313,0.032507121562957764
7314,0.0616600476205349
7315,0.03482472896575928
7316,0.04795288294553757
7317,0.03351796790957451
7318,0.04525753855705261
7319,0.04268817603588104
7320,0.02814623899757862
7321,0.07494637370109558
7322,0.03338540717959404
7323,0.031687162816524506
7324,0.03199823200702667
7325,0.028632503002882004
7326,0.02590639889240265
7327,0.05405775085091591
7328,0.04591326415538788
7329,0.03964204713702202
7330,0.07201453298330307
7331,0.05582253634929657
7332,0.04849609360098839
7333,0.03685177117586136
7334,0.0450018085539341
7335,0.10258033126592636
7336,0.03819864243268967
7337,0.025340449064970016
7338,0.03864013031125069
7339,0.03419361263513565
7340,0.05725866183638573
7341,0.01929733157157898
7342,0.086197629570961
7343,0.07943663001060486
7344,0.035887688398361206
7345,0.06753922998905182
7346,0.04080362617969513
7347,0.04205988347530365
7348,0.040644336491823196
7349,0.02257339283823967
7350,0.041134629398584366
7351,0.027132246643304825
7352,0.04034162312746048
7353,0.0433863066136837
7354,0.03043326362967491
7355,0.03046679124236107
7356,0.07404912263154984
7357,0.02874794974923134
7358,0.02613062784075737
7359,0.034447893500328064
7360,0.030349651351571083
7361,0.03046254999935627
7362,0.06369200348854065
7363,0.036413878202438354
7364,0.05523480102419853
7365,0.03702661395072937
7366,0.03528543561697006
7367,0.028323400765657425
7368,0.05815241113305092
7369,0.020762115716934204
7370,0.03372173011302948
7371,0.025914214551448822
7372,0.019557533785700798
7373,0.04725901782512665
7374,0.021783340722322464
7375,0.04372258484363556
7376,0.031677503138780594
7377,0.05938173830509186
7378,0.03587907552719116
7379,0.06155425310134888
7380,0.04329642653465271
7381,0.05367586761713028
7382,0.05139758810400963
7383,0.05364519730210304
7384,0.10195878893136978
7385,0.09343357384204865
7386,0.05971066281199455
7387,0.07363175600767136
7388,0.02299114316701889
7389,0.02217506244778633
7390,0.027560776099562645
7391,0.11536690592765808
7392,0.026745114475488663
7393,0.0499093122780323
7394,0.03874722868204117
7395,0.07598976790904999
7396,0.036470234394073486
7397,0.05270698666572571
7398,0.05329662561416626
7399,0.07896573841571808
7400,0.04443858191370964
7401,0.03803347051143646
7402,0.04656659811735153
7403,0.032923780381679535
7404,0.039971791207790375
7405,0.05194711685180664
7406,0.06499682366847992
7407,0.0442952886223793
7408,0.03497105464339256
7409,0.07237996906042099
7410,0.03629762679338455
7411,0.04841582849621773
7412,0.08312826603651047
7413,0.03855302929878235
7414,0.0535627044737339
7415,0.045146990567445755
7416,0.03149501979351044
7417,0.07966998964548111
7418,0.03274359181523323
7419,0.05591481551527977
7420,0.026473073288798332
7421,0.027379389852285385
7422,0.023463506251573563
7423,0.036142248660326004
7424,0.021229904145002365
7425,0.03140992298722267
7426,0.08531437069177628
7427,0.04995722696185112
7428,0.07821933180093765
7429,0.03679043799638748
7430,0.07812517881393433
7431,0.03048102930188179
7432,0.023769214749336243
7433,0.01981137879192829
7434,0.02263193577528
7435,0.04426313936710358
7436,0.054642073810100555
7437,0.024308636784553528
7438,0.030230514705181122
7439,0.0723702684044838
7440,0.04134119674563408
7441,0.04980708286166191
7442,0.037153616547584534
7443,0.04746890440583229
7444,0.05870121717453003
7445,0.02720097079873085
7446,0.020749997347593307
7447,0.04613634571433067
7448,0.038795627653598785
7449,0.052354734390974045
7450,0.055740855634212494
7451,0.03380540758371353
7452,0.03644254803657532
7453,0.06624841690063477
7454,0.035321202129125595
7455,0.05013459175825119
7456,0.09508189558982849
7457,0.07037286460399628
7458,0.03067556396126747
7459,0.03704874962568283
7460,0.03367827832698822
7461,0.0615810826420784
7462,0.01819675602018833
7463,0.036753349006175995
7464,0.01862451434135437
7465,0.023622525855898857
7466,0.0732966959476471
7467,0.06596153229475021
7468,0.06138492003083229
7469,0.05372954532504082
7470,0.04383515939116478
7471,0.0404568687081337
7472,0.03072945773601532
7473,0.05513333901762962
7474,0.023539945483207703
7475,0.028398234397172928
7476,0.043373189866542816
7477,0.07076095044612885
7478,0.05347716063261032
7479,0.05670763552188873
7480,0.023983513936400414
7481,0.06570319086313248
7482,0.044140055775642395
7483,0.0616765096783638
7484,0.0324523001909256
7485,0.05194949358701706
7486,0.05797356367111206
7487,0.05576720088720322
7488,0.03334589675068855
7489,0.05913420021533966
7490,0.03407079726457596
7491,0.018891818821430206
7492,0.024495843797922134
7493,0.05083022266626358
7494,0.025886140763759613
7495,0.07334612309932709
7496,0.034292351454496384
7497,0.08115106076002121
7498,0.03874161094427109
7499,0.04740999639034271
7500,0.0575975738465786
7501,0.05814940482378006
7502,0.03766497224569321
7503,0.026832135394215584
7504,0.039173346012830734
7505,0.045685913413763046
7506,0.02858070656657219
7507,0.04892006516456604
7508,0.022892190143465996
7509,0.023617280647158623
7510,0.03276703134179115
7511,0.046194616705179214
7512,0.042055848985910416
7513,0.027706360444426537
7514,0.024945653975009918
7515,0.040478453040122986
7516,0.03330030292272568
7517,0.04092714935541153
7518,0.031809933483600616
7519,0.04875165969133377
7520,0.03160368278622627
7521,0.024135854095220566
7522,0.025657307356595993
7523,0.05256520211696625
7524,0.09108458459377289
7525,0.02371305786073208
7526,0.023329762741923332
7527,0.028242522850632668
7528,0.02127460390329361
7529,0.06607233732938766
7530,0.035955481231212616
7531,0.026601482182741165
7532,0.0657287985086441
7533,0.06920124590396881
7534,0.026790745556354523
7535,0.030904486775398254
7536,0.059755031019449234
7537,0.014993321150541306
7538,0.03489984944462776
7539,0.08770627528429031
7540,0.05580345541238785
7541,0.03750362619757652
7542,0.043553613126277924
7543,0.028227463364601135
7544,0.023163415491580963
7545,0.054107844829559326
7546,0.0648818239569664
7547,0.026409655809402466
7548,0.0760650709271431
7549,0.05195515230298042
7550,0.027156785130500793
7551,0.0423017255961895
7552,0.07548700273036957
7553,0.03993675857782364
7554,0.032463982701301575
7555,0.05492829158902168
7556,0.0635959655046463
7557,0.062305063009262085
7558,0.029344283044338226
7559,0.042772285640239716
7560,0.0523926243185997
7561,0.06926431506872177
7562,0.04044444486498833
7563,0.04244563356041908
7564,0.024591630324721336
7565,0.03319989889860153
7566,0.04825754463672638
7567,0.0893939658999443
7568,0.04776378720998764
7569,0.03404796123504639
7570,0.03999054804444313
7571,0.026952801272273064
7572,0.026841072365641594
7573,0.033718373626470566
7574,0.06573735922574997
7575,0.046830110251903534
7576,0.027942858636379242
7577,0.06449710577726364
7578,0.02154684253036976
7579,0.047556474804878235
7580,0.022170746698975563
7581,0.02076607383787632
7582,0.01668076403439045
7583,0.026175308972597122
7584,0.02216644398868084
7585,0.027344146743416786
7586,0.024082224816083908
7587,0.03050246834754944
7588,0.03872746229171753
7589,0.08165054768323898
7590,0.03901482746005058
7591,0.024210859090089798
7592,0.018229996785521507
7593,0.04716052860021591
7594,0.045438501983881
7595,0.035517655313014984
7596,0.01893826201558113
7597,0.032689109444618225
7598,0.04561614990234375
7599,0.05598640814423561
7600,0.07308498024940491
7601,0.031009357422590256
7602,0.08630271255970001
7603,0.03514603525400162
7604,0.030520645901560783
7605,0.03147798776626587
7606,0.024574069306254387
7607,0.02519252337515354
7608,0.03095979616045952
7609,0.0367291085422039
7610,0.05727902427315712
7611,0.05281538516283035
7612,0.01935139298439026
7613,0.030849028378725052
7614,0.047902971506118774
7615,0.022769879549741745
7616,0.037376292049884796
7617,0.04750657081604004
7618,0.05856677517294884
7619,0.038071706891059875
7620,0.02042577788233757
7621,0.05512908473610878
7622,0.051347680389881134
7623,0.03203684464097023
7624,0.04267045482993126
7625,0.026637302711606026
7626,0.02263999916613102
7627,0.0564594492316246
7628,0.043384261429309845
7629,0.018708590418100357
7630,0.05676288530230522
7631,0.08451300859451294
7632,0.05733342096209526
7633,0.03040163591504097
7634,0.029790209606289864
7635,0.021580219268798828
7636,0.04021819680929184
7637,0.07854042947292328
7638,0.04503173008561134
7639,0.040934279561042786
7640,0.04176005348563194
7641,0.031153352931141853
7642,0.0346660315990448
7643,0.020766891539096832
7644,0.033496011048555374
7645,0.05731786787509918
7646,0.03210025280714035
7647,0.03625147044658661
7648,0.021281128749251366
7649,0.03461993485689163
7650,0.10662466287612915
7651,0.02917097881436348
7652,0.03612106293439865
7653,0.05062153935432434
7654,0.01954345963895321
7655,0.019238725304603577
7656,0.06488040089607239
7657,0.03061213716864586
7658,0.06353210657835007
7659,0.020848535001277924
7660,0.03240174427628517
7661,0.025202471762895584
7662,0.023357419297099113
7663,0.02838737703859806
7664,0.049201302230358124
7665,0.07540068030357361
7666,0.03142305091023445
7667,0.030250759795308113
7668,0.03582378476858139
7669,0.015202280133962631
7670,0.05084119737148285
7671,0.01731484942138195
7672,0.0158991739153862
7673,0.02733660489320755
7674,0.0239877849817276
7675,0.03782394528388977
7676,0.053506188094615936
7677,0.09904149174690247
7678,0.026252534240484238
7679,0.01993683911859989
7680,0.04151615500450134
7681,0.033467963337898254
7682,0.031044308096170425
7683,0.08782004565000534
7684,0.050200238823890686
7685,0.08914099633693695
7686,0.01681644283235073
7687,0.04693922400474548
7688,0.024170154705643654
7689,0.04142673686146736
7690,0.043056026101112366
7691,0.025169454514980316
7692,0.05597817152738571
7693,0.05548100173473358
7694,0.023035410791635513
7695,0.039987288415431976
7696,0.029991837218403816
7697,0.027806496247649193
7698,0.03669492155313492
7699,0.013880420476198196
7700,0.10668730735778809
7701,0.05696278437972069
7702,0.06968579441308975
7703,0.021361907944083214
7704,0.029564112424850464
7705,0.024957718327641487
7706,0.07562629878520966
7707,0.07278253138065338
7708,0.027291031554341316
7709,0.02219563163816929
7710,0.016165578737854958
7711,0.043630585074424744
7712,0.05523872375488281
7713,0.03625089302659035
7714,0.04538554698228836
7715,0.08392894268035889
7716,0.04079326242208481
7717,0.025569230318069458
7718,0.029483046382665634
7719,0.03963353484869003
7720,0.067258320748806
7721,0.01949569210410118
7722,0.09490320831537247
7723,0.047546710819005966
7724,0.04167876020073891
7725,0.05207069590687752
7726,0.0249733068048954
7727,0.07773900032043457
7728,0.03609659522771835
7729,0.02925310656428337
7730,0.0367291197180748
7731,0.02932695485651493
7732,0.03705888241529465
7733,0.025788675993680954
7734,0.0285473745316267
7735,0.06808117032051086
7736,0.058109503239393234
7737,0.03795783966779709
7738,0.04620124772191048
7739,0.026320625096559525
7740,0.051029011607170105
7741,0.036718323826789856
7742,0.04452010989189148
7743,0.06090201810002327
7744,0.026000166311860085
7745,0.030710050836205482
7746,0.02563892863690853
7747,0.07270781695842743
7748,0.02218622900545597
7749,0.02911214716732502
7750,0.04420943558216095
7751,0.024509083479642868
7752,0.06253071129322052
7753,0.043078452348709106
7754,0.05357334390282631
7755,0.06177341938018799
7756,0.048394955694675446
7757,0.04371257871389389
7758,0.030915023759007454
7759,0.041950929909944534
7760,0.030679330229759216
7761,0.022727055475115776
7762,0.057799600064754486
7763,0.0685729831457138
7764,0.04446331411600113
7765,0.022579289972782135
7766,0.04679792746901512
7767,0.03130222484469414
7768,0.07745635509490967
7769,0.05411776900291443
7770,0.012029604986310005
7771,0.028085852041840553
7772,0.023922162130475044
7773,0.017037713900208473
7774,0.01796717382967472
7775,0.03685334324836731
7776,0.0419536828994751
7777,0.043166544288396835
7778,0.020501594990491867
7779,0.05100909247994423
7780,0.025128820911049843
7781,0.03724118322134018
7782,0.05178266018629074
7783,0.03505989909172058
7784,0.028819892555475235
7785,0.026752036064863205
7786,0.02327827177941799
7787,0.038585759699344635
7788,0.04107663407921791
7789,0.04596039280295372
7790,0.03497520834207535
7791,0.039761681109666824
7792,0.03058135136961937
7793,0.028752436861395836
7794,0.029629528522491455
7795,0.025255300104618073
7796,0.05244554951786995
7797,0.04309750720858574
7798,0.028507821261882782
7799,0.031869322061538696
7800,0.054324086755514145
7801,0.03099646419286728
7802,0.028803318738937378
7803,0.032749902456998825
7804,0.02505919151008129
7805,0.0242311991751194
7806,0.030512411147356033
7807,0.04478106275200844
7808,0.0541224330663681
7809,0.025818198919296265
7810,0.0259342510253191
7811,0.05991601571440697
7812,0.07648047059774399
7813,0.029010247439146042
7814,0.05128441005945206
7815,0.022020138800144196
7816,0.0596352145075798
7817,0.05554136633872986
7818,0.08856106549501419
7819,0.03963727876543999
7820,0.056948039680719376
7821,0.036686647683382034
7822,0.029208486899733543
7823,0.03811981528997421
7824,0.019933626055717468
7825,0.04087435454130173
7826,0.024745643138885498
7827,0.02821914106607437
7828,0.018216563388705254
7829,0.02991289459168911
7830,0.042883992195129395
7831,0.08435334265232086
7832,0.030459463596343994
7833,0.02896316722035408
7834,0.02318445034325123
7835,0.03725665807723999
7836,0.020513644441962242
7837,0.028663400560617447
7838,0.030369363725185394
7839,0.040951918810606
7840,0.02475094608962536
7841,0.0369613915681839
7842,0.06312713772058487
7843,0.029912017285823822
7844,0.0296807698905468
7845,0.018811127170920372
7846,0.029568973928689957
7847,0.049565862864255905
7848,0.033934641629457474
7849,0.05205930396914482
7850,0.05730118602514267
7851,0.036801017820835114
7852,0.02233259566128254
7853,0.02010948210954666
7854,0.024911221116781235
7855,0.03121355175971985
7856,0.03493993356823921
7857,0.034137215465307236
7858,0.02175930328667164
7859,0.03846803680062294
7860,0.07639725506305695
7861,0.05344962328672409
7862,0.027691369876265526
7863,0.03274219483137131
7864,0.028615085408091545
7865,0.035334404557943344
7866,0.03819101303815842
7867,0.032918743789196014
7868,0.039469603449106216
7869,0.02277781069278717
7870,0.05150647461414337
7871,0.026273097842931747
7872,0.030095595866441727
7873,0.05509750917553902
7874,0.02403874695301056
7875,0.03683554753661156
7876,0.03168172389268875
7877,0.03536351025104523
7878,0.04691847041249275
7879,0.032011449337005615
7880,0.04674146696925163
7881,0.03636886179447174
7882,0.04217425733804703
7883,0.04080464690923691
7884,0.08131405711174011
7885,0.06487669050693512
7886,0.07778032124042511
7887,0.029685191810131073
7888,0.06318466365337372
7889,0.026064803823828697
7890,0.04335062950849533
7891,0.02755066007375717
7892,0.0607108399271965
7893,0.0387672483921051
7894,0.021071236580610275
7895,0.03340159356594086
7896,0.06001605838537216
7897,0.04616202786564827
7898,0.03071233257651329
7899,0.031107593327760696
7900,0.06153297796845436
7901,0.04438013210892677
7902,0.04492349177598953
7903,0.02235175110399723
7904,0.03850525990128517
7905,0.02675255574285984
7906,0.024237770587205887
7907,0.025853736326098442
7908,0.02774302288889885
7909,0.022903071716427803
7910,0.047638408839702606
7911,0.05523369461297989
7912,0.05737179517745972
7913,0.051900677382946014
7914,0.030305657535791397
7915,0.03409482166171074
7916,0.038483187556266785
7917,0.04934435710310936
7918,0.07898180186748505
7919,0.03192459046840668
7920,0.048920609056949615
7921,0.055735405534505844
7922,0.05689467489719391
7923,0.0630226582288742
7924,0.032817989587783813
7925,0.048081208020448685
7926,0.04060555621981621
7927,0.04609424248337746
7928,0.11875131726264954
7929,0.0512908473610878
7930,0.05683586373925209
7931,0.034734874963760376
7932,0.03732560947537422
7933,0.026190543547272682
7934,0.05822985619306564
7935,0.08465350419282913
7936,0.04440680146217346
7937,0.03377990052103996
7938,0.05816848576068878
7939,0.03461817279458046
7940,0.02644597366452217
7941,0.05438746139407158
7942,0.059705398976802826
7943,0.019632019102573395
7944,0.060315925627946854
7945,0.07473709434270859
7946,0.06619895249605179
7947,0.02814381569623947
7948,0.029565591365098953
7949,0.054652731865644455
7950,0.02789425477385521
7951,0.017826013267040253
7952,0.07073702663183212
7953,0.032744087278842926
7954,0.022860350087285042
7955,0.04979114979505539
7956,0.03364640846848488
7957,0.046483784914016724
7958,0.02964026667177677
7959,0.035653453320264816
7960,0.037332259118556976
7961,0.0383148118853569
7962,0.028553912416100502
7963,0.026903413236141205
7964,0.03239035978913307
7965,0.02581280656158924
7966,0.04307318106293678
7967,0.026536675170063972
7968,0.055576764047145844
7969,0.025736337527632713
7970,0.027607474476099014
7971,0.0629505142569542
7972,0.07345154881477356
7973,0.06461266428232193
7974,0.027715155854821205
7975,0.02930491790175438
7976,0.02686648815870285
7977,0.02626892738044262
7978,0.03266054764389992
7979,0.01677756756544113
7980,0.04861374944448471
7981,0.019525567069649696
7982,0.04379408061504364
7983,0.026454748585820198
7984,0.04548879712820053
7985,0.025146253407001495
7986,0.025070305913686752
7987,0.020142564550042152
7988,0.05344204232096672
7989,0.02786877006292343
7990,0.04948415607213974
7991,0.04476171359419823
7992,0.07522731274366379
7993,0.022687118500471115
7994,0.051373958587646484
7995,0.022669369354844093
7996,0.060481563210487366
7997,0.029947413131594658
7998,0.029898814857006073
7999,0.04733620956540108
8000,0.026554469019174576
8001,0.021119052544236183
8002,0.02993241511285305
8003,0.06391571462154388
8004,0.021106893196702003
8005,0.055051982402801514
8006,0.05661081522703171
8007,0.04385538026690483
8008,0.05535765737295151
8009,0.026835890486836433
8010,0.04008979722857475
8011,0.04674100875854492
8012,0.03172867000102997
8013,0.06451157480478287
8014,0.041673313826322556
8015,0.054271068423986435
8016,0.04610741138458252
8017,0.06476783752441406
8018,0.026089061051607132
8019,0.06769566982984543
8020,0.03760046511888504
8021,0.02703820914030075
8022,0.02855951339006424
8023,0.03925611451268196
8024,0.03723616898059845
8025,0.023441243916749954
8026,0.06802671402692795
8027,0.08122601360082626
8028,0.04990871250629425
8029,0.04408647492527962
8030,0.026724763214588165
8031,0.023922737687826157
8032,0.025109922513365746
8033,0.025849219411611557
8034,0.07799643278121948
8035,0.022723380476236343
8036,0.043526094406843185
8037,0.07733190804719925
8038,0.045247629284858704
8039,0.038286492228507996
8040,0.04450485110282898
8041,0.03885580599308014
8042,0.023700853809714317
8043,0.03193678334355354
8044,0.041501984000205994
8045,0.039661113172769547
8046,0.03354143351316452
8047,0.031147945672273636
8048,0.06129860505461693
8049,0.048012249171733856
8050,0.05008559301495552
8051,0.05033266171813011
8052,0.050538308918476105
8053,0.0602184496819973
8054,0.07426076382398605
8055,0.05120900273323059
8056,0.04932309687137604
8057,0.029228616505861282
8058,0.07078768312931061
8059,0.05813852325081825
8060,0.02854221500456333
8061,0.036113135516643524
8062,0.03008425422012806
8063,0.056912053376436234
8064,0.05718968063592911
8065,0.05226103216409683
8066,0.02592421881854534
8067,0.024054937064647675
8068,0.028115106746554375
8069,0.046048421412706375
8070,0.04670409858226776
8071,0.023057948797941208
8072,0.039384402334690094
8073,0.02340051904320717
8074,0.035372987389564514
8075,0.025534946471452713
8076,0.029528005048632622
8077,0.0331450030207634
8078,0.04470470920205116
8079,0.04929850995540619
8080,0.03192013502120972
8081,0.05255868658423424
8082,0.035356950014829636
8083,0.05126233398914337
8084,0.053224481642246246
8085,0.049228254705667496
8086,0.03881360590457916
8087,0.08466968685388565
8088,0.06844207644462585
8089,0.029637927189469337
8090,0.03769354149699211
8091,0.10020353645086288
8092,0.02799377590417862
8093,0.07875312864780426
8094,0.04120916873216629
8095,0.027119353413581848
8096,0.042242106050252914
8097,0.030721619725227356
8098,0.06029660999774933
8099,0.04297954589128494
8100,0.07936236262321472
8101,0.03862106427550316
8102,0.03710254281759262
8103,0.08646438270807266
8104,0.020794956013560295
8105,0.024620600044727325
8106,0.029888704419136047
8107,0.044487714767456055
8108,0.025909479707479477
8109,0.029106277972459793
8110,0.057330917567014694
8111,0.04139593988656998
8112,0.04536967724561691
8113,0.03618921339511871
8114,0.053014181554317474
8115,0.028239618986845016
8116,0.046464696526527405
8117,0.03967723250389099
8118,0.07398608326911926
8119,0.028299663215875626
8120,0.047889724373817444
8121,0.05336163565516472
8122,0.0846090167760849
8123,0.04084228351712227
8124,0.059401046484708786
8125,0.03265546262264252
8126,0.06274460256099701
8127,0.0393676683306694
8128,0.025370918214321136
8129,0.05205005779862404
8130,0.02115899696946144
8131,0.029238946735858917
8132,0.04306550696492195
8133,0.02897939831018448
8134,0.021079642698168755
8135,0.11213651299476624
8136,0.07166604697704315
8137,0.02686425670981407
8138,0.035259928554296494
8139,0.027789505198597908
8140,0.027502402663230896
8141,0.02958003059029579
8142,0.043650440871715546
8143,0.032607100903987885
8144,0.046649739146232605
8145,0.04686402529478073
8146,0.045703690499067307
8147,0.05609704181551933
8148,0.03311494365334511
8149,0.03052457422018051
8150,0.028302498161792755
8151,0.04360923916101456
8152,0.06591364741325378
8153,0.04747704416513443
8154,0.027155665680766106
8155,0.047728218138217926
8156,0.018145283684134483
8157,0.06230130419135094
8158,0.03988422080874443
8159,0.03212177753448486
8160,0.034087300300598145
8161,0.06851497292518616
8162,0.018814360722899437
8163,0.04466736316680908
8164,0.05083797127008438
8165,0.02378082275390625
8166,0.03739529103040695
8167,0.04461396485567093
8168,0.031960517168045044
8169,0.017553966492414474
8170,0.026598338037729263
8171,0.031291622668504715
8172,0.08186913281679153
8173,0.014984529465436935
8174,0.06018950790166855
8175,0.09615538269281387
8176,0.055709511041641235
8177,0.05726763978600502
8178,0.039541058242321014
8179,0.028835607692599297
8180,0.02743302285671234
8181,0.031001608818769455
8182,0.027086112648248672
8183,0.07895172387361526
8184,0.05266638100147247
8185,0.024126626551151276
8186,0.03977777808904648
8187,0.06713763624429703
8188,0.02472808212041855
8189,0.03023439273238182
8190,0.10549356043338776
8191,0.029985614120960236
8192,0.025349656119942665
8193,0.04339990392327309
8194,0.04859697446227074
8195,0.03703766688704491
8196,0.02694440819323063
8197,0.04757624864578247
8198,0.04908212646842003
8199,0.029383786022663116
8200,0.0420171320438385
8201,0.03359224647283554
8202,0.023903392255306244
8203,0.03861801698803902
8204,0.02807157300412655
8205,0.023707348853349686
8206,0.04182124137878418
8207,0.04299793764948845
8208,0.042681049555540085
8209,0.06329969316720963
8210,0.03307052329182625
8211,0.027505606412887573
8212,0.02085740678012371
8213,0.022554989904165268
8214,0.027734102681279182
8215,0.04511268436908722
8216,0.02664061076939106
8217,0.05222121253609657
8218,0.04232542961835861
8219,0.04152440279722214
8220,0.05197296291589737
8221,0.035483889281749725
8222,0.03155198693275452
8223,0.04176964610815048
8224,0.047545261681079865
8225,0.02700568363070488
8226,0.02143009752035141
8227,0.030430037528276443
8228,0.040726687759160995
8229,0.06874601542949677
8230,0.0331023633480072
8231,0.05730085447430611
8232,0.02331622503697872
8233,0.023056969046592712
8234,0.04131244122982025
8235,0.03898756951093674
8236,0.0443730466067791
8237,0.03227931261062622
8238,0.04454207420349121
8239,0.020693551748991013
8240,0.04890238866209984
8241,0.06373243033885956
8242,0.03512407839298248
8243,0.0398397371172905
8244,0.061392128467559814
8245,0.02236684411764145
8246,0.05709674954414368
8247,0.020392347127199173
8248,0.029080618172883987
8249,0.04814896360039711
8250,0.05603963881731033
8251,0.07922591269016266
8252,0.03616616129875183
8253,0.03687359765172005
8254,0.041750237345695496
8255,0.02567431889474392
8256,0.023607049137353897
8257,0.03614383563399315
8258,0.026025572791695595
8259,0.024180207401514053
8260,0.03294520080089569
8261,0.03869428485631943
8262,0.03469094634056091
8263,0.024585524573922157
8264,0.052563272416591644
8265,0.044453080743551254
8266,0.03940163925290108
8267,0.027791187167167664
8268,0.029286688193678856
8269,0.059399187564849854
8270,0.023185215890407562
8271,0.02881666272878647
8272,0.03948837146162987
8273,0.027954764664173126
8274,0.07030046731233597
8275,0.04200514405965805
8276,0.059014949947595596
8277,0.03470813110470772
8278,0.025968899950385094
8279,0.05746673420071602
8280,0.03466928377747536
8281,0.062232956290245056
8282,0.06872569769620895
8283,0.03200545907020569
8284,0.03390693664550781
8285,0.029001494869589806
8286,0.023382030427455902
8287,0.031109746545553207
8288,0.02220071107149124
8289,0.06225769966840744
8290,0.031427375972270966
8291,0.048449888825416565
8292,0.042871154844760895
8293,0.024379568174481392
8294,0.04855185002088547
8295,0.02718370594084263
8296,0.07621943205595016
8297,0.029132744297385216
8298,0.04059557989239693
8299,0.056462351232767105
8300,0.039039649069309235
8301,0.01958390325307846
8302,0.021528078243136406
8303,0.02682172879576683
8304,0.021840715780854225
8305,0.04488508403301239
8306,0.04481026902794838
8307,0.025924639776349068
8308,0.025307264178991318
8309,0.02566939778625965
8310,0.053550392389297485
8311,0.03983607515692711
8312,0.03240927308797836
8313,0.033089954406023026
8314,0.0577300488948822
8315,0.05014389753341675
8316,0.023583127185702324
8317,0.04742521047592163
8318,0.020618567243218422
8319,0.02481904812157154
8320,0.06632256507873535
8321,0.042595040053129196
8322,0.04667367786169052
8323,0.037814997136592865
8324,0.026427701115608215
8325,0.03448786586523056
8326,0.051741667091846466
8327,0.0389728806912899
8328,0.03814989700913429
8329,0.04145292565226555
8330,0.032720599323511124
8331,0.03043588437139988
8332,0.07153896987438202
8333,0.05708444118499756
8334,0.033032216131687164
8335,0.04062256962060928
8336,0.08549124747514725
8337,0.04117174446582794
8338,0.04116307944059372
8339,0.028136035427451134
8340,0.04444177448749542
8341,0.05591262876987457
8342,0.02057175152003765
8343,0.028638187795877457
8344,0.03998889401555061
8345,0.051899656653404236
8346,0.029669199138879776
8347,0.02914334088563919
8348,0.060578398406505585
8349,0.04262639582157135
8350,0.025603825226426125
8351,0.018368668854236603
8352,0.0507446750998497
8353,0.026475831866264343
8354,0.027984818443655968
8355,0.025390885770320892
8356,0.04364228621125221
8357,0.05822877585887909
8358,0.03672126680612564
8359,0.04130803793668747
8360,0.03541534021496773
8361,0.05346224084496498
8362,0.03752507269382477
8363,0.04631883278489113
8364,0.03210318088531494
8365,0.03017977625131607
8366,0.04998849704861641
8367,0.03763327747583389
8368,0.017534848302602768
8369,0.03740083426237106
8370,0.04532625526189804
8371,0.0668194368481636
8372,0.04285680130124092
8373,0.048976294696331024
8374,0.04029107093811035
8375,0.06459170579910278
8376,0.06063062697649002
8377,0.030293241143226624
8378,0.020270537585020065
8379,0.0271218903362751
8380,0.03452562913298607
8381,0.021209796890616417
8382,0.05497237294912338
8383,0.043507520109415054
8384,0.04005139693617821
8385,0.06514057517051697
8386,0.04351690411567688
8387,0.039994340389966965
8388,0.051671385765075684
8389,0.03674892708659172
8390,0.045864589512348175
8391,0.026939632371068
8392,0.024518104270100594
8393,0.05196055397391319
8394,0.027631059288978577
8395,0.07003768533468246
8396,0.043976567685604095
8397,0.02682129666209221
8398,0.03326323255896568
8399,0.028888316825032234
8400,0.041438762098550797
8401,0.04129231721162796
8402,0.018191184848546982
8403,0.029590226709842682
8404,0.02046295255422592
8405,0.0332329198718071
8406,0.03367891162633896
8407,0.041063446551561356
8408,0.017667779698967934
8409,0.04936749488115311
8410,0.05889156833291054
8411,0.023468278348445892
8412,0.037080246955156326
8413,0.023372707888484
8414,0.05072876065969467
8415,0.032193537801504135
8416,0.046877190470695496
8417,0.0476016029715538
8418,0.030563853681087494
8419,0.043184276670217514
8420,0.026119546964764595
8421,0.03532496467232704
8422,0.06049713119864464
8423,0.03346960246562958
8424,0.05719107761979103
8425,0.03324567526578903
8426,0.04455703869462013
8427,0.016696657985448837
8428,0.02767643891274929
8429,0.054900992661714554
8430,0.04335402324795723
8431,0.04718406870961189
8432,0.038268230855464935
8433,0.026022065430879593
8434,0.02844717726111412
8435,0.04719680920243263
8436,0.023200366646051407
8437,0.041594769805669785
8438,0.027931753545999527
8439,0.03220943361520767
8440,0.03762742504477501
8441,0.02588494122028351
8442,0.036187294870615005
8443,0.034874457865953445
8444,0.040386464446783066
8445,0.05808417126536369
8446,0.03499579057097435
8447,0.03323157876729965
8448,0.037536777555942535
8449,0.031576331704854965
8450,0.0589018352329731
8451,0.04580002650618553
8452,0.02408010885119438
8453,0.045754287391901016
8454,0.03599606826901436
8455,0.036683566868305206
8456,0.04519171640276909
8457,0.04105868563055992
8458,0.0786527544260025
8459,0.02152305468916893
8460,0.037414129823446274
8461,0.026702765375375748
8462,0.04711819067597389
8463,0.05654441565275192
8464,0.022007279098033905
8465,0.05028597265481949
8466,0.018041569739580154
8467,0.04988009110093117
8468,0.030350763350725174
8469,0.014750699512660503
8470,0.042185839265584946
8471,0.025632377713918686
8472,0.035091184079647064
8473,0.03501012548804283
8474,0.06149608641862869
8475,0.04892759025096893
8476,0.051095593720674515
8477,0.06740391999483109
8478,0.035373710095882416
8479,0.031088244169950485
8480,0.0325876921415329
8481,0.0475570484995842
8482,0.04933638498187065
8483,0.04343560338020325
8484,0.05243286117911339
8485,0.06903592497110367
8486,0.04552847892045975
8487,0.023661356419324875
8488,0.027667392045259476
8489,0.023292826488614082
8490,0.02031293697655201
8491,0.03586327284574509
8492,0.05198921635746956
8493,0.03562666475772858
8494,0.0493726022541523
8495,0.08143457770347595
8496,0.051123082637786865
8497,0.03383767977356911
8498,0.05016712099313736
8499,0.04701943323016167
8500,0.026047004386782646
8501,0.047340866178274155
8502,0.062411002814769745
8503,0.031003249809145927
8504,0.05068016052246094
8505,0.03650198131799698
8506,0.04415251687169075
8507,0.03164781630039215
8508,0.046095460653305054
8509,0.050909623503685
8510,0.026403285562992096
8511,0.07353194802999496
8512,0.03432492911815643
8513,0.06297262758016586
8514,0.04553353413939476
8515,0.03704702481627464
8516,0.05976177379488945
8517,0.03257626295089722
8518,0.06178750842809677
8519,0.03518328070640564
8520,0.02616756409406662
8521,0.018716217949986458
8522,0.05243252217769623
8523,0.01785634458065033
8524,0.01994366943836212
8525,0.040501564741134644
8526,0.04407743364572525
8527,0.03655447065830231
8528,0.05716901272535324
8529,0.03149143233895302
8530,0.038398295640945435
8531,0.023101478815078735
8532,0.08145084232091904
8533,0.0200633741915226
8534,0.032370537519454956
8535,0.02699005790054798
8536,0.027112768962979317
8537,0.059826068580150604
8538,0.0311711598187685
8539,0.0883343294262886
8540,0.02291891723871231
8541,0.04443381354212761
8542,0.058769047260284424
8543,0.03933272510766983
8544,0.06001384183764458
8545,0.03805029019713402
8546,0.0730057805776596
8547,0.048428718000650406
8548,0.027727246284484863
8549,0.03435515612363815
8550,0.06106153875589371
8551,0.015498153865337372
8552,0.027232985943555832
8553,0.05004088953137398
8554,0.03139932453632355
8555,0.036282964050769806
8556,0.02936732769012451
8557,0.04719460755586624
8558,0.05486372858285904
8559,0.022459931671619415
8560,0.018332552164793015
8561,0.05643482878804207
8562,0.019843166694045067
8563,0.030768919736146927
8564,0.023004665970802307
8565,0.04035989195108414
8566,0.02155313640832901
8567,0.017159586772322655
8568,0.05575641244649887
8569,0.02052849344909191
8570,0.040396545082330704
8571,0.02436208724975586
8572,0.038073956966400146
8573,0.019713176414370537
8574,0.04100427031517029
8575,0.05344023555517197
8576,0.022168919444084167
8577,0.07560810446739197
8578,0.03984934464097023
8579,0.05630522221326828
8580,0.07019662857055664
8581,0.016839783638715744
8582,0.03860443830490112
8583,0.04448947310447693
8584,0.033473894000053406
8585,0.023565730080008507
8586,0.06254444271326065
8587,0.023161737248301506
8588,0.03149920701980591
8589,0.06703297793865204
8590,0.029962215572595596
8591,0.06157243996858597
8592,0.031949732452631
8593,0.054406020790338516
8594,0.034824296832084656
8595,0.04457054287195206
8596,0.05961025133728981
8597,0.05651373416185379
8598,0.06812776625156403
8599,0.06359471380710602
8600,0.06552818417549133
8601,0.021640561521053314
8602,0.027437761425971985
8603,0.05652173236012459
8604,0.02952231839299202
8605,0.03163977339863777
8606,0.04343185946345329
8607,0.02375352568924427
8608,0.043441351503133774
8609,0.04371010512113571
8610,0.04460839927196503
8611,0.08845897763967514
8612,0.02154332585632801
8613,0.030974609777331352
8614,0.05217253416776657
8615,0.038160718977451324
8616,0.02279859408736229
8617,0.032299596816301346
8618,0.059661272913217545
8619,0.057416632771492004
8620,0.022482747212052345
8621,0.04964710772037506
8622,0.03917767107486725
8623,0.020765189081430435
8624,0.04837288707494736
8625,0.029048198834061623
8626,0.02741791307926178
8627,0.04808054119348526
8628,0.027183670550584793
8629,0.017860129475593567
8630,0.019017433747649193
8631,0.018540773540735245
8632,0.0726131722331047
8633,0.029417986050248146
8634,0.060820695012807846
8635,0.03380958363413811
8636,0.059345804154872894
8637,0.022095907479524612
8638,0.05061402916908264
8639,0.0432349368929863
8640,0.04311027005314827
8641,0.07140332460403442
8642,0.01778602786362171
8643,0.03819230571389198
8644,0.023175233975052834
8645,0.03440985828638077
8646,0.03341015800833702
8647,0.034189075231552124
8648,0.018361499533057213
8649,0.04802314192056656
8650,0.03712277114391327
8651,0.025712784379720688
8652,0.023057589307427406
8653,0.022386055439710617
8654,0.05997733771800995
8655,0.04011908173561096
8656,0.031811416149139404
8657,0.041480906307697296
8658,0.03135211020708084
8659,0.057041555643081665
8660,0.04850313439965248
8661,0.031551335006952286
8662,0.015503955073654652
8663,0.02775319293141365
8664,0.050150662660598755
8665,0.02724326401948929
8666,0.036057040095329285
8667,0.02836238406598568
8668,0.03730669617652893
8669,0.025765057653188705
8670,0.023297647014260292
8671,0.029087519273161888
8672,0.04796646535396576
8673,0.025174755603075027
8674,0.021906103938817978
8675,0.056849829852581024
8676,0.05826161801815033
8677,0.031216349452733994
8678,0.027131471782922745
8679,0.03266307711601257
8680,0.02459825575351715
8681,0.07228796184062958
8682,0.027339059859514236
8683,0.04747585579752922
8684,0.019437171518802643
8685,0.028530819341540337
8686,0.033249545842409134
8687,0.06231388822197914
8688,0.04549546167254448
8689,0.050519075244665146
8690,0.028218694031238556
8691,0.036619752645492554
8692,0.0332396924495697
8693,0.048597585409879684
8694,0.01787734031677246
8695,0.025076333433389664
8696,0.04313252493739128
8697,0.03799334540963173
8698,0.05710100755095482
8699,0.018538935109972954
8700,0.03539876267313957
8701,0.039227522909641266
8702,0.050771716982126236
8703,0.04002385213971138
8704,0.050055332481861115
8705,0.050609905272722244
8706,0.04326725751161575
8707,0.046038031578063965
8708,0.036301594227552414
8709,0.03374021127820015
8710,0.06123301014304161
8711,0.027554892003536224
8712,0.022806890308856964
8713,0.038335952907800674
8714,0.045600228011608124
8715,0.0677688717842102
8716,0.03259719908237457
8717,0.06630979478359222
8718,0.021259021013975143
8719,0.04932689294219017
8720,0.031152116134762764
8721,0.024356095120310783
8722,0.027956653386354446
8723,0.04722929745912552
8724,0.021685633808374405
8725,0.06980334222316742
8726,0.04215481877326965
8727,0.03655599430203438
8728,0.026176441460847855
8729,0.04001668095588684
8730,0.03494356572628021
8731,0.09374308586120605
8732,0.050225917249917984
8733,0.04128407686948776
8734,0.030379721894860268
8735,0.02949066273868084
8736,0.04522069916129112
8737,0.02831251360476017
8738,0.06088676303625107
8739,0.024212174117565155
8740,0.016118792816996574
8741,0.02703264355659485
8742,0.02208675630390644
8743,0.09514285624027252
8744,0.019645629450678825
8745,0.023135721683502197
8746,0.018655935302376747
8747,0.04242240637540817
8748,0.028860041871666908
8749,0.041161615401506424
8750,0.022760309278964996
8751,0.0333685539662838
8752,0.03834539279341698
8753,0.03126199543476105
8754,0.03268629312515259
8755,0.03991027548909187
8756,0.026357458904385567
8757,0.023718303069472313
8758,0.025190794840455055
8759,0.03573959320783615
8760,0.048639073967933655
8761,0.054346825927495956
8762,0.022211242467164993
8763,0.024812359362840652
8764,0.025328053161501884
8765,0.015568500384688377
8766,0.02998325787484646
8767,0.019967099651694298
8768,0.03745013847947121
8769,0.020194770768284798
8770,0.05387652665376663
8771,0.023109624162316322
8772,0.05101795494556427
8773,0.0297275148332119
8774,0.046819910407066345
8775,0.027456851676106453
8776,0.03867088258266449
8777,0.033585257828235626
8778,0.03908611461520195
8779,0.05481632798910141
8780,0.03341972455382347
8781,0.056402064859867096
8782,0.01547279767692089
8783,0.06844582408666611
8784,0.024735277518630028
8785,0.028202258050441742
8786,0.03297872096300125
8787,0.02678030915558338
8788,0.05408845096826553
8789,0.055193159729242325
8790,0.047803446650505066
8791,0.04526762664318085
8792,0.07040462642908096
8793,0.029700331389904022
8794,0.028674548491835594
8795,0.06830240786075592
8796,0.023953616619110107
8797,0.03227061405777931
8798,0.0399797298014164
8799,0.1159653589129448
8800,0.031605470925569534
8801,0.030196931213140488
8802,0.08068279922008514
8803,0.06435245275497437
8804,0.059718068689107895
8805,0.05973081290721893
8806,0.02778741344809532
8807,0.05778198689222336
8808,0.048745401203632355
8809,0.035300228744745255
8810,0.06711751222610474
8811,0.022342966869473457
8812,0.04237303510308266
8813,0.0411786250770092
8814,0.02100946754217148
8815,0.03687739744782448
8816,0.02293234132230282
8817,0.06495684385299683
8818,0.03317292779684067
8819,0.06219251826405525
8820,0.08931228518486023
8821,0.03450337052345276
8822,0.020664768293499947
8823,0.05701841041445732
8824,0.05363199859857559
8825,0.02208859845995903
8826,0.036513492465019226
8827,0.04521538317203522
8828,0.017988957464694977
8829,0.030819091945886612
8830,0.04168761894106865
8831,0.05489806830883026
8832,0.05155462026596069
8833,0.0435434989631176
8834,0.03471032530069351
8835,0.02943851798772812
8836,0.021409885957837105
8837,0.03035411611199379
8838,0.05725428834557533
8839,0.03281334042549133
8840,0.030664201825857162
8841,0.02379778027534485
8842,0.04793667048215866
8843,0.03172672912478447
8844,0.06693031638860703
8845,0.017383940517902374
8846,0.03507763892412186
8847,0.039461031556129456
8848,0.019722705706954002
8849,0.05264415591955185
8850,0.04046817123889923
8851,0.03426274284720421
8852,0.0502094030380249
8853,0.025868773460388184
8854,0.03500176966190338
8855,0.038714829832315445
8856,0.039503324776887894
8857,0.06178554520010948
8858,0.028821222484111786
8859,0.023968398571014404
8860,0.03245040029287338
8861,0.03715268149971962
8862,0.05840522423386574
8863,0.039030522108078
8864,0.06471782177686691
8865,0.04049977287650108
8866,0.021407505497336388
8867,0.02283771149814129
8868,0.048978399485349655
8869,0.05064918473362923
8870,0.032427117228507996
8871,0.038564957678318024
8872,0.015664108097553253
8873,0.031004812568426132
8874,0.07894640415906906
8875,0.04036107659339905
8876,0.019033724442124367
8877,0.030710462480783463
8878,0.0230201818048954
8879,0.020272571593523026
8880,0.039784226566553116
8881,0.0806957334280014
8882,0.030753489583730698
8883,0.029510607942938805
8884,0.07646708935499191
8885,0.04580889642238617
8886,0.05486825108528137
8887,0.04539524391293526
8888,0.0314614400267601
8889,0.03632832691073418
8890,0.070543073117733
8891,0.057863906025886536
8892,0.045573387295007706
8893,0.04814149811863899
8894,0.02740202285349369
8895,0.0554475411772728
8896,0.07469683885574341
8897,0.033241916447877884
8898,0.018538150936365128
8899,0.018778175115585327
8900,0.02403848245739937
8901,0.0267717856913805
8902,0.042974647134542465
8903,0.022908398881554604
8904,0.03858940303325653
8905,0.056628018617630005
8906,0.0634550228714943
8907,0.037958625704050064
8908,0.029990246519446373
8909,0.0225076824426651
8910,0.0338943786919117
8911,0.03640098124742508
8912,0.023663917556405067
8913,0.05850043147802353
8914,0.03991043567657471
8915,0.04666006565093994
8916,0.05710521712899208
8917,0.04147519916296005
8918,0.0420360304415226
8919,0.030129259452223778
8920,0.025577284395694733
8921,0.02907719276845455
8922,0.015205774456262589
8923,0.04629994556307793
8924,0.07577240467071533
8925,0.031562887132167816
8926,0.05214565619826317
8927,0.033148135989904404
8928,0.051940370351076126
8929,0.0428524874150753
8930,0.02884320169687271
8931,0.03962356597185135
8932,0.03298742696642876
8933,0.0391346737742424
8934,0.01784716546535492
8935,0.04681101813912392
8936,0.06397765129804611
8937,0.021128077059984207
8938,0.02383207529783249
8939,0.04054054617881775
8940,0.05660027265548706
8941,0.03327173739671707
8942,0.0792095810174942
8943,0.06598522514104843
8944,0.029071714729070663
8945,0.05810545012354851
8946,0.03736318647861481
8947,0.044142574071884155
8948,0.03579351678490639
8949,0.0202445387840271
8950,0.020311901345849037
8951,0.030043764039874077
8952,0.034761831164360046
8953,0.044683776795864105
8954,0.02805875614285469
8955,0.07860683649778366
8956,0.08493969589471817
8957,0.03873404487967491
8958,0.06237202137708664
8959,0.02070680633187294
8960,0.03709496930241585
8961,0.0506814606487751
8962,0.015988333150744438
8963,0.06598774343729019
8964,0.02506093867123127
8965,0.05926838889718056
8966,0.028538087382912636
8967,0.029266739264130592
8968,0.030786477029323578
8969,0.07828348875045776
8970,0.02755163423717022
8971,0.02593439631164074
8972,0.039774976670742035
8973,0.04135526716709137
8974,0.022707287222146988
8975,0.07194222509860992
8976,0.0237641092389822
8977,0.032145898789167404
8978,0.03104221262037754
8979,0.04813330993056297
8980,0.05216417834162712
8981,0.028850995004177094
8982,0.024134784936904907
8983,0.06063062697649002
8984,0.03254690766334534
8985,0.062263719737529755
8986,0.023563899099826813
8987,0.045969683676958084
8988,0.015961337834596634
8989,0.05105021223425865
8990,0.030246002599596977
8991,0.08521471917629242
8992,0.020667655393481255
8993,0.017630882561206818
8994,0.025519980117678642
8995,0.028289098292589188
8996,0.02076161652803421
8997,0.0415036715567112
8998,0.023185504600405693
8999,0.04493263363838196
9000,0.04692533612251282
9001,0.026994619518518448
9002,0.04212711751461029
9003,0.03722699359059334
9004,0.057098452001810074
9005,0.028171125799417496
9006,0.043093807995319366
9007,0.014842369593679905
9008,0.02851087786257267
9009,0.02914872206747532
9010,0.038789957761764526
9011,0.02844284288585186
9012,0.07704327255487442
9013,0.029499758034944534
9014,0.04262605309486389
9015,0.04219118878245354
9016,0.05826181918382645
9017,0.02266625314950943
9018,0.0200590081512928
9019,0.03789876773953438
9020,0.017243269830942154
9021,0.019937893375754356
9022,0.03324843943119049
9023,0.01578393578529358
9024,0.018999410793185234
9025,0.049106813967227936
9026,0.04778442904353142
9027,0.02090444602072239
9028,0.044172510504722595
9029,0.02463347837328911
9030,0.03233259543776512
9031,0.02763650193810463
9032,0.02892153523862362
9033,0.023599587380886078
9034,0.048036202788352966
9035,0.037185560911893845
9036,0.05668061971664429
9037,0.034014225006103516
9038,0.029605163261294365
9039,0.042195700109004974
9040,0.023504819720983505
9041,0.03823680430650711
9042,0.022994808852672577
9043,0.02479286678135395
9044,0.13762646913528442
9045,0.026462912559509277
9046,0.05587686598300934
9047,0.027310309931635857
9048,0.054798565804958344
9049,0.055821653455495834
9050,0.0283017847687006
9051,0.04087835177779198
9052,0.02776939980685711
9053,0.06818091869354248
9054,0.025562847033143044
9055,0.021932248026132584
9056,0.030767112970352173
9057,0.04217749089002609
9058,0.0716920867562294
9059,0.030848171561956406
9060,0.027730409055948257
9061,0.052921880036592484
9062,0.04474840313196182
9063,0.043561629951000214
9064,0.03444145247340202
9065,0.05517130345106125
9066,0.017870426177978516
9067,0.03145824745297432
9068,0.043896257877349854
9069,0.03328070789575577
9070,0.03124460205435753
9071,0.045002613216638565
9072,0.04336753115057945
9073,0.032922547310590744
9074,0.06652498245239258
9075,0.0384257547557354
9076,0.022032396867871284
9077,0.06104578077793121
9078,0.03815450891852379
9079,0.01856348104774952
9080,0.04021543264389038
9081,0.08999878168106079
9082,0.03857119753956795
9083,0.06028403341770172
9084,0.01905837468802929
9085,0.017926473170518875
9086,0.03757846727967262
9087,0.07462475448846817
9088,0.02820725552737713
9089,0.05790583789348602
9090,0.05741354823112488
9091,0.042661264538764954
9092,0.03346889093518257
9093,0.02223154529929161
9094,0.01706678420305252
9095,0.03559961915016174
9096,0.024723511189222336
9097,0.07290451228618622
9098,0.03482989966869354
9099,0.028010088950395584
9100,0.06258626282215118
9101,0.021069901064038277
9102,0.05240622162818909
9103,0.023943960666656494
9104,0.040857043117284775
9105,0.05950888246297836
9106,0.03574657812714577
9107,0.033958617597818375
9108,0.04712079465389252
9109,0.018711036071181297
9110,0.03127649053931236
9111,0.03543893247842789
9112,0.021174302324652672
9113,0.021372267976403236
9114,0.05994347855448723
9115,0.02750491164624691
9116,0.01781504787504673
9117,0.0372467003762722
9118,0.05090227350592613
9119,0.0465756393969059
9120,0.016813816502690315
9121,0.07234319299459457
9122,0.07168834656476974
9123,0.0359993577003479
9124,0.013970400206744671
9125,0.034509554505348206
9126,0.02469688281416893
9127,0.051541268825531006
9128,0.02780231647193432
9129,0.025950955227017403
9130,0.037903741002082825
9131,0.04960191994905472
9132,0.027499809861183167
9133,0.029903028160333633
9134,0.031209466978907585
9135,0.059016063809394836
9136,0.04667491838335991
9137,0.028647368773818016
9138,0.027668090537190437
9139,0.053049810230731964
9140,0.03168078884482384
9141,0.04606752097606659
9142,0.029591232538223267
9143,0.02431059256196022
9144,0.04590343311429024
9145,0.03827141225337982
9146,0.020019173622131348
9147,0.04913267493247986
9148,0.02318301424384117
9149,0.02109505981206894
9150,0.0801624283194542
9151,0.024353500455617905
9152,0.08257037401199341
9153,0.04449976235628128
9154,0.09068040549755096
9155,0.027272939682006836
9156,0.04285542294383049
9157,0.04787793010473251
9158,0.045720022171735764
9159,0.022377727553248405
9160,0.05702529847621918
9161,0.028128286823630333
9162,0.019999980926513672
9163,0.055259205400943756
9164,0.053898245096206665
9165,0.037849947810173035
9166,0.028203167021274567
9167,0.01957191526889801
9168,0.021260004490613937
9169,0.023307234048843384
9170,0.029864665120840073
9171,0.0391896516084671
9172,0.019607899710536003
9173,0.044338397681713104
9174,0.03685993701219559
9175,0.046973831951618195
9176,0.026013150811195374
9177,0.06055903062224388
9178,0.05791553109884262
9179,0.03954716771841049
9180,0.06294527649879456
9181,0.020853262394666672
9182,0.03630349040031433
9183,0.03717247396707535
9184,0.04524878412485123
9185,0.027274461463093758
9186,0.04376776143908501
9187,0.08462481200695038
9188,0.031898126006126404
9189,0.031241610646247864
9190,0.04709910973906517
9191,0.02610117942094803
9192,0.060153163969516754
9193,0.03685476630926132
9194,0.04614291340112686
9195,0.027803974226117134
9196,0.07559916377067566
9197,0.04361042380332947
9198,0.03924371302127838
9199,0.04477750509977341
9200,0.040053822100162506
9201,0.03735816106200218
9202,0.021697865799069405
9203,0.038155410438776016
9204,0.029298745095729828
9205,0.0499340184032917
9206,0.039586275815963745
9207,0.03277613967657089
9208,0.0473187118768692
9209,0.03549783304333687
9210,0.041900794953107834
9211,0.03206578269600868
9212,0.03064989484846592
9213,0.050539903342723846
9214,0.026016876101493835
9215,0.0411752387881279
9216,0.03258929401636124
9217,0.0341016910970211
9218,0.059812307357788086
9219,0.03546949848532677
9220,0.031224720180034637
9221,0.023315628990530968
9222,0.07297838479280472
9223,0.02775571681559086
9224,0.03707978129386902
9225,0.03913053870201111
9226,0.0441039577126503
9227,0.04047228768467903
9228,0.040732063353061676
9229,0.06050232797861099
9230,0.03602917492389679
9231,0.016766341403126717
9232,0.031717777252197266
9233,0.03574054315686226
9234,0.06304503232240677
9235,0.028481362387537956
9236,0.031859807670116425
9237,0.057646073400974274
9238,0.022257519885897636
9239,0.03973093256354332
9240,0.03787240386009216
9241,0.08097010105848312
9242,0.06261862069368362
9243,0.02121732011437416
9244,0.020256510004401207
9245,0.027090294286608696
9246,0.04653630405664444
9247,0.03813005983829498
9248,0.030379602685570717
9249,0.03076845221221447
9250,0.07629717886447906
9251,0.03415185213088989
9252,0.04083748161792755
9253,0.033317163586616516
9254,0.02141483686864376
9255,0.02974594570696354
9256,0.0361180454492569
9257,0.055821310728788376
9258,0.04679528623819351
9259,0.016228770837187767
9260,0.021011080592870712
9261,0.03374066948890686
9262,0.04245516285300255
9263,0.04777427762746811
9264,0.037863586097955704
9265,0.028934499248862267
9266,0.0207716915756464
9267,0.041600894182920456
9268,0.028306106105446815
9269,0.043814145028591156
9270,0.03163928538560867
9271,0.062308941036462784
9272,0.022379068657755852
9273,0.036488134413957596
9274,0.04959496110677719
9275,0.0673852264881134
9276,0.04722209274768829
9277,0.09492409229278564
9278,0.042753830552101135
9279,0.03558046743273735
9280,0.03461287543177605
9281,0.04314437136054039
9282,0.027159377932548523
9283,0.0679595097899437
9284,0.03153073787689209
9285,0.04603351652622223
9286,0.03892377018928528
9287,0.057161845266819
9288,0.04936036095023155
9289,0.03255049139261246
9290,0.040727876126766205
9291,0.028399992734193802
9292,0.04560389369726181
9293,0.03163408488035202
9294,0.018784113228321075
9295,0.03407123312354088
9296,0.041686609387397766
9297,0.02994326502084732
9298,0.046846210956573486
9299,0.037278130650520325
9300,0.03985191509127617
9301,0.06323650479316711
9302,0.03687681630253792
9303,0.020181041210889816
9304,0.022750860080122948
9305,0.018293973058462143
9306,0.02671460434794426
9307,0.025870023295283318
9308,0.05133095011115074
9309,0.028891444206237793
9310,0.031135214492678642
9311,0.022226864472031593
9312,0.018555181100964546
9313,0.02202533558011055
9314,0.03910509869456291
9315,0.026347018778324127
9316,0.017070423811674118
9317,0.027857216075062752
9318,0.03388914838433266
9319,0.03175380080938339
9320,0.046925466507673264
9321,0.06411918252706528
9322,0.053208060562610626
9323,0.06193089857697487
9324,0.03707556799054146
9325,0.03402019292116165
9326,0.020103750750422478
9327,0.019177023321390152
9328,0.02311813458800316
9329,0.032469622790813446
9330,0.029193492606282234
9331,0.054480791091918945
9332,0.014280768111348152
9333,0.04341480880975723
9334,0.04901007190346718
9335,0.022180426865816116
9336,0.027380842715501785
9337,0.024451062083244324
9338,0.0341244675219059
9339,0.051639631390571594
9340,0.03808970004320145
9341,0.031118640676140785
9342,0.029045525938272476
9343,0.07223542779684067
9344,0.03509972244501114
9345,0.055489979684352875
9346,0.04753553494811058
9347,0.0325143001973629
9348,0.024614248424768448
9349,0.013778542168438435
9350,0.01432487741112709
9351,0.023977823555469513
9352,0.02875378727912903
9353,0.08005569130182266
9354,0.02720828354358673
9355,0.05334153026342392
9356,0.035185184329748154
9357,0.03213152661919594
9358,0.04041720926761627
9359,0.0314125157892704
9360,0.04834968224167824
9361,0.036577388644218445
9362,0.027789494022727013
9363,0.03420326113700867
9364,0.043282363563776016
9365,0.02770647592842579
9366,0.022143529728055
9367,0.06699733436107635
9368,0.03313382714986801
9369,0.0356128066778183
9370,0.013830529525876045
9371,0.03925224021077156
9372,0.05224581062793732
9373,0.029105214402079582
9374,0.04342779144644737
9375,0.021418852731585503
9376,0.044032007455825806
9377,0.03756757453083992
9378,0.0323752760887146
9379,0.02300534024834633
9380,0.044267214834690094
9381,0.028342261910438538
9382,0.04689081013202667
9383,0.0658549815416336
9384,0.0288377795368433
9385,0.04690293222665787
9386,0.03005077689886093
9387,0.03779154643416405
9388,0.06366999447345734
9389,0.018033532425761223
9390,0.020132509991526604
9391,0.0841810330748558
9392,0.05044153332710266
9393,0.025171224027872086
9394,0.057966865599155426
9395,0.017628537490963936
9396,0.04195782169699669
9397,0.021924378350377083
9398,0.015651511028409004
9399,0.05215485394001007
9400,0.048876021057367325
9401,0.06310340762138367
9402,0.03417632356286049
9403,0.024440947920084
9404,0.024241354316473007
9405,0.056867025792598724
9406,0.09787557274103165
9407,0.05089198052883148
9408,0.032636288553476334
9409,0.05956326052546501
9410,0.025161799043416977
9411,0.03560073673725128
9412,0.04760240018367767
9413,0.08059369027614594
9414,0.058621905744075775
9415,0.027158116921782494
9416,0.026359358802437782
9417,0.06893951445817947
9418,0.037472907453775406
9419,0.050124481320381165
9420,0.03171312436461449
9421,0.03168386593461037
9422,0.06192871183156967
9423,0.08289813995361328
9424,0.02923542447388172
9425,0.016298750415444374
9426,0.027420299127697945
9427,0.0345122255384922
9428,0.03624885901808739
9429,0.07085791230201721
9430,0.0379866287112236
9431,0.06208111345767975
9432,0.01996561884880066
9433,0.05851602926850319
9434,0.026920976117253304
9435,0.031216103583574295
9436,0.028198163956403732
9437,0.04147066920995712
9438,0.03619587793946266
9439,0.02505233883857727
9440,0.034911736845970154
9441,0.03772545978426933
9442,0.06441377103328705
9443,0.03356531634926796
9444,0.02494698390364647
9445,0.01543625257909298
9446,0.04881308972835541
9447,0.06982532143592834
9448,0.02554251253604889
9449,0.10237307846546173
9450,0.07642515748739243
9451,0.023414917290210724
9452,0.019937900826334953
9453,0.029261242598295212
9454,0.015654506161808968
9455,0.031489722430706024
9456,0.03366099298000336
9457,0.06411722302436829
9458,0.03286907076835632
9459,0.03777487948536873
9460,0.02283294126391411
9461,0.05538730323314667
9462,0.02594311162829399
9463,0.03230614587664604
9464,0.03310195356607437
9465,0.02697927877306938
9466,0.03903042525053024
9467,0.021106790751218796
9468,0.033302076160907745
9469,0.04285877197980881
9470,0.059511568397283554
9471,0.05473559722304344
9472,0.057583000510931015
9473,0.028181424364447594
9474,0.02372225560247898
9475,0.03049747459590435
9476,0.03914085030555725
9477,0.02556813880801201
9478,0.035273145884275436
9479,0.03424576297402382
9480,0.020496778190135956
9481,0.04469359293580055
9482,0.020845560356974602
9483,0.02657151222229004
9484,0.02843826450407505
9485,0.02807878516614437
9486,0.051216062158346176
9487,0.018057705834507942
9488,0.023522330448031425
9489,0.04051780328154564
9490,0.05899571627378464
9491,0.02762763947248459
9492,0.035989753901958466
9493,0.0491098016500473
9494,0.04192902520298958
9495,0.10273832082748413
9496,0.03192230314016342
9497,0.03667716681957245
9498,0.028349552303552628
9499,0.03488784283399582
9500,0.03243528679013252
9501,0.03994898870587349
9502,0.04141617566347122
9503,0.05298782140016556
9504,0.024878088384866714
9505,0.05515974014997482
9506,0.0325196236371994
9507,0.029536563903093338
9508,0.05987019091844559
9509,0.05222529545426369
9510,0.027813520282506943
9511,0.028758708387613297
9512,0.019762538373470306
9513,0.058593422174453735
9514,0.036730676889419556
9515,0.03023400902748108
9516,0.03260020539164543
9517,0.053704217076301575
9518,0.09242109954357147
9519,0.04060458019375801
9520,0.040661152452230453
9521,0.02280499041080475
9522,0.025593910366296768
9523,0.03383846580982208
9524,0.04248897358775139
9525,0.027224408462643623
9526,0.02364407666027546
9527,0.055898115038871765
9528,0.027338437736034393
9529,0.022919826209545135
9530,0.043947093188762665
9531,0.04366839677095413
9532,0.042020734399557114
9533,0.04344673827290535
9534,0.030867842957377434
9535,0.05370879918336868
9536,0.04917822405695915
9537,0.04829837754368782
9538,0.022038467228412628
9539,0.017389247193932533
9540,0.0394885316491127
9541,0.046705953776836395
9542,0.05511462315917015
9543,0.033629585057497025
9544,0.027785761281847954
9545,0.01236402802169323
9546,0.02618487924337387
9547,0.061035770922899246
9548,0.05550787225365639
9549,0.03132837265729904
9550,0.02796444483101368
9551,0.021780522540211678
9552,0.04658307135105133
9553,0.03458639606833458
9554,0.06219473108649254
9555,0.06941069662570953
9556,0.019728239625692368
9557,0.06547298282384872
9558,0.02056175097823143
9559,0.03755415976047516
9560,0.015786435455083847
9561,0.03416445106267929
9562,0.06292247027158737
9563,0.041210342198610306
9564,0.09668470174074173
9565,0.02331874519586563
9566,0.04547432065010071
9567,0.0435289666056633
9568,0.01924312300980091
9569,0.04499174281954765
9570,0.03092382848262787
9571,0.022764429450035095
9572,0.03301476314663887
9573,0.01993158459663391
9574,0.031374040991067886
9575,0.019725756719708443
9576,0.03738034889101982
9577,0.037278369069099426
9578,0.021503938362002373
9579,0.056583814322948456
9580,0.01889641024172306
9581,0.05044709891080856
9582,0.028294909745454788
9583,0.0237053781747818
9584,0.028462238609790802
9585,0.09227169305086136
9586,0.023519612848758698
9587,0.05066310614347458
9588,0.03651926666498184
9589,0.04304863512516022
9590,0.030135340988636017
9591,0.029193803668022156
9592,0.04062787815928459
9593,0.0328470915555954
9594,0.035766176879405975
9595,0.03613441810011864
9596,0.03793783858418465
9597,0.031171385198831558
9598,0.07964133471250534
9599,0.05205629765987396
9600,0.05383581668138504
9601,0.028806932270526886
9602,0.04476369172334671
9603,0.027508944272994995
9604,0.0322217233479023
9605,0.021238818764686584
9606,0.10096947103738785
9607,0.04115298390388489
9608,0.013639573007822037
9609,0.03153134509921074
9610,0.06891470402479172
9611,0.02740885503590107
9612,0.05014421418309212
9613,0.025878343731164932
9614,0.054207943379879
9615,0.051720988005399704
9616,0.04116464778780937
9617,0.02411326766014099
9618,0.041379719972610474
9619,0.030737238004803658
9620,0.03702552616596222
9621,0.029904641211032867
9622,0.02679828554391861
9623,0.028190793469548225
9624,0.05130632221698761
9625,0.01624448038637638
9626,0.02267942763864994
9627,0.07944995164871216
9628,0.04988282546401024
9629,0.043512288480997086
9630,0.041532281786203384
9631,0.0552775114774704
9632,0.0782974436879158
9633,0.030366521328687668
9634,0.02957100048661232
9635,0.05458388477563858
9636,0.060767438262701035
9637,0.05367990583181381
9638,0.033901847898960114
9639,0.02501773275434971
9640,0.046033259481191635
9641,0.025269629433751106
9642,0.027789298444986343
9643,0.030396904796361923
9644,0.03492577001452446
9645,0.02480197325348854
9646,0.022222425788640976
9647,0.022019142284989357
9648,0.03264914080500603
9649,0.039117876440286636
9650,0.042348526418209076
9651,0.05571392923593521
9652,0.06446190178394318
9653,0.0723198726773262
9654,0.02545340359210968
9655,0.03306227922439575
9656,0.027268167585134506
9657,0.033540889620780945
9658,0.060795076191425323
9659,0.05849480628967285
9660,0.04173227772116661
9661,0.0736650750041008
9662,0.02767336554825306
9663,0.03367065265774727
9664,0.03958467021584511
9665,0.030556820333003998
9666,0.04355138540267944
9667,0.06810297816991806
9668,0.0749111995100975
9669,0.02036454528570175
9670,0.025459304451942444
9671,0.020369525998830795
9672,0.055545367300510406
9673,0.04234273359179497
9674,0.026608962565660477
9675,0.025889474898576736
9676,0.047633878886699677
9677,0.05282926931977272
9678,0.033898841589689255
9679,0.043730467557907104
9680,0.06249118223786354
9681,0.0252295583486557
9682,0.016742080450057983
9683,0.08466549217700958
9684,0.08413897454738617
9685,0.05565518140792847
9686,0.03218638151884079
9687,0.05270671844482422
9688,0.02766837179660797
9689,0.057530518621206284
9690,0.05305285006761551
9691,0.051675498485565186
9692,0.03832174092531204
9693,0.06679634749889374
9694,0.023695236071944237
9695,0.03700201213359833
9696,0.09448743611574173
9697,0.03792645037174225
9698,0.038507819175720215
9699,0.04408111423254013
9700,0.029453661292791367
9701,0.03116273693740368
9702,0.038449764251708984
9703,0.03127635642886162
9704,0.07073916494846344
9705,0.05302025377750397
9706,0.030045468360185623
9707,0.03553710877895355
9708,0.03527522459626198
9709,0.03007160872220993
9710,0.047200050204992294
9711,0.031693313270807266
9712,0.05249709263443947
9713,0.02537395805120468
9714,0.022781958803534508
9715,0.05445967614650726
9716,0.0955757275223732
9717,0.02008805051445961
9718,0.04605897516012192
9719,0.03007746860384941
9720,0.06836926937103271
9721,0.031408507376909256
9722,0.019263803958892822
9723,0.07908691465854645
9724,0.06468261778354645
9725,0.050408393144607544
9726,0.02938259392976761
9727,0.021433962509036064
9728,0.04103761538863182
9729,0.025409672409296036
9730,0.033049076795578
9731,0.037980224937200546
9732,0.050498634576797485
9733,0.02631997875869274
9734,0.04772970825433731
9735,0.0762132853269577
9736,0.030805712565779686
9737,0.03399264067411423
9738,0.04469051957130432
9739,0.06335145980119705
9740,0.029540035873651505
9741,0.08446422219276428
9742,0.06371704488992691
9743,0.027914121747016907
9744,0.06328102201223373
9745,0.03752671554684639
9746,0.019160842522978783
9747,0.01271129585802555
9748,0.036192573606967926
9749,0.02752310410141945
9750,0.030512463301420212
9751,0.03317699581384659
9752,0.02241446077823639
9753,0.04711874946951866
9754,0.026326771825551987
9755,0.06658735871315002
9756,0.019392143934965134
9757,0.048401713371276855
9758,0.028830233961343765
9759,0.05119446665048599
9760,0.024247363209724426
9761,0.028673965483903885
9762,0.03918062523007393
9763,0.043388839811086655
9764,0.04047149047255516
9765,0.06364099681377411
9766,0.02860311046242714
9767,0.049907609820365906
9768,0.056904420256614685
9769,0.024621710181236267
9770,0.05672769248485565
9771,0.044142745435237885
9772,0.022109512239694595
9773,0.028452150523662567
9774,0.02114138938486576
9775,0.037208572030067444
9776,0.03172647953033447
9777,0.03193480521440506
9778,0.03023502603173256
9779,0.0538591630756855
9780,0.05588243901729584
9781,0.04296167194843292
9782,0.06334444135427475
9783,0.04535941034555435
9784,0.025531984865665436
9785,0.048488765954971313
9786,0.023346422240138054
9787,0.02936791628599167
9788,0.024589337408542633
9789,0.04911727458238602
9790,0.043749112635850906
9791,0.042701356112957
9792,0.027697529643774033
9793,0.019644059240818024
9794,0.08376967906951904
9795,0.01996363326907158
9796,0.026657329872250557
9797,0.06911184638738632
9798,0.050174370408058167
9799,0.035645175725221634
9800,0.022508464753627777
9801,0.028367217630147934
9802,0.04555815830826759
9803,0.0206417478621006
9804,0.01658761315047741
9805,0.02293490245938301
9806,0.020675744861364365
9807,0.04095286503434181
9808,0.03180723264813423
9809,0.0486590638756752
9810,0.03526434674859047
9811,0.052587054669857025
9812,0.06980691105127335
9813,0.07024528831243515
9814,0.03006979636847973
9815,0.057351432740688324
9816,0.03750435262918472
9817,0.026562456041574478
9818,0.04508733004331589
9819,0.035778842866420746
9820,0.03515363857150078
9821,0.05162142589688301
9822,0.04018331691622734
9823,0.04154546186327934
9824,0.06022351607680321
9825,0.030014565214514732
9826,0.01984047330915928
9827,0.08278945833444595
9828,0.10199295729398727
9829,0.036691248416900635
9830,0.04646404832601547
9831,0.04472988471388817
9832,0.03384941443800926
9833,0.059155575931072235
9834,0.04093964025378227
9835,0.07727538794279099
9836,0.051010970026254654
9837,0.03850937262177467
9838,0.047239016741514206
9839,0.04175310954451561
9840,0.03527774661779404
9841,0.03323623538017273
9842,0.05278550460934639
9843,0.016073668375611305
9844,0.026095472276210785
9845,0.04091683402657509
9846,0.08462591469287872
9847,0.04417523741722107
9848,0.041766826063394547
9849,0.022489609196782112
9850,0.03368512541055679
9851,0.06299740821123123
9852,0.06694118678569794
9853,0.03508339077234268
9854,0.0256953164935112
9855,0.046340297907590866
9856,0.04802171513438225
9857,0.020845932886004448
9858,0.02445908635854721
9859,0.036613643169403076
9860,0.030400877818465233
9861,0.07067844271659851
9862,0.04068595916032791
9863,0.03344569355249405
9864,0.09119808673858643
9865,0.07212978601455688
9866,0.02977728843688965
9867,0.04483965039253235
9868,0.04717826843261719
9869,0.018484657630324364
9870,0.021238606423139572
9871,0.03956218436360359
9872,0.02273569256067276
9873,0.06318403780460358
9874,0.04806043207645416
9875,0.06033986434340477
9876,0.04795178025960922
9877,0.043706364929676056
9878,0.02372482791543007
9879,0.06228649616241455
9880,0.028398822993040085
9881,0.014457098208367825
9882,0.0517987459897995
9883,0.023024538531899452
9884,0.023188307881355286
9885,0.05409044772386551
9886,0.03022250160574913
9887,0.06238992139697075
9888,0.01412186585366726
9889,0.03921222314238548
9890,0.028927646577358246
9891,0.026135042309761047
9892,0.06031329929828644
9893,0.05244796723127365
9894,0.03253137320280075
9895,0.06037021428346634
9896,0.07545872777700424
9897,0.04569302499294281
9898,0.031092137098312378
9899,0.040298059582710266
9900,0.020067593082785606
9901,0.036036793142557144
9902,0.04252820461988449
9903,0.05354061350226402
9904,0.05187680572271347
9905,0.12532098591327667
9906,0.03171972185373306
9907,0.045044466853141785
9908,0.021137330681085587
9909,0.029753156006336212
9910,0.059085018932819366
9911,0.019957050681114197
9912,0.020405970513820648
9913,0.029554160311818123
9914,0.024811340495944023
9915,0.034382838755846024
9916,0.059823911637067795
9917,0.0726698487997055
9918,0.01932847872376442
9919,0.04699603095650673
9920,0.04185434430837631
9921,0.036433473229408264
9922,0.053427305072546005
9923,0.02377755008637905
9924,0.03719903528690338
9925,0.019975529983639717
9926,0.024419140070676804
9927,0.034416064620018005
9928,0.05864541232585907
9929,0.04633373022079468
9930,0.03387301415205002
9931,0.05157523229718208
9932,0.04050068184733391
9933,0.029008125886321068
9934,0.06119225546717644
9935,0.052869074046611786
9936,0.029150038957595825
9937,0.04473529011011124
9938,0.028376927599310875
9939,0.035374272614717484
9940,0.0675642192363739
9941,0.0684063509106636
9942,0.02257751300930977
9943,0.07951726764440536
9944,0.027099091559648514
9945,0.034817133098840714
9946,0.03163463622331619
9947,0.04207770153880119
9948,0.033844564110040665
9949,0.04562239348888397
9950,0.06025382876396179
9951,0.031708724796772
9952,0.05112035572528839
9953,0.05548059195280075
9954,0.02922840230166912
9955,0.05603114515542984
9956,0.0739680752158165
9957,0.03294620290398598
9958,0.07275926321744919
9959,0.029721688479185104
9960,0.021792469546198845
9961,0.07426474988460541
9962,0.02938714809715748
9963,0.019964858889579773
9964,0.06466272473335266
9965,0.05404131859540939
9966,0.038046590983867645
9967,0.0477791354060173
9968,0.017295006662607193
9969,0.02669161558151245
9970,0.030345125123858452
9971,0.033480241894721985
9972,0.024613624438643456
9973,0.032700709998607635
9974,0.023031825199723244
9975,0.02605581097304821
9976,0.05234256759285927
9977,0.05128023773431778
9978,0.059638261795043945
9979,0.0470326691865921
9980,0.019433248788118362
9981,0.05093702673912048
9982,0.08542223274707794
9983,0.05366407707333565
9984,0.02667190134525299
9985,0.03793221712112427
9986,0.050539564341306686
9987,0.04799789935350418
9988,0.04325820878148079
9989,0.02358051761984825
9990,0.02001960575580597
9991,0.0521698072552681
9992,0.019157368689775467
9993,0.036565303802490234
9994,0.05736133083701134
9995,0.05370130389928818
9996,0.03573766350746155
9997,0.0478762686252594
9998,0.029084408655762672
9999,0.06074189767241478
10000,0.021923579275608063
