step,train_loss
1,2.8803553581237793
2,1.8296749591827393
3,1.7811269760131836
4,1.68937349319458
5,1.6679446697235107
6,1.6472762823104858
7,1.5854086875915527
8,1.5526179075241089
9,1.5440468788146973
10,1.543811559677124
11,1.5446765422821045
12,1.4648517370224
13,1.4552767276763916
14,1.4547672271728516
15,1.4359195232391357
16,1.4240673780441284
17,1.3972008228302002
18,1.391031265258789
19,1.3612985610961914
20,1.3544282913208008
21,1.3130381107330322
22,1.3096214532852173
23,1.3049449920654297
24,1.2920939922332764
25,1.259210467338562
26,1.2444813251495361
27,1.2303204536437988
28,1.20280921459198
29,1.1906030178070068
30,1.1195285320281982
31,1.1100915670394897
32,1.082565188407898
33,1.0524083375930786
34,1.01153564453125
35,0.9540677070617676
36,0.9462013840675354
37,0.8539837002754211
38,0.7771987318992615
39,0.7228116989135742
40,0.6616862416267395
41,0.6053837537765503
42,0.6562471985816956
43,0.5584273338317871
44,0.4471895694732666
45,0.39784756302833557
46,0.343729704618454
47,0.3289335072040558
48,0.31525295972824097
49,0.27717283368110657
50,0.3431565463542938
51,0.44049760699272156
52,0.24588191509246826
53,0.35797005891799927
54,0.24229608476161957
55,0.22822296619415283
56,0.34609881043434143
57,0.20568960905075073
58,0.24317413568496704
59,0.26813820004463196
60,0.27289295196533203
61,0.19620122015476227
62,0.5415334105491638
63,0.19161462783813477
64,0.18864184617996216
65,0.43720245361328125
66,0.19821369647979736
67,0.24749162793159485
68,0.3781968355178833
69,0.18912053108215332
70,0.165012389421463
71,0.14890626072883606
72,0.24958647787570953
73,0.3986702859401703
74,0.39613980054855347
75,0.24046513438224792
76,0.3190402388572693
77,0.17672348022460938
78,0.25919878482818604
79,0.285154789686203
80,0.16281254589557648
81,0.15953215956687927
82,0.20146247744560242
83,0.26182079315185547
84,0.11665976792573929
85,0.15081188082695007
86,0.13901367783546448
87,0.1100260317325592
88,0.1406046599149704
89,0.16664212942123413
90,0.11169316619634628
91,0.16198144853115082
92,0.10092657059431076
93,0.14653323590755463
94,0.14195255935192108
95,0.21846775710582733
96,0.2100929319858551
97,0.12096595019102097
98,0.1293218433856964
99,0.14636008441448212
100,0.10911603271961212
101,0.08373618125915527
102,0.24940988421440125
103,0.14755871891975403
104,0.11091239750385284
105,0.12239984422922134
106,0.15256649255752563
107,0.09234663099050522
108,0.10373533517122269
109,0.22630661725997925
110,0.24870343506336212
111,0.11713342368602753
112,0.11406164616346359
113,0.1586829274892807
114,0.08674587309360504
115,0.09063556790351868
116,0.12526166439056396
117,0.09086276590824127
118,0.07667937874794006
119,0.07545085996389389
120,0.1582430750131607
121,0.08124680072069168
122,0.13699793815612793
123,0.09954355657100677
124,0.08497311919927597
125,0.08671596646308899
126,0.07294493913650513
127,0.13940110802650452
128,0.07969124615192413
129,0.06304405629634857
130,0.23729804158210754
131,0.06627947837114334
132,0.1561020463705063
133,0.10271524637937546
134,0.20412984490394592
135,0.09398733079433441
136,0.08368148654699326
137,0.1225007101893425
138,0.16829873621463776
139,0.46421176195144653
140,0.17687150835990906
141,0.10143483430147171
142,0.19517074525356293
143,0.1000855565071106
144,0.16566333174705505
145,0.07734180986881256
146,0.17891812324523926
147,0.14188885688781738
148,0.10942703485488892
149,0.11513931304216385
150,0.11074424535036087
151,0.14225171506404877
152,0.0764528214931488
153,0.08686937391757965
154,0.06871054321527481
155,0.09814053773880005
156,0.2019343376159668
157,0.19701188802719116
158,0.10307249426841736
159,0.08575447648763657
160,0.1555381864309311
161,0.10862643271684647
162,0.07549726963043213
163,0.08671492338180542
164,0.09686832875013351
165,0.18253770470619202
166,0.10997986793518066
167,0.10126808285713196
168,0.07888434082269669
169,0.26610472798347473
170,0.10468001663684845
171,0.06260064244270325
172,0.07941021025180817
173,0.10499633103609085
174,0.16170930862426758
175,0.11532042175531387
176,0.11887136846780777
177,0.07187605649232864
178,0.07412217557430267
179,0.09783485531806946
180,0.11953860521316528
181,0.07217501103878021
182,0.12206421792507172
183,0.16307953000068665
184,0.08611811697483063
185,0.08525920659303665
186,0.054105035960674286
187,0.07445280998945236
188,0.09752904623746872
189,0.18893080949783325
190,0.26133424043655396
191,0.12576740980148315
192,0.3187319040298462
193,0.06807952374219894
194,0.13731466233730316
195,0.27142053842544556
196,0.10824164003133774
197,0.09182358533143997
198,0.07968304306268692
199,0.05905500054359436
200,0.07091272622346878
201,0.11838997900485992
202,0.10073530673980713
203,0.1658373475074768
204,0.1024104505777359
205,0.08977403491735458
206,0.20969420671463013
207,0.06128643453121185
208,0.06698670983314514
209,0.06850133836269379
210,0.11846847832202911
211,0.1262694150209427
212,0.10773812234401703
213,0.10297756642103195
214,0.10546333342790604
215,0.10117372870445251
216,0.06977125257253647
217,0.12354928255081177
218,0.145500048995018
219,0.10863146930932999
220,0.07762877643108368
221,0.1904667466878891
222,0.1972198784351349
223,0.08534592390060425
224,0.10887886583805084
225,0.07329586148262024
226,0.09734277427196503
227,0.1621885895729065
228,0.16510938107967377
229,0.0785272866487503
230,0.06586117297410965
231,0.060814302414655685
232,0.0752030536532402
233,0.06928014755249023
234,0.08905615657567978
235,0.09974092990159988
236,0.09388667345046997
237,0.07870296388864517
238,0.0498502291738987
239,0.1056094691157341
240,0.04608245939016342
241,0.05264522507786751
242,0.055926695466041565
243,0.1235087662935257
244,0.13444088399410248
245,0.06212680786848068
246,0.08010873198509216
247,0.10589727759361267
248,0.1454847902059555
249,0.09434981644153595
250,0.06459106504917145
251,0.07714720070362091
252,0.051926884800195694
253,0.06573902815580368
254,0.0713735967874527
255,0.05129558965563774
256,0.07298696786165237
257,0.043321214616298676
258,0.10342131555080414
259,0.09129436314105988
260,0.05977487564086914
261,0.08126813173294067
262,0.09367070347070694
263,0.05321745201945305
264,0.08140983432531357
265,0.09057484567165375
266,0.07378373295068741
267,0.12455663830041885
268,0.05790562182664871
269,0.11469513177871704
270,0.061527252197265625
271,0.04645821824669838
272,0.08902309834957123
273,0.09575396776199341
274,0.07518843561410904
275,0.11748926341533661
276,0.1006939485669136
277,0.10360659658908844
278,0.03758250176906586
279,0.06529717147350311
280,0.10470019280910492
281,0.07495225965976715
282,0.0820552259683609
283,0.10670672357082367
284,0.0805409699678421
285,0.06990531086921692
286,0.10195213556289673
287,0.17893901467323303
288,0.06769221276044846
289,0.19495819509029388
290,0.08255444467067719
291,0.15349221229553223
292,0.09414149820804596
293,0.08468600362539291
294,0.07551607489585876
295,0.07001425325870514
296,0.06382958590984344
297,0.09029291570186615
298,0.19945617020130157
299,0.054098740220069885
300,0.0611320398747921
301,0.051866576075553894
302,0.08645538985729218
303,0.10181383043527603
304,0.05625919997692108
305,0.07131244987249374
306,0.11225250363349915
307,0.22682994604110718
308,0.06863754242658615
309,0.07599015533924103
310,0.13818106055259705
311,0.13514602184295654
312,0.06531551480293274
313,0.0756339579820633
314,0.05483134835958481
315,0.05637078359723091
316,0.11996455490589142
317,0.19342365860939026
318,0.08225126564502716
319,0.06455403566360474
320,0.11803068965673447
321,0.05479614809155464
322,0.09333290904760361
323,0.15523429214954376
324,0.050621915608644485
325,0.11759696155786514
326,0.07392536103725433
327,0.06848060339689255
328,0.2206130474805832
329,0.05779861658811569
330,0.07556190341711044
331,0.044780924916267395
332,0.145732581615448
333,0.0862106904387474
334,0.07133947312831879
335,0.058812130242586136
336,0.0662553459405899
337,0.07229357957839966
338,0.09131300449371338
339,0.06117190793156624
340,0.058950845152139664
341,0.1072869822382927
342,0.06874591112136841
343,0.1118476390838623
344,0.08052850514650345
345,0.0895603746175766
346,0.1938077062368393
347,0.043757159262895584
348,0.08329562097787857
349,0.11589626967906952
350,0.07091926038265228
351,0.12909872829914093
352,0.06117652356624603
353,0.11087752878665924
354,0.1623440682888031
355,0.05816391855478287
356,0.24969328939914703
357,0.1557147204875946
358,0.059435728937387466
359,0.04975613206624985
360,0.0617334321141243
361,0.061072010546922684
362,0.13019846379756927
363,0.06805013120174408
364,0.126339852809906
365,0.06675183773040771
366,0.15975254774093628
367,0.07291892170906067
368,0.0616861917078495
369,0.05215804651379585
370,0.08874412626028061
371,0.19940292835235596
372,0.0633583813905716
373,0.04385848715901375
374,0.06870318949222565
375,0.09198765456676483
376,0.3015062212944031
377,0.14046502113342285
378,0.06603007018566132
379,0.1418849229812622
380,0.10693683475255966
381,0.08554913103580475
382,0.12357021868228912
383,0.09577688574790955
384,0.04785715788602829
385,0.040190014988183975
386,0.06217436492443085
387,0.09454883635044098
388,0.07401184737682343
389,0.11170928180217743
390,0.1578184962272644
391,0.14299556612968445
392,0.16031108796596527
393,0.09177058935165405
394,0.12017087638378143
395,0.08982639759778976
396,0.0988837257027626
397,0.08994591236114502
398,0.08934034407138824
399,0.057953231036663055
400,0.06555435061454773
401,0.07637498527765274
402,0.08897200971841812
403,0.05883156880736351
404,0.08944173902273178
405,0.041862595826387405
406,0.07491689920425415
407,0.08187048137187958
408,0.1511429101228714
409,0.07138615101575851
410,0.07145937532186508
411,0.17343886196613312
412,0.21264544129371643
413,0.10140888392925262
414,0.05607920140028
415,0.045945268124341965
416,0.05778105556964874
417,0.2527357339859009
418,0.0787232294678688
419,0.04790410026907921
420,0.1403864473104477
421,0.14505526423454285
422,0.08436645567417145
423,0.16390308737754822
424,0.053192153573036194
425,0.06676076352596283
426,0.060798291116952896
427,0.05993526428937912
428,0.07611106336116791
429,0.06616632640361786
430,0.0642654076218605
431,0.06636132299900055
432,0.058946698904037476
433,0.09535185247659683
434,0.17400190234184265
435,0.04311694949865341
436,0.08801927417516708
437,0.09799139201641083
438,0.07252243906259537
439,0.10394001007080078
440,0.044678930193185806
441,0.18095062673091888
442,0.08772006630897522
443,0.07288247346878052
444,0.07716067880392075
445,0.07986647635698318
446,0.14018894731998444
447,0.0594477578997612
448,0.0516042597591877
449,0.07009509950876236
450,0.05247490480542183
451,0.05754943564534187
452,0.0728980004787445
453,0.09870031476020813
454,0.06502984464168549
455,0.06641835719347
456,0.10205849260091782
457,0.055556267499923706
458,0.05562686547636986
459,0.056847963482141495
460,0.04076994210481644
461,0.09730617702007294
462,0.05875393748283386
463,0.045058902353048325
464,0.06931398808956146
465,0.06297832727432251
466,0.07892759889364243
467,0.18173295259475708
468,0.06766575574874878
469,0.06906146556138992
470,0.08007305860519409
471,0.1113748699426651
472,0.06804388761520386
473,0.10833689570426941
474,0.09177321940660477
475,0.054876428097486496
476,0.07598768174648285
477,0.10222317278385162
478,0.207126647233963
479,0.06578700244426727
480,0.08980126678943634
481,0.1309838593006134
482,0.1075226366519928
483,0.1039932370185852
484,0.05996508523821831
485,0.07271294295787811
486,0.048649854958057404
487,0.14272375404834747
488,0.07445088028907776
489,0.04210991784930229
490,0.05186069756746292
491,0.061922140419483185
492,0.10650672763586044
493,0.06864482164382935
494,0.08663034439086914
495,0.08675052225589752
496,0.1171974316239357
497,0.06422169506549835
498,0.03451301157474518
499,0.04102007672190666
500,0.17955538630485535
501,0.04451004043221474
502,0.053433794528245926
503,0.05552620440721512
504,0.17891663312911987
505,0.08030787110328674
506,0.05146116018295288
507,0.09791715443134308
508,0.04663930460810661
509,0.07221485674381256
510,0.08107349276542664
511,0.07242605835199356
512,0.062387675046920776
513,0.17412526905536652
514,0.22557921707630157
515,0.06062798574566841
516,0.06816833466291428
517,0.056314337998628616
518,0.08408232033252716
519,0.05411404371261597
520,0.04305930435657501
521,0.1294698268175125
522,0.08021533489227295
523,0.09287730604410172
524,0.10571244359016418
525,0.10997329652309418
526,0.10979501903057098
527,0.04424182325601578
528,0.04915285110473633
529,0.07985507696866989
530,0.03945515677332878
531,0.04447416588664055
532,0.09642620384693146
533,0.0966775044798851
534,0.05706838145852089
535,0.04311859607696533
536,0.13858023285865784
537,0.027952758595347404
538,0.14828428626060486
539,0.21243277192115784
540,0.04719129577279091
541,0.04985795170068741
542,0.04341774433851242
543,0.12746034562587738
544,0.07360145449638367
545,0.03863387182354927
546,0.06496288627386093
547,0.11732231080532074
548,0.051626056432724
549,0.042141593992710114
550,0.08334919810295105
551,0.06124937906861305
552,0.06515976041555405
553,0.09584128856658936
554,0.050731509923934937
555,0.2776472568511963
556,0.07810147851705551
557,0.09328581392765045
558,0.08139881491661072
559,0.06728383898735046
560,0.06428641825914383
561,0.05191542208194733
562,0.09731782227754593
563,0.16281233727931976
564,0.04801370948553085
565,0.07047523558139801
566,0.1379128396511078
567,0.09871135652065277
568,0.05087516829371452
569,0.09469194710254669
570,0.06137885898351669
571,0.054706696420907974
572,0.07988420873880386
573,0.09633885324001312
574,0.23285460472106934
575,0.08605693280696869
576,0.16595113277435303
577,0.15917466580867767
578,0.058807067573070526
579,0.054421115666627884
580,0.12848049402236938
581,0.05790865421295166
582,0.06173807010054588
583,0.0782695934176445
584,0.06795809417963028
585,0.054664675146341324
586,0.05143856257200241
587,0.11099295318126678
588,0.05745485797524452
589,0.0541350319981575
590,0.06789897382259369
591,0.05359568074345589
592,0.08599184453487396
593,0.08319218456745148
594,0.0649971142411232
595,0.18362829089164734
596,0.06717997789382935
597,0.09597785025835037
598,0.04300341382622719
599,0.08786923438310623
600,0.0969252735376358
601,0.0645785853266716
602,0.039213575422763824
603,0.1785108894109726
604,0.1570437103509903
605,0.12039368599653244
606,0.11276407539844513
607,0.07062312215566635
608,0.09289195388555527
609,0.11344129592180252
610,0.08112512528896332
611,0.05154028534889221
612,0.05045981705188751
613,0.10265398025512695
614,0.09130758792161942
615,0.06502735614776611
616,0.07672060281038284
617,0.060163408517837524
618,0.16482648253440857
619,0.061095379292964935
620,0.05855013057589531
621,0.03547987341880798
622,0.05451412498950958
623,0.08076237887144089
624,0.07355695962905884
625,0.06382186710834503
626,0.058330800384283066
627,0.04839325696229935
628,0.07020225375890732
629,0.047867175191640854
630,0.1032157838344574
631,0.057546649128198624
632,0.07940971106290817
633,0.05870119109749794
634,0.11427989602088928
635,0.04516744613647461
636,0.07455436140298843
637,0.19047106802463531
638,0.09947314858436584
639,0.16282504796981812
640,0.10611437261104584
641,0.06493866443634033
642,0.1887315809726715
643,0.05304976925253868
644,0.09338691085577011
645,0.08209933340549469
646,0.07371130585670471
647,0.028462883085012436
648,0.07830850034952164
649,0.05456681549549103
650,0.06827472895383835
651,0.03854692727327347
652,0.043796539306640625
653,0.12924450635910034
654,0.05874376744031906
655,0.046576641499996185
656,0.08693674206733704
657,0.05596460774540901
658,0.09877884387969971
659,0.042799483984708786
660,0.07863668352365494
661,0.07432904094457626
662,0.06954935938119888
663,0.2096136510372162
664,0.05963711813092232
665,0.14241299033164978
666,0.14103560149669647
667,0.06624339520931244
668,0.04898422211408615
669,0.12992233037948608
670,0.08273550868034363
671,0.07019055634737015
672,0.214172825217247
673,0.13386958837509155
674,0.05998177453875542
675,0.14576251804828644
676,0.06350959837436676
677,0.11416271328926086
678,0.050478704273700714
679,0.055284950882196426
680,0.05968102067708969
681,0.14140760898590088
682,0.04712243005633354
683,0.06569642573595047
684,0.1792324036359787
685,0.151900976896286
686,0.047460541129112244
687,0.06081605330109596
688,0.11891038715839386
689,0.045742012560367584
690,0.051683951169252396
691,0.07022394239902496
692,0.07966677099466324
693,0.07777871191501617
694,0.1647006869316101
695,0.10442417860031128
696,0.039306364953517914
697,0.1076081171631813
698,0.043246589601039886
699,0.0908452644944191
700,0.059294670820236206
701,0.07189986854791641
702,0.06790225952863693
703,0.10387865453958511
704,0.057816825807094574
705,0.04592151194810867
706,0.057848237454891205
707,0.09139817953109741
708,0.056466616690158844
709,0.042285144329071045
710,0.11017099767923355
711,0.046389080584049225
712,0.048783764243125916
713,0.04669785499572754
714,0.24976477026939392
715,0.0544230192899704
716,0.0393068864941597
717,0.089894138276577
718,0.20035198330879211
719,0.05060480162501335
720,0.10543409734964371
721,0.21661947667598724
722,0.04234040901064873
723,0.04648793861269951
724,0.07977830618619919
725,0.06216433644294739
726,0.0532752200961113
727,0.08216918259859085
728,0.0646088495850563
729,0.159209743142128
730,0.049150727689266205
731,0.04552200809121132
732,0.0410279780626297
733,0.16116592288017273
734,0.0669805109500885
735,0.04866751655936241
736,0.04147633910179138
737,0.09553655982017517
738,0.08200667798519135
739,0.07189642637968063
740,0.05259164422750473
741,0.04215989634394646
742,0.0543319396674633
743,0.05947251617908478
744,0.10531368851661682
745,0.08246728777885437
746,0.08092319220304489
747,0.10519465804100037
748,0.06559304147958755
749,0.056050997227430344
750,0.13353243470191956
751,0.0679955706000328
752,0.05437367781996727
753,0.12678641080856323
754,0.10336893796920776
755,0.04601215198636055
756,0.0976441279053688
757,0.06430485099554062
758,0.09001673758029938
759,0.08881586045026779
760,0.059074047952890396
761,0.09951390326023102
762,0.19150103628635406
763,0.048282016068696976
764,0.06306459754705429
765,0.0401480495929718
766,0.07307744026184082
767,0.07262295484542847
768,0.1727752536535263
769,0.0682084932923317
770,0.10210011154413223
771,0.12931543588638306
772,0.053313642740249634
773,0.056033823639154434
774,0.1011037826538086
775,0.09671550244092941
776,0.12840788066387177
777,0.17067685723304749
778,0.08447612076997757
779,0.11320313066244125
780,0.07790523767471313
781,0.06927632540464401
782,0.06006656587123871
783,0.05695032700896263
784,0.07499390095472336
785,0.06830152869224548
786,0.06748639047145844
787,0.06329458206892014
788,0.07152576744556427
789,0.07317127287387848
790,0.057983510196208954
791,0.06249849498271942
792,0.036614079028367996
793,0.07386253029108047
794,0.06192683428525925
795,0.05076238885521889
796,0.1544344276189804
797,0.05827666446566582
798,0.1540449857711792
799,0.04564046859741211
800,0.12522342801094055
801,0.04382629320025444
802,0.0686950832605362
803,0.052704181522130966
804,0.04534522071480751
805,0.06028582900762558
806,0.05314752459526062
807,0.08372266590595245
808,0.09174087643623352
809,0.11640357971191406
810,0.10338073968887329
811,0.07994076609611511
812,0.07111115753650665
813,0.10913045704364777
814,0.08839823305606842
815,0.06970643997192383
816,0.1127571314573288
817,0.17207613587379456
818,0.11203816533088684
819,0.08204883337020874
820,0.1391812413930893
821,0.055060796439647675
822,0.122410349547863
823,0.03946564346551895
824,0.1135018914937973
825,0.0539323128759861
826,0.032096244394779205
827,0.037704434245824814
828,0.0362582802772522
829,0.05202414467930794
830,0.0361078679561615
831,0.1393013596534729
832,0.07976160198450089
833,0.04055285081267357
834,0.05888555198907852
835,0.14049099385738373
836,0.041503652930259705
837,0.047978475689888
838,0.032765693962574005
839,0.04402483254671097
840,0.05356277525424957
841,0.06628364324569702
842,0.04562550410628319
843,0.047876544296741486
844,0.10509955137968063
845,0.04677579551935196
846,0.07128562033176422
847,0.08956006169319153
848,0.028685569763183594
849,0.0802343338727951
850,0.049465496093034744
851,0.053544871509075165
852,0.0851237028837204
853,0.03574589639902115
854,0.028337333351373672
855,0.054379671812057495
856,0.06670024991035461
857,0.0665448009967804
858,0.08417948335409164
859,0.07828763127326965
860,0.15309801697731018
861,0.055739693343639374
862,0.09685557335615158
863,0.03955966234207153
864,0.045979198068380356
865,0.03793583810329437
866,0.09231461584568024
867,0.05861692130565643
868,0.05176857113838196
869,0.08707806468009949
870,0.0911039412021637
871,0.05208234116435051
872,0.07908228039741516
873,0.0496971532702446
874,0.04863138496875763
875,0.07308350503444672
876,0.046691976487636566
877,0.09724076092243195
878,0.16462382674217224
879,0.05588015168905258
880,0.040632493793964386
881,0.06674229353666306
882,0.07104033976793289
883,0.05092237889766693
884,0.10968784987926483
885,0.0581337995827198
886,0.04594717174768448
887,0.08803053200244904
888,0.05472545325756073
889,0.1286960393190384
890,0.12802065908908844
891,0.060362279415130615
892,0.06874796003103256
893,0.06903742253780365
894,0.05820682644844055
895,0.0762941837310791
896,0.09084363281726837
897,0.0983348935842514
898,0.06259210407733917
899,0.08220171183347702
900,0.09519593417644501
901,0.055619753897190094
902,0.09120632708072662
903,0.048241306096315384
904,0.07852103561162949
905,0.05675925314426422
906,0.0941021591424942
907,0.04859619587659836
908,0.08079539984464645
909,0.13948139548301697
910,0.04739663004875183
911,0.03558269143104553
912,0.07436728477478027
913,0.04516875371336937
914,0.047941479831933975
915,0.07983625680208206
916,0.03186700493097305
917,0.10009782016277313
918,0.04404139891266823
919,0.04758335277438164
920,0.06323780119419098
921,0.08815455436706543
922,0.07084717601537704
923,0.05242006480693817
924,0.04806256294250488
925,0.12457503378391266
926,0.06944933533668518
927,0.05399707704782486
928,0.0919891968369484
929,0.06148809939622879
930,0.04309532791376114
931,0.14626140892505646
932,0.04794015735387802
933,0.10381948947906494
934,0.06653213500976562
935,0.05559059977531433
936,0.05532801151275635
937,0.06079072132706642
938,0.04072987660765648
939,0.042919036000967026
940,0.06762240827083588
941,0.03766116127371788
942,0.12383878231048584
943,0.08307948708534241
944,0.07113969326019287
945,0.035680148750543594
946,0.06844113767147064
947,0.09680166840553284
948,0.05743669345974922
949,0.06540227681398392
950,0.06422100961208344
951,0.05320502072572708
952,0.17755891382694244
953,0.16646112501621246
954,0.13167257606983185
955,0.16675107181072235
956,0.07689151167869568
957,0.06044558435678482
958,0.044130995869636536
959,0.05139056593179703
960,0.05263300985097885
961,0.07646150887012482
962,0.10744092613458633
963,0.11960519850254059
964,0.10305896401405334
965,0.06306847929954529
966,0.12550532817840576
967,0.08648610860109329
968,0.06715762615203857
969,0.05759873241186142
970,0.06564383953809738
971,0.03234312683343887
972,0.13353389501571655
973,0.06292300671339035
974,0.07342694699764252
975,0.10696132481098175
976,0.03557293862104416
977,0.0542355440557003
978,0.07156309485435486
979,0.05911619961261749
980,0.03329736366868019
981,0.15899623930454254
982,0.056701742112636566
983,0.05989530310034752
984,0.10185382515192032
985,0.07358088344335556
986,0.03996029496192932
987,0.10327652841806412
988,0.10967076569795609
989,0.03030412085354328
990,0.05161566287279129
991,0.049779947847127914
992,0.034819796681404114
993,0.05827181041240692
994,0.06636885553598404
995,0.04049273580312729
996,0.060832343995571136
997,0.051742348819971085
998,0.047918252646923065
999,0.055911608040332794
1000,0.11694509536027908
1001,0.0726473331451416
1002,0.058651916682720184
1003,0.05577518790960312
1004,0.058663517236709595
1005,0.06275952607393265
1006,0.056360192596912384
1007,0.0545446053147316
1008,0.13167767226696014
1009,0.04957776144146919
1010,0.07116665691137314
1011,0.07579093426465988
1012,0.16521818935871124
1013,0.05526469647884369
1014,0.11421830952167511
1015,0.1279134303331375
1016,0.06773247569799423
1017,0.06645581871271133
1018,0.05006902664899826
1019,0.059302058070898056
1020,0.06398691236972809
1021,0.055073268711566925
1022,0.05627859756350517
1023,0.08565271645784378
1024,0.08257777988910675
1025,0.08362255245447159
1026,0.0687265619635582
1027,0.0638812780380249
1028,0.04831129312515259
1029,0.11065827310085297
1030,0.07351652532815933
1031,0.11691252142190933
1032,0.06924913078546524
1033,0.10265523195266724
1034,0.0503968745470047
1035,0.06954991072416306
1036,0.04751238971948624
1037,0.06644048541784286
1038,0.18139567971229553
1039,0.09484022110700607
1040,0.06459429115056992
1041,0.10315431654453278
1042,0.07320181280374527
1043,0.07786911725997925
1044,0.03852527588605881
1045,0.04517873749136925
1046,0.03593609109520912
1047,0.13546985387802124
1048,0.06208651885390282
1049,0.061767835170030594
1050,0.15263088047504425
1051,0.05419078469276428
1052,0.042934734374284744
1053,0.06345948576927185
1054,0.08572915196418762
1055,0.06478198617696762
1056,0.1368037611246109
1057,0.0772029459476471
1058,0.049811556935310364
1059,0.04833356663584709
1060,0.04580788314342499
1061,0.04131176322698593
1062,0.14115338027477264
1063,0.135377898812294
1064,0.06896564364433289
1065,0.06183300167322159
1066,0.054670482873916626
1067,0.04568188637495041
1068,0.10341747105121613
1069,0.06428700685501099
1070,0.05211571604013443
1071,0.0666268840432167
1072,0.0735035315155983
1073,0.11585535854101181
1074,0.0631786435842514
1075,0.14768528938293457
1076,0.045404184609651566
1077,0.051280371844768524
1078,0.03366365656256676
1079,0.03715047612786293
1080,0.13558779656887054
1081,0.06740054488182068
1082,0.13164709508419037
1083,0.0771295502781868
1084,0.10964309424161911
1085,0.05485564470291138
1086,0.0720503181219101
1087,0.05343955010175705
1088,0.06599261611700058
1089,0.06432434916496277
1090,0.023917824029922485
1091,0.04372597485780716
1092,0.06770852953195572
1093,0.09082983434200287
1094,0.051004745066165924
1095,0.04071496054530144
1096,0.033220887184143066
1097,0.07275831699371338
1098,0.03497359901666641
1099,0.046095144003629684
1100,0.05980107933282852
1101,0.046155765652656555
1102,0.05649665370583534
1103,0.04713616147637367
1104,0.06700896471738815
1105,0.087755486369133
1106,0.05565037950873375
1107,0.07198143005371094
1108,0.039467018097639084
1109,0.10606101900339127
1110,0.10153615474700928
1111,0.09296206384897232
1112,0.12054542452096939
1113,0.08964801579713821
1114,0.03491950407624245
1115,0.11713414639234543
1116,0.03416677936911583
1117,0.07436580955982208
1118,0.033375903964042664
1119,0.05176299065351486
1120,0.12439912557601929
1121,0.09433623403310776
1122,0.05421801656484604
1123,0.05727387219667435
1124,0.02664037048816681
1125,0.03970836475491524
1126,0.18082033097743988
1127,0.05992496386170387
1128,0.02650327980518341
1129,0.07884767651557922
1130,0.05829158425331116
1131,0.09577333927154541
1132,0.11340244859457016
1133,0.07926630228757858
1134,0.09189608693122864
1135,0.11989960819482803
1136,0.0749751627445221
1137,0.07579705119132996
1138,0.07984548807144165
1139,0.09532149136066437
1140,0.05104762315750122
1141,0.12336539477109909
1142,0.08055729418992996
1143,0.0427304245531559
1144,0.09572242945432663
1145,0.07978366315364838
1146,0.07097496092319489
1147,0.06575974076986313
1148,0.052411723881959915
1149,0.14758993685245514
1150,0.20132236182689667
1151,0.11951291561126709
1152,0.05073654279112816
1153,0.06994850933551788
1154,0.05205131322145462
1155,0.06554258614778519
1156,0.05814799666404724
1157,0.061086270958185196
1158,0.03187047690153122
1159,0.05013492703437805
1160,0.031962741166353226
1161,0.058244913816452026
1162,0.04442610964179039
1163,0.03312165290117264
1164,0.0983908474445343
1165,0.05255386605858803
1166,0.05994231998920441
1167,0.08371562510728836
1168,0.08015012741088867
1169,0.09448110312223434
1170,0.055656079202890396
1171,0.04875702038407326
1172,0.13899360597133636
1173,0.08321617543697357
1174,0.05864229425787926
1175,0.048211947083473206
1176,0.09290708601474762
1177,0.12158270925283432
1178,0.047564804553985596
1179,0.059769898653030396
1180,0.08508042246103287
1181,0.0562218576669693
1182,0.09115853905677795
1183,0.06092356890439987
1184,0.06527070701122284
1185,0.0742889940738678
1186,0.046062976121902466
1187,0.0755896270275116
1188,0.06974244117736816
1189,0.05761924758553505
1190,0.07168121635913849
1191,0.055448710918426514
1192,0.05948493629693985
1193,0.11968325823545456
1194,0.057913318276405334
1195,0.03473319485783577
1196,0.045164480805397034
1197,0.05287027731537819
1198,0.02795688807964325
1199,0.06820451468229294
1200,0.07046796381473541
1201,0.042607299983501434
1202,0.05392298102378845
1203,0.04492022097110748
1204,0.060567088425159454
1205,0.05871839448809624
1206,0.08966188132762909
1207,0.11585505306720734
1208,0.04987908527255058
1209,0.055251944810152054
1210,0.12594085931777954
1211,0.0863029882311821
1212,0.0688459724187851
1213,0.05961940810084343
1214,0.09389004111289978
1215,0.044703517109155655
1216,0.041644707322120667
1217,0.07832909375429153
1218,0.08181946724653244
1219,0.09841074794530869
1220,0.09650552272796631
1221,0.11359508335590363
1222,0.05863156542181969
1223,0.08594198524951935
1224,0.057399917393922806
1225,0.11512616276741028
1226,0.05517035350203514
1227,0.07172667235136032
1228,0.08830848336219788
1229,0.08360225707292557
1230,0.05234890431165695
1231,0.08512602001428604
1232,0.03315771371126175
1233,0.040859464555978775
1234,0.114939846098423
1235,0.04118501394987106
1236,0.10791324079036713
1237,0.0293914582580328
1238,0.05709225311875343
1239,0.04846147820353508
1240,0.07898735255002975
1241,0.12219236046075821
1242,0.03979841619729996
1243,0.05308355763554573
1244,0.0407615527510643
1245,0.07864547520875931
1246,0.07367242872714996
1247,0.05162239074707031
1248,0.030194226652383804
1249,0.0284604299813509
1250,0.06817003339529037
1251,0.1841265708208084
1252,0.11986259371042252
1253,0.04316357523202896
1254,0.0469864159822464
1255,0.04635901376605034
1256,0.11875618994235992
1257,0.03665325790643692
1258,0.03855669125914574
1259,0.07841379195451736
1260,0.06902363151311874
1261,0.05297708511352539
1262,0.059608343988657
1263,0.05332774668931961
1264,0.08853611350059509
1265,0.06577162444591522
1266,0.07134281098842621
1267,0.0721047967672348
1268,0.06430280953645706
1269,0.0626780241727829
1270,0.06596850603818893
1271,0.06204596906900406
1272,0.0650717094540596
1273,0.04582824558019638
1274,0.09918094426393509
1275,0.1304582953453064
1276,0.059774089604616165
1277,0.06098112836480141
1278,0.07879392057657242
1279,0.06355105340480804
1280,0.0748065710067749
1281,0.1420912891626358
1282,0.0457918681204319
1283,0.04335431754589081
1284,0.03712524101138115
1285,0.14504310488700867
1286,0.04535748064517975
1287,0.09325344860553741
1288,0.06846185028553009
1289,0.04772564023733139
1290,0.16095750033855438
1291,0.07571624219417572
1292,0.05234741419553757
1293,0.055986639112234116
1294,0.06717890501022339
1295,0.04565342515707016
1296,0.09427787363529205
1297,0.039838455617427826
1298,0.04598565027117729
1299,0.0792527049779892
1300,0.05350580811500549
1301,0.06890101730823517
1302,0.08720951527357101
1303,0.07384951412677765
1304,0.05214903876185417
1305,0.058897800743579865
1306,0.04752945154905319
1307,0.08942994475364685
1308,0.06398636847734451
1309,0.08438523858785629
1310,0.04842473939061165
1311,0.03955975919961929
1312,0.06735281646251678
1313,0.044614795595407486
1314,0.10767459869384766
1315,0.04384685680270195
1316,0.05229157954454422
1317,0.12532742321491241
1318,0.050310004502534866
1319,0.0513857938349247
1320,0.07722129672765732
1321,0.16479741036891937
1322,0.09801587462425232
1323,0.06280016154050827
1324,0.09133623540401459
1325,0.09686139971017838
1326,0.04637883976101875
1327,0.07603761553764343
1328,0.046201109886169434
1329,0.04610239714384079
1330,0.04269295185804367
1331,0.06459885090589523
1332,0.06025787815451622
1333,0.047984056174755096
1334,0.04187530651688576
1335,0.061966124922037125
1336,0.13967306911945343
1337,0.04494331777095795
1338,0.05765156447887421
1339,0.12844215333461761
1340,0.2645145356655121
1341,0.11782681941986084
1342,0.06582722812891006
1343,0.043162018060684204
1344,0.08106456696987152
1345,0.10348576307296753
1346,0.04675361514091492
1347,0.12377092242240906
1348,0.05595824867486954
1349,0.027433885261416435
1350,0.09832924604415894
1351,0.05951259285211563
1352,0.05780518054962158
1353,0.09777683019638062
1354,0.027847077697515488
1355,0.03529534861445427
1356,0.03792211413383484
1357,0.07959838211536407
1358,0.12080258876085281
1359,0.04780598357319832
1360,0.046997494995594025
1361,0.09975972771644592
1362,0.06829351931810379
1363,0.0716385617852211
1364,0.04795395955443382
1365,0.09086744487285614
1366,0.035032421350479126
1367,0.05750187113881111
1368,0.1080857664346695
1369,0.050093382596969604
1370,0.04753146693110466
1371,0.11186251789331436
1372,0.11323259770870209
1373,0.08631990104913712
1374,0.0577053427696228
1375,0.09544811397790909
1376,0.0793648436665535
1377,0.06926554441452026
1378,0.055034831166267395
1379,0.10946604609489441
1380,0.04934385418891907
1381,0.04472319781780243
1382,0.02717738412320614
1383,0.11715934425592422
1384,0.07547258585691452
1385,0.038997799158096313
1386,0.06815788894891739
1387,0.049150388687849045
1388,0.04518008232116699
1389,0.04473363608121872
1390,0.06591155380010605
1391,0.07023782283067703
1392,0.08266343921422958
1393,0.04448757320642471
1394,0.07188122719526291
1395,0.0715857595205307
1396,0.04633651673793793
1397,0.08313100039958954
1398,0.05644799396395683
1399,0.07400443404912949
1400,0.03594566136598587
1401,0.04513014480471611
1402,0.04312729835510254
1403,0.060072675347328186
1404,0.04520530253648758
1405,0.13991577923297882
1406,0.06897373497486115
1407,0.11514229327440262
1408,0.06342099606990814
1409,0.07843243330717087
1410,0.09778039157390594
1411,0.08292606472969055
1412,0.06975388526916504
1413,0.11587723344564438
1414,0.05412055552005768
1415,0.06443009525537491
1416,0.17071005702018738
1417,0.08101784437894821
1418,0.07663530111312866
1419,0.04363729804754257
1420,0.05299062281847
1421,0.051234979182481766
1422,0.08524781465530396
1423,0.06482341885566711
1424,0.03773763030767441
1425,0.042959921061992645
1426,0.047022975981235504
1427,0.050866466015577316
1428,0.03683808445930481
1429,0.050849851220846176
1430,0.052155449986457825
1431,0.06038007140159607
1432,0.059554312378168106
1433,0.03864529728889465
1434,0.0912821814417839
1435,0.040207114070653915
1436,0.03868421912193298
1437,0.05107947438955307
1438,0.09004513174295425
1439,0.07786020636558533
1440,0.07941094785928726
1441,0.05232097581028938
1442,0.058145008981227875
1443,0.06093105673789978
1444,0.11121558398008347
1445,0.14945285022258759
1446,0.13457569479942322
1447,0.057554613798856735
1448,0.035819366574287415
1449,0.12452906370162964
1450,0.09663024544715881
1451,0.033419251441955566
1452,0.09549913555383682
1453,0.06473469734191895
1454,0.037971578538417816
1455,0.04177214577794075
1456,0.06507574021816254
1457,0.2229161560535431
1458,0.036436162889003754
1459,0.0494617223739624
1460,0.05205659568309784
1461,0.046288616955280304
1462,0.07939139008522034
1463,0.06833795458078384
1464,0.05331152677536011
1465,0.1141965389251709
1466,0.047956205904483795
1467,0.08650027960538864
1468,0.07988332211971283
1469,0.13475175201892853
1470,0.06571502983570099
1471,0.06390438973903656
1472,0.08285099267959595
1473,0.08986867219209671
1474,0.05678051337599754
1475,0.0657142847776413
1476,0.0476737916469574
1477,0.07340142130851746
1478,0.04590103030204773
1479,0.09938599914312363
1480,0.06766781210899353
1481,0.047752175480127335
1482,0.04119085147976875
1483,0.03956792876124382
1484,0.06117933616042137
1485,0.0825214684009552
1486,0.09109499305486679
1487,0.11555886268615723
1488,0.0614587739109993
1489,0.06624522805213928
1490,0.09653713554143906
1491,0.06655190140008926
1492,0.08176367729902267
1493,0.05087825283408165
1494,0.06790401041507721
1495,0.10340611636638641
1496,0.05013115331530571
1497,0.0739460363984108
1498,0.1778843253850937
1499,0.13046354055404663
1500,0.1525140106678009
1501,0.08990026265382767
1502,0.12752513587474823
1503,0.05719457194209099
1504,0.06654439121484756
1505,0.08895047754049301
1506,0.1982705444097519
1507,0.0529099777340889
1508,0.058096107095479965
1509,0.08210553228855133
1510,0.08329222351312637
1511,0.05515601485967636
1512,0.08627539873123169
1513,0.04023822396993637
1514,0.14641623198986053
1515,0.17227181792259216
1516,0.09548234939575195
1517,0.08795363456010818
1518,0.09163037687540054
1519,0.045124806463718414
1520,0.07457809150218964
1521,0.03272049501538277
1522,0.07706422358751297
1523,0.06815467774868011
1524,0.06060439348220825
1525,0.04053180292248726
1526,0.09268748760223389
1527,0.04208923876285553
1528,0.05161810666322708
1529,0.046004265546798706
1530,0.07553491741418839
1531,0.05277995020151138
1532,0.08619374781847
1533,0.06583058834075928
1534,0.03343619033694267
1535,0.05877023562788963
1536,0.15010985732078552
1537,0.03629273176193237
1538,0.10853667557239532
1539,0.06593874096870422
1540,0.05879097059369087
1541,0.08918190747499466
1542,0.12948685884475708
1543,0.10938851535320282
1544,0.06778024882078171
1545,0.04224928095936775
1546,0.053949546068906784
1547,0.05881581827998161
1548,0.03424595296382904
1549,0.05048666149377823
1550,0.0944136530160904
1551,0.1045372486114502
1552,0.09508324414491653
1553,0.055506810545921326
1554,0.027072256430983543
1555,0.05591631680727005
1556,0.09655977785587311
1557,0.04636316001415253
1558,0.0750437006354332
1559,0.039207734167575836
1560,0.04388732463121414
1561,0.06866123527288437
1562,0.042192406952381134
1563,0.04969841241836548
1564,0.042152468115091324
1565,0.06499487161636353
1566,0.05988018959760666
1567,0.06413032859563828
1568,0.11468910425901413
1569,0.048360515385866165
1570,0.0540764182806015
1571,0.05590539053082466
1572,0.06388247013092041
1573,0.05639276280999184
1574,0.040706098079681396
1575,0.07897886633872986
1576,0.06349329650402069
1577,0.03744621202349663
1578,0.054087694734334946
1579,0.11198417842388153
1580,0.061064787209033966
1581,0.029435638338327408
1582,0.07643062621355057
1583,0.046643584966659546
1584,0.10089275240898132
1585,0.08091884851455688
1586,0.09101900458335876
1587,0.06080915406346321
1588,0.03940063342452049
1589,0.04617709293961525
1590,0.08954109251499176
1591,0.03595089167356491
1592,0.058761291205883026
1593,0.04492020606994629
1594,0.04076875001192093
1595,0.14672012627124786
1596,0.15765100717544556
1597,0.0377725251019001
1598,0.07433734834194183
1599,0.05351819843053818
1600,0.05559184029698372
1601,0.031744975596666336
1602,0.06805697828531265
1603,0.1336406022310257
1604,0.04061124473810196
1605,0.06621824949979782
1606,0.05858666077256203
1607,0.12281882017850876
1608,0.08760962635278702
1609,0.034596048295497894
1610,0.2096835821866989
1611,0.03769800812005997
1612,0.0554652139544487
1613,0.07531851530075073
1614,0.025506433099508286
1615,0.04514610022306442
1616,0.0620860792696476
1617,0.10412544012069702
1618,0.054338786751031876
1619,0.0631915032863617
1620,0.06582163274288177
1621,0.07187124341726303
1622,0.06502261757850647
1623,0.06165366992354393
1624,0.10223975032567978
1625,0.045161765068769455
1626,0.07126709073781967
1627,0.03768326714634895
1628,0.13149259984493256
1629,0.06216102093458176
1630,0.10402750968933105
1631,0.04855440557003021
1632,0.04995536804199219
1633,0.08251263946294785
1634,0.045493628829717636
1635,0.14196152985095978
1636,0.07394485175609589
1637,0.07614319026470184
1638,0.044848185032606125
1639,0.05206049233675003
1640,0.03734606131911278
1641,0.08168572932481766
1642,0.038553617894649506
1643,0.04911612719297409
1644,0.13401944935321808
1645,0.024217095226049423
1646,0.07080169022083282
1647,0.12540847063064575
1648,0.07435276359319687
1649,0.04200822114944458
1650,0.0584862157702446
1651,0.10599441081285477
1652,0.04935293644666672
1653,0.05588676035404205
1654,0.04197646677494049
1655,0.05630560219287872
1656,0.051965173333883286
1657,0.028237834572792053
1658,0.05772939324378967
1659,0.06396415084600449
1660,0.04760422557592392
1661,0.049681443721055984
1662,0.0787757933139801
1663,0.11711505055427551
1664,0.0464470311999321
1665,0.05573385953903198
1666,0.04443240538239479
1667,0.10902372747659683
1668,0.03474584221839905
1669,0.05769282579421997
1670,0.03891907259821892
1671,0.05643407627940178
1672,0.03726377710700035
1673,0.02445308119058609
1674,0.06669453531503677
1675,0.043733444064855576
1676,0.036640748381614685
1677,0.036393146961927414
1678,0.05153839662671089
1679,0.09758467227220535
1680,0.14019709825515747
1681,0.04973781853914261
1682,0.04599551856517792
1683,0.04614818096160889
1684,0.08442157506942749
1685,0.04087170958518982
1686,0.04894927144050598
1687,0.0893465057015419
1688,0.07070348411798477
1689,0.11818142235279083
1690,0.048768628388643265
1691,0.1352481096982956
1692,0.12957219779491425
1693,0.09775969386100769
1694,0.05330939218401909
1695,0.08343641459941864
1696,0.04372487962245941
1697,0.059880051761865616
1698,0.0803796648979187
1699,0.034069232642650604
1700,0.10992442816495895
1701,0.047603148967027664
1702,0.09011652320623398
1703,0.08177633583545685
1704,0.17299875617027283
1705,0.04762475937604904
1706,0.04110158234834671
1707,0.04756229370832443
1708,0.05877359211444855
1709,0.05489896982908249
1710,0.07676350325345993
1711,0.036243148148059845
1712,0.10370232164859772
1713,0.029032453894615173
1714,0.10144437104463577
1715,0.03246559202671051
1716,0.04065796360373497
1717,0.07275582104921341
1718,0.03811772167682648
1719,0.031493403017520905
1720,0.11579874157905579
1721,0.06764110922813416
1722,0.12656576931476593
1723,0.043692465871572495
1724,0.0730494037270546
1725,0.09874892234802246
1726,0.12382504343986511
1727,0.043836068361997604
1728,0.05274750292301178
1729,0.05136393755674362
1730,0.06531880795955658
1731,0.050762929022312164
1732,0.056652478873729706
1733,0.03371883183717728
1734,0.03724853694438934
1735,0.07233835756778717
1736,0.09118323028087616
1737,0.04897492378950119
1738,0.04418259114027023
1739,0.055167365819215775
1740,0.07663367688655853
1741,0.12324190139770508
1742,0.06193522363901138
1743,0.03936281427741051
1744,0.048320963978767395
1745,0.07110868394374847
1746,0.032196562737226486
1747,0.0686822384595871
1748,0.05968209728598595
1749,0.0583198219537735
1750,0.04635680094361305
1751,0.11505318433046341
1752,0.05626958981156349
1753,0.045226845890283585
1754,0.03826506435871124
1755,0.07633268088102341
1756,0.11299802362918854
1757,0.1248089075088501
1758,0.06482980400323868
1759,0.05347815155982971
1760,0.06253062188625336
1761,0.05852359160780907
1762,0.03637949749827385
1763,0.047163162380456924
1764,0.03849397227168083
1765,0.06374626606702805
1766,0.13508765399456024
1767,0.05798172205686569
1768,0.06230680271983147
1769,0.06183917820453644
1770,0.026039104908704758
1771,0.07188744097948074
1772,0.09726700931787491
1773,0.08530446887016296
1774,0.029697773978114128
1775,0.11706386506557465
1776,0.05545295774936676
1777,0.09545640647411346
1778,0.050897687673568726
1779,0.04357026144862175
1780,0.046422019600868225
1781,0.1660018265247345
1782,0.03216571360826492
1783,0.069804348051548
1784,0.06504573673009872
1785,0.07680482417345047
1786,0.030534105375409126
1787,0.03135005384683609
1788,0.02564021572470665
1789,0.04681428149342537
1790,0.12600119411945343
1791,0.03272845596075058
1792,0.031495898962020874
1793,0.05311207473278046
1794,0.06294972449541092
1795,0.08690992742776871
1796,0.13013362884521484
1797,0.05944913998246193
1798,0.11098487675189972
1799,0.06702461838722229
1800,0.042383696883916855
1801,0.034902527928352356
1802,0.03369186818599701
1803,0.07557201385498047
1804,0.1377042979001999
1805,0.06482052057981491
1806,0.07918950170278549
1807,0.10235811769962311
1808,0.08186356723308563
1809,0.10739212483167648
1810,0.15461300313472748
1811,0.052011728286743164
1812,0.12973558902740479
1813,0.04226656258106232
1814,0.06772138178348541
1815,0.02536657825112343
1816,0.07800288498401642
1817,0.03074008598923683
1818,0.03802674263715744
1819,0.06321915239095688
1820,0.052405912429094315
1821,0.052793800830841064
1822,0.027808263897895813
1823,0.03883642703294754
1824,0.028194647282361984
1825,0.05397753417491913
1826,0.05144103243947029
1827,0.03466670960187912
1828,0.049511853605508804
1829,0.040978554636240005
1830,0.055349767208099365
1831,0.11578846722841263
1832,0.07152419537305832
1833,0.0329115204513073
1834,0.09588190913200378
1835,0.03514658287167549
1836,0.09114532172679901
1837,0.09455038607120514
1838,0.07157911360263824
1839,0.04163486510515213
1840,0.12750281393527985
1841,0.14216455817222595
1842,0.10035459697246552
1843,0.03799799457192421
1844,0.11965364217758179
1845,0.0700094997882843
1846,0.11876159906387329
1847,0.053340088576078415
1848,0.04139525070786476
1849,0.04182317107915878
1850,0.05952572077512741
1851,0.07530584931373596
1852,0.07686402648687363
1853,0.08202877640724182
1854,0.06542053818702698
1855,0.04493333399295807
1856,0.037750277668237686
1857,0.056886520236730576
1858,0.04345197230577469
1859,0.037373341619968414
1860,0.08027265965938568
1861,0.03114260360598564
1862,0.06206272915005684
1863,0.05093845725059509
1864,0.03339414298534393
1865,0.07671085745096207
1866,0.05043332651257515
1867,0.0484205037355423
1868,0.03363871946930885
1869,0.04708761349320412
1870,0.051057931035757065
1871,0.03264644742012024
1872,0.09885470569133759
1873,0.03109642118215561
1874,0.10681163519620895
1875,0.10301279276609421
1876,0.041034966707229614
1877,0.07385130226612091
1878,0.0483611598610878
1879,0.11522600054740906
1880,0.03823346644639969
1881,0.09542350471019745
1882,0.05817710608243942
1883,0.10258671641349792
1884,0.23311391472816467
1885,0.0662054717540741
1886,0.038841795176267624
1887,0.07392099499702454
1888,0.03302831947803497
1889,0.10188740491867065
1890,0.08600003272294998
1891,0.055105291306972504
1892,0.07585973292589188
1893,0.09168615937232971
1894,0.06989681720733643
1895,0.03756177797913551
1896,0.03827068954706192
1897,0.06943633407354355
1898,0.030032118782401085
1899,0.039340633898973465
1900,0.03876268118619919
1901,0.04946522414684296
1902,0.08873224258422852
1903,0.0736958310008049
1904,0.0643993616104126
1905,0.05299087241292
1906,0.05722278356552124
1907,0.03150934725999832
1908,0.0857624039053917
1909,0.04741991311311722
1910,0.036926791071891785
1911,0.11197405308485031
1912,0.04398423433303833
1913,0.031185850501060486
1914,0.051722824573516846
1915,0.051067743450403214
1916,0.04729238897562027
1917,0.04551522061228752
1918,0.0405898243188858
1919,0.1164407879114151
1920,0.03334770351648331
1921,0.0968758836388588
1922,0.04644578695297241
1923,0.09623423218727112
1924,0.11038629710674286
1925,0.07486508786678314
1926,0.06050708517432213
1927,0.06953118741512299
1928,0.14215964078903198
1929,0.08991505205631256
1930,0.03479199856519699
1931,0.03389771655201912
1932,0.035090506076812744
1933,0.04281289502978325
1934,0.05759729444980621
1935,0.04832015559077263
1936,0.04011497274041176
1937,0.05164744332432747
1938,0.04075019806623459
1939,0.05912221968173981
1940,0.1470472365617752
1941,0.041045062243938446
1942,0.026812750846147537
1943,0.13929596543312073
1944,0.09915341436862946
1945,0.07970339804887772
1946,0.06232830137014389
1947,0.07682352513074875
1948,0.039333850145339966
1949,0.06606147438287735
1950,0.0402119979262352
1951,0.040822479873895645
1952,0.027118422091007233
1953,0.06815075874328613
1954,0.06387697905302048
1955,0.05558643862605095
1956,0.149328351020813
1957,0.03723498061299324
1958,0.049090296030044556
1959,0.0736599937081337
1960,0.03694596141576767
1961,0.06415922939777374
1962,0.02953987941145897
1963,0.07256555557250977
1964,0.04215468838810921
1965,0.12439894676208496
1966,0.060190461575984955
1967,0.03923526406288147
1968,0.039661940187215805
1969,0.05722475051879883
1970,0.041397545486688614
1971,0.05367988720536232
1972,0.03890279680490494
1973,0.03179335594177246
1974,0.04617674648761749
1975,0.025851286947727203
1976,0.06182307004928589
1977,0.034998733550310135
1978,0.04680638015270233
1979,0.06551646441221237
1980,0.07729935646057129
1981,0.07742968946695328
1982,0.05337538197636604
1983,0.040454063564538956
1984,0.045684248208999634
1985,0.06541991978883743
1986,0.0644986629486084
1987,0.042720213532447815
1988,0.061436478048563004
1989,0.11777884513139725
1990,0.05839283764362335
1991,0.08050761371850967
1992,0.0475684329867363
1993,0.05852624773979187
1994,0.03967127576470375
1995,0.040484122931957245
1996,0.11763925850391388
1997,0.07237636297941208
1998,0.046289775520563126
1999,0.11453808099031448
2000,0.056071192026138306
2001,0.06551623344421387
2002,0.05425706505775452
2003,0.06842143833637238
2004,0.05346556752920151
2005,0.035878632217645645
2006,0.04650234058499336
2007,0.08837887644767761
2008,0.056130412966012955
2009,0.025882098823785782
2010,0.11800247430801392
2011,0.02834358811378479
2012,0.08330652117729187
2013,0.07790403068065643
2014,0.053999703377485275
2015,0.03472389280796051
2016,0.04800843447446823
2017,0.07340370118618011
2018,0.057869575917720795
2019,0.030162934213876724
2020,0.04894809424877167
2021,0.07190055400133133
2022,0.052979931235313416
2023,0.04778105393052101
2024,0.05114008113741875
2025,0.08157973736524582
2026,0.06006418541073799
2027,0.04773849993944168
2028,0.05155722051858902
2029,0.1776309609413147
2030,0.13047441840171814
2031,0.07755371928215027
2032,0.039287466555833817
2033,0.03745773434638977
2034,0.15988793969154358
2035,0.08917625993490219
2036,0.029144098982214928
2037,0.038395997136831284
2038,0.06550584733486176
2039,0.05586669594049454
2040,0.11804424226284027
2041,0.07053930312395096
2042,0.03652030974626541
2043,0.07139584422111511
2044,0.08047819137573242
2045,0.07286448776721954
2046,0.08213799446821213
2047,0.0745333656668663
2048,0.11061599850654602
2049,0.0567808523774147
2050,0.05791608244180679
2051,0.03436219319701195
2052,0.08263956755399704
2053,0.03370232135057449
2054,0.039099518209695816
2055,0.10348724573850632
2056,0.15573878586292267
2057,0.022872045636177063
2058,0.11548944562673569
2059,0.03584194928407669
2060,0.0642838105559349
2061,0.07645376026630402
2062,0.04732504114508629
2063,0.07541102916002274
2064,0.08127882331609726
2065,0.04353836178779602
2066,0.06274251639842987
2067,0.07922559976577759
2068,0.08526453375816345
2069,0.04981740191578865
2070,0.03425770252943039
2071,0.15624047815799713
2072,0.058197665959596634
2073,0.030630964785814285
2074,0.05507267266511917
2075,0.06505017727613449
2076,0.06525526195764542
2077,0.044985875487327576
2078,0.1308497190475464
2079,0.11537504941225052
2080,0.05215790122747421
2081,0.0442817397415638
2082,0.039555132389068604
2083,0.031575627624988556
2084,0.09487083554267883
2085,0.07860428094863892
2086,0.05470588430762291
2087,0.07877849787473679
2088,0.040824200958013535
2089,0.06412532925605774
2090,0.057818349450826645
2091,0.05202588438987732
2092,0.04536576569080353
2093,0.04603957757353783
2094,0.04498627409338951
2095,0.07819414883852005
2096,0.11529393494129181
2097,0.06661257892847061
2098,0.064740851521492
2099,0.10267622768878937
2100,0.05678790062665939
2101,0.09600886702537537
2102,0.041940152645111084
2103,0.08065143972635269
2104,0.03868933394551277
2105,0.06868687272071838
2106,0.05351151525974274
2107,0.09948569536209106
2108,0.04359223321080208
2109,0.03667394816875458
2110,0.046422120183706284
2111,0.05663559213280678
2112,0.04152929410338402
2113,0.045292917639017105
2114,0.0523727610707283
2115,0.042266760021448135
2116,0.14297544956207275
2117,0.0659230649471283
2118,0.07961993664503098
2119,0.12396717071533203
2120,0.10882806032896042
2121,0.03412826359272003
2122,0.05466785281896591
2123,0.09898168593645096
2124,0.04505888745188713
2125,0.06953039765357971
2126,0.06527391076087952
2127,0.0386994443833828
2128,0.04092317819595337
2129,0.04371996223926544
2130,0.047805674374103546
2131,0.11424573510885239
2132,0.05826042965054512
2133,0.07800156623125076
2134,0.051091268658638
2135,0.038589827716350555
2136,0.11539195477962494
2137,0.06793119758367538
2138,0.09999431669712067
2139,0.09466542303562164
2140,0.09564908593893051
2141,0.06511799991130829
2142,0.03427750989794731
2143,0.050202831625938416
2144,0.06679263710975647
2145,0.07001982629299164
2146,0.032196540385484695
2147,0.07175417989492416
2148,0.11487505584955215
2149,0.048825703561306
2150,0.04542966187000275
2151,0.04710571467876434
2152,0.07401765137910843
2153,0.04790683835744858
2154,0.10063393414020538
2155,0.052710890769958496
2156,0.06175646558403969
2157,0.054414570331573486
2158,0.031602129340171814
2159,0.04296870902180672
2160,0.0500279925763607
2161,0.0478256493806839
2162,0.029074661433696747
2163,0.05900787189602852
2164,0.027952982112765312
2165,0.09572125226259232
2166,0.10325631499290466
2167,0.0374356284737587
2168,0.04303981736302376
2169,0.08271311223506927
2170,0.10668352991342545
2171,0.019552387297153473
2172,0.04101741686463356
2173,0.04617134481668472
2174,0.08038481324911118
2175,0.1182650700211525
2176,0.04617287963628769
2177,0.07953599840402603
2178,0.03898312896490097
2179,0.06411449611186981
2180,0.14296524226665497
2181,0.061908185482025146
2182,0.060118094086647034
2183,0.14515134692192078
2184,0.03681396692991257
2185,0.0538514144718647
2186,0.052184414118528366
2187,0.03959543630480766
2188,0.057188134640455246
2189,0.06677105277776718
2190,0.1273115873336792
2191,0.05583914369344711
2192,0.047563716769218445
2193,0.06532510370016098
2194,0.10680166631937027
2195,0.04793769493699074
2196,0.08194050192832947
2197,0.06266240775585175
2198,0.046663761138916016
2199,0.0324067585170269
2200,0.04524959996342659
2201,0.07920101284980774
2202,0.10681895911693573
2203,0.03415554389357567
2204,0.061705123633146286
2205,0.03010743111371994
2206,0.039829641580581665
2207,0.037776295095682144
2208,0.03838120773434639
2209,0.05151098966598511
2210,0.05094718933105469
2211,0.04019755870103836
2212,0.03194614127278328
2213,0.024580683559179306
2214,0.037456706166267395
2215,0.1453036665916443
2216,0.1223210021853447
2217,0.055500470101833344
2218,0.053833987563848495
2219,0.055642783641815186
2220,0.038663968443870544
2221,0.037960514426231384
2222,0.08617766946554184
2223,0.05458037927746773
2224,0.046518724411726
2225,0.06256072223186493
2226,0.03823401406407356
2227,0.06333724409341812
2228,0.08883462846279144
2229,0.029073748737573624
2230,0.09848658740520477
2231,0.027812395244836807
2232,0.12166483700275421
2233,0.07373923063278198
2234,0.10475845634937286
2235,0.1283392608165741
2236,0.12445741146802902
2237,0.062389496713876724
2238,0.04753369837999344
2239,0.09281343966722488
2240,0.0329885259270668
2241,0.0731646865606308
2242,0.06557333469390869
2243,0.059762053191661835
2244,0.07352272421121597
2245,0.06366520375013351
2246,0.04285411164164543
2247,0.0684129074215889
2248,0.0694592297077179
2249,0.05915943533182144
2250,0.20214304327964783
2251,0.08088238537311554
2252,0.0346260666847229
2253,0.081088587641716
2254,0.07421334087848663
2255,0.05245719105005264
2256,0.060689859092235565
2257,0.04034586250782013
2258,0.06133709475398064
2259,0.06836233288049698
2260,0.06997617334127426
2261,0.053198620676994324
2262,0.10876946896314621
2263,0.09152201563119888
2264,0.0697517916560173
2265,0.06563148647546768
2266,0.061147525906562805
2267,0.07099726051092148
2268,0.0707641988992691
2269,0.06392695754766464
2270,0.15099604427814484
2271,0.054954349994659424
2272,0.0857112854719162
2273,0.03468133509159088
2274,0.08395244181156158
2275,0.0798906534910202
2276,0.06637484580278397
2277,0.05789156258106232
2278,0.04510851204395294
2279,0.02715131640434265
2280,0.02524852380156517
2281,0.05627000331878662
2282,0.06678248941898346
2283,0.059961844235658646
2284,0.06834051758050919
2285,0.03859947249293327
2286,0.07630571722984314
2287,0.06802945584058762
2288,0.022925958037376404
2289,0.06183146685361862
2290,0.03424530476331711
2291,0.037759460508823395
2292,0.08635255694389343
2293,0.03993183746933937
2294,0.033003583550453186
2295,0.06377596408128738
2296,0.038191910833120346
2297,0.05263930559158325
2298,0.0949123352766037
2299,0.04175496846437454
2300,0.0401621051132679
2301,0.08832394331693649
2302,0.04472050443291664
2303,0.035253915935754776
2304,0.049233268946409225
2305,0.040344372391700745
2306,0.09763108193874359
2307,0.0857931450009346
2308,0.08749739825725555
2309,0.06310847401618958
2310,0.09926266968250275
2311,0.11522982269525528
2312,0.08264672011137009
2313,0.05640020966529846
2314,0.04201743006706238
2315,0.1453532725572586
2316,0.04298955947160721
2317,0.04671876132488251
2318,0.03984958678483963
2319,0.1304929256439209
2320,0.051086608320474625
2321,0.12244003266096115
2322,0.045346084982156754
2323,0.05554383993148804
2324,0.03457845002412796
2325,0.036647774279117584
2326,0.10081379115581512
2327,0.05767196789383888
2328,0.03492537885904312
2329,0.034501660615205765
2330,0.053471341729164124
2331,0.07328459620475769
2332,0.03208380937576294
2333,0.030919430777430534
2334,0.08286681771278381
2335,0.025587771087884903
2336,0.060519907623529434
2337,0.05607754737138748
2338,0.03479725494980812
2339,0.05488593876361847
2340,0.07215255498886108
2341,0.08213399350643158
2342,0.22226396203041077
2343,0.03779184818267822
2344,0.03805691748857498
2345,0.03930693864822388
2346,0.092147096991539
2347,0.1299443393945694
2348,0.029843205586075783
2349,0.11868881434202194
2350,0.06355954706668854
2351,0.08910144120454788
2352,0.03380360081791878
2353,0.06643875688314438
2354,0.04773665964603424
2355,0.1249951645731926
2356,0.0776907429099083
2357,0.07163800299167633
2358,0.08924739062786102
2359,0.08809982985258102
2360,0.04176224023103714
2361,0.06391727924346924
2362,0.07283519208431244
2363,0.05688609927892685
2364,0.045372724533081055
2365,0.04104008898139
2366,0.07755116373300552
2367,0.035636380314826965
2368,0.08425597846508026
2369,0.06901278346776962
2370,0.03689043968915939
2371,0.12507584691047668
2372,0.04028293862938881
2373,0.051575303077697754
2374,0.056723035871982574
2375,0.08824962377548218
2376,0.1389925628900528
2377,0.05192016810178757
2378,0.028130460530519485
2379,0.03182706609368324
2380,0.04432825744152069
2381,0.06601081043481827
2382,0.09878751635551453
2383,0.0661453902721405
2384,0.09897613525390625
2385,0.11448614299297333
2386,0.06732786446809769
2387,0.05843906104564667
2388,0.05887443572282791
2389,0.03341168165206909
2390,0.04957510903477669
2391,0.03928661346435547
2392,0.0546354204416275
2393,0.04814470559358597
2394,0.03404377028346062
2395,0.02328617498278618
2396,0.07160428911447525
2397,0.05511990562081337
2398,0.044312529265880585
2399,0.05726238340139389
2400,0.06656389683485031
2401,0.0888146236538887
2402,0.06487050652503967
2403,0.03718589246273041
2404,0.03091117925941944
2405,0.06806322932243347
2406,0.12359536439180374
2407,0.07820083200931549
2408,0.03250357508659363
2409,0.04537962004542351
2410,0.05094991251826286
2411,0.05110066384077072
2412,0.06168317049741745
2413,0.062471698969602585
2414,0.04673261195421219
2415,0.04169381782412529
2416,0.03207065910100937
2417,0.05360766127705574
2418,0.0282425694167614
2419,0.03160228580236435
2420,0.04853721708059311
2421,0.04874131828546524
2422,0.024564852938055992
2423,0.030746370553970337
2424,0.051155153661966324
2425,0.06427562236785889
2426,0.03321544826030731
2427,0.11078347265720367
2428,0.07297694683074951
2429,0.05300610512495041
2430,0.04341491684317589
2431,0.03234859183430672
2432,0.047377198934555054
2433,0.04466220736503601
2434,0.034714072942733765
2435,0.07036509364843369
2436,0.03527802228927612
2437,0.03844904154539108
2438,0.11667720228433609
2439,0.05851813778281212
2440,0.029750563204288483
2441,0.046513158828020096
2442,0.06726962327957153
2443,0.04706040397286415
2444,0.13581731915473938
2445,0.04646221920847893
2446,0.06752938777208328
2447,0.04759301245212555
2448,0.039572108536958694
2449,0.025119423866271973
2450,0.04474727064371109
2451,0.050476979464292526
2452,0.11375265568494797
2453,0.11528963595628738
2454,0.07606879621744156
2455,0.029606128111481667
2456,0.08537866920232773
2457,0.05865585803985596
2458,0.0712571069598198
2459,0.027199216187000275
2460,0.04401851072907448
2461,0.11150015145540237
2462,0.036882370710372925
2463,0.04715104401111603
2464,0.06500229984521866
2465,0.05049019679427147
2466,0.05789009481668472
2467,0.09012607485055923
2468,0.09080430865287781
2469,0.03701513633131981
2470,0.1607591062784195
2471,0.07823155075311661
2472,0.0289325974881649
2473,0.045133862644433975
2474,0.045363783836364746
2475,0.05217425897717476
2476,0.0651421770453453
2477,0.03580998256802559
2478,0.03420157730579376
2479,0.06277360022068024
2480,0.06798304617404938
2481,0.033670634031295776
2482,0.05019819736480713
2483,0.11215975135564804
2484,0.05821852385997772
2485,0.04330883175134659
2486,0.10173728317022324
2487,0.032374873757362366
2488,0.07828900218009949
2489,0.09978421777486801
2490,0.07844963669776917
2491,0.10173293203115463
2492,0.024051140993833542
2493,0.02521810680627823
2494,0.0417468398809433
2495,0.09139109402894974
2496,0.060157254338264465
2497,0.02072315849363804
2498,0.02841072902083397
2499,0.04955025762319565
2500,0.02813277393579483
2501,0.04036308825016022
2502,0.0360531285405159
2503,0.0347755029797554
2504,0.02533882111310959
2505,0.02958868443965912
2506,0.025852937251329422
2507,0.05933908745646477
2508,0.04049960896372795
2509,0.06302838027477264
2510,0.036287400871515274
2511,0.03968944400548935
2512,0.025129985064268112
2513,0.06954117864370346
2514,0.046902306377887726
2515,0.040305592119693756
2516,0.0589168444275856
2517,0.02323676273226738
2518,0.03372782841324806
2519,0.04734322056174278
2520,0.04998663440346718
2521,0.06864682585000992
2522,0.07829040288925171
2523,0.1093459203839302
2524,0.09009689092636108
2525,0.034514181315898895
2526,0.1025385931134224
2527,0.029300350695848465
2528,0.03620811551809311
2529,0.0592508539557457
2530,0.030701346695423126
2531,0.05979108810424805
2532,0.022748803719878197
2533,0.1027674749493599
2534,0.028994137421250343
2535,0.04725568741559982
2536,0.07961054146289825
2537,0.059990644454956055
2538,0.06102181226015091
2539,0.03627829626202583
2540,0.10282497107982635
2541,0.05932824686169624
2542,0.08238161355257034
2543,0.026787390932440758
2544,0.11254920065402985
2545,0.038636215031147
2546,0.07258254289627075
2547,0.053894609212875366
2548,0.14743033051490784
2549,0.09769080579280853
2550,0.0840182900428772
2551,0.04799090698361397
2552,0.03891417384147644
2553,0.02833552658557892
2554,0.0387948676943779
2555,0.09690068662166595
2556,0.03757255896925926
2557,0.053347740322351456
2558,0.040901824831962585
2559,0.040249377489089966
2560,0.04575619474053383
2561,0.025018420070409775
2562,0.08603926748037338
2563,0.04753920063376427
2564,0.04248747602105141
2565,0.06995993852615356
2566,0.05303298681974411
2567,0.09949024766683578
2568,0.12792085111141205
2569,0.10511975735425949
2570,0.059112049639225006
2571,0.09409601986408234
2572,0.05316687747836113
2573,0.029610469937324524
2574,0.05623539537191391
2575,0.18143939971923828
2576,0.03857175260782242
2577,0.06393639743328094
2578,0.04276243969798088
2579,0.035014163702726364
2580,0.07765155285596848
2581,0.041282035410404205
2582,0.050288066267967224
2583,0.07980833947658539
2584,0.08473458141088486
2585,0.04492563754320145
2586,0.04751963168382645
2587,0.06023501232266426
2588,0.031038936227560043
2589,0.0640099048614502
2590,0.06334614008665085
2591,0.10459816455841064
2592,0.10563299059867859
2593,0.04444368928670883
2594,0.03898157551884651
2595,0.14117223024368286
2596,0.08141747862100601
2597,0.04518255218863487
2598,0.022973064333200455
2599,0.05680753290653229
2600,0.11970286816358566
2601,0.027018338441848755
2602,0.052920956164598465
2603,0.029526712372899055
2604,0.035638198256492615
2605,0.03739859163761139
2606,0.03550706431269646
2607,0.051185332238674164
2608,0.05491383746266365
2609,0.04935336112976074
2610,0.049849189817905426
2611,0.07350005209445953
2612,0.03283839672803879
2613,0.0366799496114254
2614,0.03721190243959427
2615,0.14207793772220612
2616,0.04804244637489319
2617,0.14600442349910736
2618,0.04180428013205528
2619,0.08504397422075272
2620,0.031695250421762466
2621,0.047094836831092834
2622,0.07669752091169357
2623,0.10480199754238129
2624,0.04505867138504982
2625,0.15622952580451965
2626,0.06001701205968857
2627,0.0567503497004509
2628,0.06921415030956268
2629,0.07826276123523712
2630,0.09367168694734573
2631,0.0358661413192749
2632,0.04698030650615692
2633,0.1315528005361557
2634,0.05128607153892517
2635,0.04415420442819595
2636,0.08299747109413147
2637,0.06666156649589539
2638,0.04966887831687927
2639,0.033870525658130646
2640,0.041057609021663666
2641,0.11148062348365784
2642,0.03230024874210358
2643,0.030219580978155136
2644,0.0634583830833435
2645,0.0467914417386055
2646,0.09753639250993729
2647,0.05096466839313507
2648,0.027648992836475372
2649,0.05042677000164986
2650,0.08417525887489319
2651,0.04456227272748947
2652,0.039093583822250366
2653,0.0691387802362442
2654,0.08324628323316574
2655,0.032906271517276764
2656,0.11922787129878998
2657,0.061313197016716
2658,0.08531562238931656
2659,0.021121550351381302
2660,0.08267906308174133
2661,0.08223308622837067
2662,0.038630641996860504
2663,0.10238145291805267
2664,0.038367416709661484
2665,0.0377252958714962
2666,0.07423665374517441
2667,0.04916020855307579
2668,0.045023638755083084
2669,0.03424817696213722
2670,0.027433423325419426
2671,0.03472425788640976
2672,0.07034338265657425
2673,0.0322357639670372
2674,0.05712137743830681
2675,0.04734213277697563
2676,0.0255618616938591
2677,0.04345300793647766
2678,0.048013582825660706
2679,0.0318477489054203
2680,0.030543727800250053
2681,0.06537259370088577
2682,0.04216482490301132
2683,0.04967717081308365
2684,0.029373198747634888
2685,0.038712259382009506
2686,0.08006978780031204
2687,0.044579945504665375
2688,0.03912889212369919
2689,0.027637511491775513
2690,0.06365478783845901
2691,0.06662460416555405
2692,0.05745105817914009
2693,0.07377246767282486
2694,0.021731259301304817
2695,0.03247959911823273
2696,0.028479013592004776
2697,0.03632865473628044
2698,0.07108624279499054
2699,0.0896318182349205
2700,0.02793266624212265
2701,0.061326298862695694
2702,0.11180223524570465
2703,0.06105663999915123
2704,0.02315364219248295
2705,0.07174094021320343
2706,0.06062125787138939
2707,0.07766999304294586
2708,0.041027601808309555
2709,0.03667869791388512
2710,0.06915106624364853
2711,0.03812166675925255
2712,0.11390922218561172
2713,0.11101015657186508
2714,0.09180605411529541
2715,0.08614444732666016
2716,0.03046880103647709
2717,0.09099938720464706
2718,0.042521484196186066
2719,0.03769116848707199
2720,0.020645607262849808
2721,0.021898731589317322
2722,0.027856336906552315
2723,0.06712143123149872
2724,0.07243618369102478
2725,0.07807768881320953
2726,0.07339411973953247
2727,0.032214485108852386
2728,0.03529095649719238
2729,0.051573339849710464
2730,0.05538692697882652
2731,0.07689287513494492
2732,0.09815812110900879
2733,0.07080680876970291
2734,0.07417914271354675
2735,0.050129033625125885
2736,0.07540899515151978
2737,0.028360074386000633
2738,0.03212527185678482
2739,0.04900597035884857
2740,0.052540019154548645
2741,0.10194482654333115
2742,0.08763042092323303
2743,0.14584334194660187
2744,0.040717560797929764
2745,0.0722372904419899
2746,0.024026386439800262
2747,0.08762887120246887
2748,0.028368286788463593
2749,0.14233295619487762
2750,0.07994326204061508
2751,0.09203693270683289
2752,0.0545622780919075
2753,0.08069711923599243
2754,0.024747779592871666
2755,0.051415879279375076
2756,0.04913035407662392
2757,0.07738577574491501
2758,0.05014781653881073
2759,0.09397662431001663
2760,0.06848801672458649
2761,0.050594959408044815
2762,0.057374972850084305
2763,0.09246840327978134
2764,0.038336411118507385
2765,0.08415617048740387
2766,0.027128607034683228
2767,0.0323915034532547
2768,0.03906082361936569
2769,0.04323360323905945
2770,0.07294143736362457
2771,0.05999189615249634
2772,0.06963007152080536
2773,0.1639447659254074
2774,0.030973397195339203
2775,0.06291430443525314
2776,0.04404688999056816
2777,0.02941427007317543
2778,0.10886126756668091
2779,0.04328174516558647
2780,0.03031638264656067
2781,0.08948592096567154
2782,0.08463848382234573
2783,0.04258093237876892
2784,0.048251356929540634
2785,0.06394202262163162
2786,0.08132929354906082
2787,0.06082528829574585
2788,0.09410904347896576
2789,0.09729541838169098
2790,0.045806895941495895
2791,0.1019732803106308
2792,0.057054951786994934
2793,0.09792722016572952
2794,0.2517818212509155
2795,0.06389771401882172
2796,0.04966322332620621
2797,0.050091009587049484
2798,0.03723563998937607
2799,0.0427214615046978
2800,0.10021760314702988
2801,0.11238229274749756
2802,0.06938904523849487
2803,0.024328142404556274
2804,0.046317968517541885
2805,0.03168587386608124
2806,0.06612052023410797
2807,0.04355167597532272
2808,0.0833037942647934
2809,0.06493198871612549
2810,0.04399026930332184
2811,0.11314380913972855
2812,0.10586714744567871
2813,0.056716468185186386
2814,0.0785156711935997
2815,0.07688315212726593
2816,0.1429123878479004
2817,0.07417719066143036
2818,0.10142795741558075
2819,0.09902427345514297
2820,0.029402688145637512
2821,0.065900057554245
2822,0.051049310714006424
2823,0.0654134750366211
2824,0.05468394607305527
2825,0.03977009281516075
2826,0.08025263994932175
2827,0.040241312235593796
2828,0.11783500015735626
2829,0.08274777978658676
2830,0.055842991918325424
2831,0.07058112323284149
2832,0.03486877679824829
2833,0.03640446811914444
2834,0.06051983684301376
2835,0.13112279772758484
2836,0.0430566743016243
2837,0.1491396129131317
2838,0.07627715170383453
2839,0.03204715996980667
2840,0.19935856759548187
2841,0.0589226558804512
2842,0.06188945844769478
2843,0.04457195848226547
2844,0.06328943371772766
2845,0.13492994010448456
2846,0.04535136744379997
2847,0.07430756092071533
2848,0.04195128008723259
2849,0.08377458900213242
2850,0.04967176169157028
2851,0.030960485339164734
2852,0.05691904202103615
2853,0.04182461276650429
2854,0.038497794419527054
2855,0.06160919740796089
2856,0.0653868019580841
2857,0.02929101511836052
2858,0.03726586699485779
2859,0.02702452801167965
2860,0.055532366037368774
2861,0.09001655131578445
2862,0.04081033170223236
2863,0.03761114925146103
2864,0.0751744732260704
2865,0.03989705443382263
2866,0.039407942444086075
2867,0.0593852698802948
2868,0.05069535970687866
2869,0.031516626477241516
2870,0.03880251944065094
2871,0.04577335715293884
2872,0.040234748274087906
2873,0.04533945024013519
2874,0.03085523098707199
2875,0.03481403738260269
2876,0.024080684408545494
2877,0.05249156802892685
2878,0.03979389742016792
2879,0.042321376502513885
2880,0.05372309312224388
2881,0.042315855622291565
2882,0.0402429923415184
2883,0.061346326023340225
2884,0.06457643955945969
2885,0.04745617136359215
2886,0.04761555418372154
2887,0.07634403556585312
2888,0.08139266073703766
2889,0.07902023941278458
2890,0.05960250273346901
2891,0.05008939653635025
2892,0.028518982231616974
2893,0.07842031866312027
2894,0.04206235706806183
2895,0.08982706069946289
2896,0.02322513237595558
2897,0.024535782635211945
2898,0.04446762427687645
2899,0.050663307309150696
2900,0.06267225742340088
2901,0.038223255425691605
2902,0.042725346982479095
2903,0.06401459872722626
2904,0.057640641927719116
2905,0.04382229223847389
2906,0.04179530590772629
2907,0.05188106745481491
2908,0.03853987529873848
2909,0.042473625391721725
2910,0.03477783128619194
2911,0.03082239255309105
2912,0.057926688343286514
2913,0.0288517065346241
2914,0.03723897039890289
2915,0.05985978618264198
2916,0.04287600517272949
2917,0.03723926469683647
2918,0.06608385592699051
2919,0.07601635903120041
2920,0.047964174300432205
2921,0.02741457149386406
2922,0.027849052101373672
2923,0.03487100824713707
2924,0.04030319303274155
2925,0.06152873486280441
2926,0.030542414635419846
2927,0.0427108034491539
2928,0.10623625665903091
2929,0.02697073668241501
2930,0.041817788034677505
2931,0.041012462228536606
2932,0.03065856359899044
2933,0.042446985840797424
2934,0.05473463609814644
2935,0.058087192475795746
2936,0.031391747295856476
2937,0.05982786417007446
2938,0.03808555006980896
2939,0.06904501467943192
2940,0.14946241676807404
2941,0.16533398628234863
2942,0.05752154812216759
2943,0.07111307978630066
2944,0.03771866112947464
2945,0.09455452859401703
2946,0.03690226003527641
2947,0.0371633842587471
2948,0.11615610122680664
2949,0.06731761991977692
2950,0.038031917065382004
2951,0.06094847992062569
2952,0.03279982507228851
2953,0.03950342535972595
2954,0.07677463442087173
2955,0.0364968441426754
2956,0.14573591947555542
2957,0.03503378480672836
2958,0.06436868757009506
2959,0.0413137823343277
2960,0.030848298221826553
2961,0.053286753594875336
2962,0.041958924382925034
2963,0.05387943983078003
2964,0.0763954296708107
2965,0.05488617345690727
2966,0.09115786850452423
2967,0.1678486466407776
2968,0.03810657933354378
2969,0.037593573331832886
2970,0.04754341393709183
2971,0.04604083672165871
2972,0.040102507919073105
2973,0.13417507708072662
2974,0.06403882056474686
2975,0.1068003699183464
2976,0.02977665141224861
2977,0.04606395214796066
2978,0.0580582320690155
2979,0.042150720953941345
2980,0.07289880514144897
2981,0.05080283805727959
2982,0.0903555154800415
2983,0.06274694204330444
2984,0.1649843454360962
2985,0.05154173821210861
2986,0.06597360223531723
2987,0.06399355083703995
2988,0.05819501355290413
2989,0.06363599002361298
2990,0.051507577300071716
2991,0.04340443015098572
2992,0.03670316934585571
2993,0.060387030243873596
2994,0.049196116626262665
2995,0.02276553213596344
2996,0.05377669259905815
2997,0.07913871109485626
2998,0.07350682467222214
2999,0.10931158065795898
3000,0.06768785417079926
3001,0.038215525448322296
3002,0.049692414700984955
3003,0.0556095615029335
3004,0.06538134813308716
3005,0.04876183718442917
3006,0.06920190155506134
3007,0.03311779350042343
3008,0.025397056713700294
3009,0.027806883677840233
3010,0.04407301917672157
3011,0.057000286877155304
3012,0.12936657667160034
3013,0.10238698124885559
3014,0.033743686974048615
3015,0.03870882838964462
3016,0.05368621647357941
3017,0.15691374242305756
3018,0.04767843708395958
3019,0.09560563415288925
3020,0.08582647144794464
3021,0.06787566840648651
3022,0.0787942036986351
3023,0.07839398086071014
3024,0.10080438107252121
3025,0.042539797723293304
3026,0.10085481405258179
3027,0.10461787134408951
3028,0.05668066442012787
3029,0.07449445873498917
3030,0.09088823944330215
3031,0.04063020274043083
3032,0.07510934770107269
3033,0.036239318549633026
3034,0.07773832976818085
3035,0.042505551129579544
3036,0.037400878965854645
3037,0.031166624277830124
3038,0.14613157510757446
3039,0.06334345042705536
3040,0.03877490758895874
3041,0.034325625747442245
3042,0.04118780046701431
3043,0.03209614008665085
3044,0.044875845313072205
3045,0.016273753717541695
3046,0.04172448441386223
3047,0.03526492789387703
3048,0.04094354063272476
3049,0.07503888756036758
3050,0.03669309988617897
3051,0.046066105365753174
3052,0.02621319517493248
3053,0.0884961485862732
3054,0.04521028324961662
3055,0.05317893624305725
3056,0.09304150938987732
3057,0.06419999152421951
3058,0.070518858730793
3059,0.05982763320207596
3060,0.10692834854125977
3061,0.05988118797540665
3062,0.029494691640138626
3063,0.04251234605908394
3064,0.07723530381917953
3065,0.038518134504556656
3066,0.029129546135663986
3067,0.06100587546825409
3068,0.02409105747938156
3069,0.058545082807540894
3070,0.11212287098169327
3071,0.048491571098566055
3072,0.03713927045464516
3073,0.03569357469677925
3074,0.11150388419628143
3075,0.07761726528406143
3076,0.08951490372419357
3077,0.07315967977046967
3078,0.03431473672389984
3079,0.038113705813884735
3080,0.04610864818096161
3081,0.04303938150405884
3082,0.10872999578714371
3083,0.03194667026400566
3084,0.026185769587755203
3085,0.03764302656054497
3086,0.038797177374362946
3087,0.051758185029029846
3088,0.05899645388126373
3089,0.09640175849199295
3090,0.040625281631946564
3091,0.04564401134848595
3092,0.039451539516448975
3093,0.07136215269565582
3094,0.16666698455810547
3095,0.1429227739572525
3096,0.14917650818824768
3097,0.13210514187812805
3098,0.13219456374645233
3099,0.09000469744205475
3100,0.1340102255344391
3101,0.12116266041994095
3102,0.05679784342646599
3103,0.045720797032117844
3104,0.05716807767748833
3105,0.07552459836006165
3106,0.0948251485824585
3107,0.09874061495065689
3108,0.08507794141769409
3109,0.050326380878686905
3110,0.03540876507759094
3111,0.052110396325588226
3112,0.06261327862739563
3113,0.04982020705938339
3114,0.038205720484256744
3115,0.036386869847774506
3116,0.027175575494766235
3117,0.03541930392384529
3118,0.06890790909528732
3119,0.08066507428884506
3120,0.037716012448072433
3121,0.06972271203994751
3122,0.0417955182492733
3123,0.056317418813705444
3124,0.10651395469903946
3125,0.08913184702396393
3126,0.04722177982330322
3127,0.10431601107120514
3128,0.05854862183332443
3129,0.04749642312526703
3130,0.030869727954268456
3131,0.03785006329417229
3132,0.056252654641866684
3133,0.0587143674492836
3134,0.019672978669404984
3135,0.020088152959942818
3136,0.041374169290065765
3137,0.06053360551595688
3138,0.04318969324231148
3139,0.03736631199717522
3140,0.0261731818318367
3141,0.10789944231510162
3142,0.06527365744113922
3143,0.059301603585481644
3144,0.12560974061489105
3145,0.0711493119597435
3146,0.11311589926481247
3147,0.044174205511808395
3148,0.034011904150247574
3149,0.027564505115151405
3150,0.03996105492115021
3151,0.039167243987321854
3152,0.08813214302062988
3153,0.02967679686844349
3154,0.029482141137123108
3155,0.017953168600797653
3156,0.06327394396066666
3157,0.10468585789203644
3158,0.04616370424628258
3159,0.03334196284413338
3160,0.09282868355512619
3161,0.06804162263870239
3162,0.07224470376968384
3163,0.03546404093503952
3164,0.04466365650296211
3165,0.03466462343931198
3166,0.03709791973233223
3167,0.11434830725193024
3168,0.04240735247731209
3169,0.06509540975093842
3170,0.03396541625261307
3171,0.060292866080999374
3172,0.03283815458416939
3173,0.08419159054756165
3174,0.05019202083349228
3175,0.05698756128549576
3176,0.03379560634493828
3177,0.03950471431016922
3178,0.05354025214910507
3179,0.039127398282289505
3180,0.042465537786483765
3181,0.055636294186115265
3182,0.03807767108082771
3183,0.034131865948438644
3184,0.10291481763124466
3185,0.17578646540641785
3186,0.11555357277393341
3187,0.04927295073866844
3188,0.03734700381755829
3189,0.03371590003371239
3190,0.07646555453538895
3191,0.03183192387223244
3192,0.12610779702663422
3193,0.045369066298007965
3194,0.0531962513923645
3195,0.11580648273229599
3196,0.05161682516336441
3197,0.020756440237164497
3198,0.05256611853837967
3199,0.08493459969758987
3200,0.1275135576725006
3201,0.13393372297286987
3202,0.061049673706293106
3203,0.08716508001089096
3204,0.031630903482437134
3205,0.08351922780275345
3206,0.026106635108590126
3207,0.032670844346284866
3208,0.0576300211250782
3209,0.0456889308989048
3210,0.10717181861400604
3211,0.04667824134230614
3212,0.02826455980539322
3213,0.09964074194431305
3214,0.06825441867113113
3215,0.09821412712335587
3216,0.06152961403131485
3217,0.03393351286649704
3218,0.08451397716999054
3219,0.06082743778824806
3220,0.037617914378643036
3221,0.04906777665019035
3222,0.058514222502708435
3223,0.04046066850423813
3224,0.04776427149772644
3225,0.07894081622362137
3226,0.06343904137611389
3227,0.03778807818889618
3228,0.05219582840800285
3229,0.11458182334899902
3230,0.03217265009880066
3231,0.041062939912080765
3232,0.03969454765319824
3233,0.03853585943579674
3234,0.037519387900829315
3235,0.03932074457406998
3236,0.0558597557246685
3237,0.06150322034955025
3238,0.034047454595565796
3239,0.02373065985739231
3240,0.0367821604013443
3241,0.04243379458785057
3242,0.10905709862709045
3243,0.10357941687107086
3244,0.06722495704889297
3245,0.03642207756638527
3246,0.04526835307478905
3247,0.041780173778533936
3248,0.05195397138595581
3249,0.07691331207752228
3250,0.028863957151770592
3251,0.05602813884615898
3252,0.025923101231455803
3253,0.0318896658718586
3254,0.035588376224040985
3255,0.053162582218647
3256,0.06808185577392578
3257,0.03684765473008156
3258,0.08593393117189407
3259,0.048930250108242035
3260,0.03704993799328804
3261,0.04129793122410774
3262,0.09934350103139877
3263,0.08650989085435867
3264,0.04832092300057411
3265,0.050629083067178726
3266,0.04008909687399864
3267,0.036062248051166534
3268,0.0466894805431366
3269,0.04175466299057007
3270,0.07288260012865067
3271,0.04141773656010628
3272,0.026064196601510048
3273,0.060619987547397614
3274,0.07271520048379898
3275,0.04832972586154938
3276,0.04978582262992859
3277,0.10027202218770981
3278,0.04590021073818207
3279,0.03399346023797989
3280,0.06797751784324646
3281,0.09859427064657211
3282,0.06144575774669647
3283,0.03982936218380928
3284,0.15240992605686188
3285,0.048913344740867615
3286,0.12460966408252716
3287,0.06764885783195496
3288,0.11151688545942307
3289,0.05915239453315735
3290,0.030736062675714493
3291,0.06162220984697342
3292,0.04101463779807091
3293,0.04682174697518349
3294,0.04209819808602333
3295,0.035313837230205536
3296,0.03712812811136246
3297,0.07667558640241623
3298,0.0426190122961998
3299,0.029216740280389786
3300,0.03566284477710724
3301,0.05524377152323723
3302,0.0985143780708313
3303,0.06742213666439056
3304,0.045628469437360764
3305,0.03478631749749184
3306,0.034309450536966324
3307,0.044209565967321396
3308,0.0589941143989563
3309,0.04035384953022003
3310,0.022692933678627014
3311,0.04765651002526283
3312,0.10610129684209824
3313,0.05357789993286133
3314,0.03959992900490761
3315,0.03818347677588463
3316,0.053300339728593826
3317,0.03139616176486015
3318,0.07193414866924286
3319,0.04691644012928009
3320,0.04651729762554169
3321,0.0308380164206028
3322,0.060261454433202744
3323,0.052919432520866394
3324,0.03519038110971451
3325,0.05029865726828575
3326,0.08962292224168777
3327,0.022699784487485886
3328,0.06072285771369934
3329,0.14284825325012207
3330,0.05489487946033478
3331,0.035254426300525665
3332,0.042116373777389526
3333,0.05177965387701988
3334,0.06733262538909912
3335,0.038610633462667465
3336,0.07226569205522537
3337,0.04092708230018616
3338,0.04055490344762802
3339,0.10145185887813568
3340,0.044160474091768265
3341,0.03979381546378136
3342,0.03888114169239998
3343,0.06044512242078781
3344,0.04576701670885086
3345,0.05715428665280342
3346,0.08278612047433853
3347,0.06196562200784683
3348,0.041227612644433975
3349,0.08160914480686188
3350,0.047691356390714645
3351,0.058886945247650146
3352,0.027685150504112244
3353,0.04803690314292908
3354,0.03229933977127075
3355,0.030304959043860435
3356,0.029352160170674324
3357,0.032375458627939224
3358,0.028994396328926086
3359,0.07758878171443939
3360,0.1428287923336029
3361,0.031123977154493332
3362,0.04099060595035553
3363,0.05754455178976059
3364,0.0448053739964962
3365,0.06327542662620544
3366,0.05677708983421326
3367,0.0465376116335392
3368,0.04374837130308151
3369,0.0916757583618164
3370,0.04903249442577362
3371,0.06061455234885216
3372,0.09883984923362732
3373,0.08034439384937286
3374,0.06157713755965233
3375,0.043904244899749756
3376,0.042324647307395935
3377,0.06558577716350555
3378,0.07699558883905411
3379,0.0365196093916893
3380,0.10546542704105377
3381,0.05936690419912338
3382,0.055866822600364685
3383,0.10733607411384583
3384,0.06560689210891724
3385,0.07015900313854218
3386,0.09873204678297043
3387,0.07936286181211472
3388,0.06663446128368378
3389,0.06062527745962143
3390,0.06912769377231598
3391,0.07843135297298431
3392,0.07230053842067719
3393,0.04997239634394646
3394,0.034698210656642914
3395,0.10226980596780777
3396,0.11400074511766434
3397,0.042908549308776855
3398,0.04098878428339958
3399,0.02921823412179947
3400,0.026428939774632454
3401,0.10412844270467758
3402,0.04566067084670067
3403,0.028200536966323853
3404,0.05515258014202118
3405,0.04858563467860222
3406,0.11921410262584686
3407,0.059823669493198395
3408,0.04463140666484833
3409,0.033239949494600296
3410,0.0603054016828537
3411,0.05037911608815193
3412,0.09788751602172852
3413,0.049505431205034256
3414,0.049117643386125565
3415,0.0517442412674427
3416,0.03378763049840927
3417,0.06816728413105011
3418,0.02897036075592041
3419,0.03331271931529045
3420,0.24845492839813232
3421,0.06570924818515778
3422,0.07080161571502686
3423,0.04285760596394539
3424,0.03547972813248634
3425,0.0418834313750267
3426,0.043994512408971786
3427,0.023674173280596733
3428,0.04801538959145546
3429,0.06203288957476616
3430,0.038542598485946655
3431,0.10002519190311432
3432,0.09627585858106613
3433,0.0511997826397419
3434,0.02823622152209282
3435,0.03603987395763397
3436,0.0932190865278244
3437,0.037971239537000656
3438,0.04810374975204468
3439,0.031112249940633774
3440,0.10366048663854599
3441,0.110841765999794
3442,0.13939589262008667
3443,0.08435606956481934
3444,0.03917144984006882
3445,0.043446339666843414
3446,0.03337639942765236
3447,0.05300842970609665
3448,0.08237302303314209
3449,0.03470272198319435
3450,0.08552606403827667
3451,0.06648321449756622
3452,0.07285591214895248
3453,0.044490039348602295
3454,0.03074759803712368
3455,0.04600623995065689
3456,0.039420999586582184
3457,0.04659799858927727
3458,0.04432008042931557
3459,0.026824552565813065
3460,0.11105228960514069
3461,0.05067739263176918
3462,0.05267270281910896
3463,0.055211976170539856
3464,0.19672760367393494
3465,0.03126222640275955
3466,0.10753855854272842
3467,0.04728813096880913
3468,0.04730778560042381
3469,0.03988851234316826
3470,0.08074501901865005
3471,0.05812530964612961
3472,0.029039865359663963
3473,0.04335936903953552
3474,0.06586895138025284
3475,0.05852513760328293
3476,0.09773490577936172
3477,0.07434452325105667
3478,0.0716034322977066
3479,0.07794049382209778
3480,0.06376700103282928
3481,0.11300626397132874
3482,0.060177866369485855
3483,0.09645362198352814
3484,0.05442111939191818
3485,0.09874604642391205
3486,0.14558948576450348
3487,0.05032159015536308
3488,0.038510795682668686
3489,0.030952466651797295
3490,0.04418356716632843
3491,0.08773642033338547
3492,0.06132599711418152
3493,0.07899267226457596
3494,0.08649114519357681
3495,0.03485391288995743
3496,0.0432029590010643
3497,0.08752691000699997
3498,0.06424462795257568
3499,0.05001288652420044
3500,0.048484861850738525
3501,0.05885661393404007
3502,0.04207572713494301
3503,0.02970508299767971
3504,0.05601003021001816
3505,0.038530103862285614
3506,0.03232743218541145
3507,0.03577274829149246
3508,0.13260550796985626
3509,0.05009183660149574
3510,0.04201040789484978
3511,0.05746353417634964
3512,0.046026140451431274
3513,0.027866452932357788
3514,0.051152147352695465
3515,0.05315295606851578
3516,0.055830731987953186
3517,0.041377194225788116
3518,0.054297588765621185
3519,0.0470428504049778
3520,0.050013478845357895
3521,0.07369036972522736
3522,0.02612040936946869
3523,0.07263694703578949
3524,0.06407380849123001
3525,0.024538978934288025
3526,0.04385228827595711
3527,0.029259558767080307
3528,0.07730765640735626
3529,0.06345963478088379
3530,0.10249960422515869
3531,0.04635383561253548
3532,0.039356667548418045
3533,0.11314578354358673
3534,0.05988762900233269
3535,0.04721510410308838
3536,0.030373893678188324
3537,0.11075982451438904
3538,0.0986432284116745
3539,0.0899529755115509
3540,0.040166109800338745
3541,0.04685905948281288
3542,0.055321384221315384
3543,0.06713971495628357
3544,0.06693539768457413
3545,0.03566178306937218
3546,0.04424067586660385
3547,0.03115319460630417
3548,0.031215835362672806
3549,0.124837227165699
3550,0.03929480165243149
3551,0.07277960330247879
3552,0.020691797137260437
3553,0.03282130882143974
3554,0.05082482844591141
3555,0.0419791154563427
3556,0.06269446760416031
3557,0.024176711216568947
3558,0.07647202908992767
3559,0.09472116827964783
3560,0.061353649944067
3561,0.05373082309961319
3562,0.03296200931072235
3563,0.07505672425031662
3564,0.03349103033542633
3565,0.05172111093997955
3566,0.12116418778896332
3567,0.06277896463871002
3568,0.0345805287361145
3569,0.038598738610744476
3570,0.056738801300525665
3571,0.05645362287759781
3572,0.055965572595596313
3573,0.04227953776717186
3574,0.036651283502578735
3575,0.051531024277210236
3576,0.058644574135541916
3577,0.049842946231365204
3578,0.06927485018968582
3579,0.027854718267917633
3580,0.05495619401335716
3581,0.048320233821868896
3582,0.07988929748535156
3583,0.04514090716838837
3584,0.03576335310935974
3585,0.020455388352274895
3586,0.05814654380083084
3587,0.028852786868810654
3588,0.05496516823768616
3589,0.11698777973651886
3590,0.030398394912481308
3591,0.039290525019168854
3592,0.03266337141394615
3593,0.0702572762966156
3594,0.03824459761381149
3595,0.047576095908880234
3596,0.05309271812438965
3597,0.05251508206129074
3598,0.04650010168552399
3599,0.03180908039212227
3600,0.06683938205242157
3601,0.02251407876610756
3602,0.03349725902080536
3603,0.09180113673210144
3604,0.03658845275640488
3605,0.08225364238023758
3606,0.06212744116783142
3607,0.04159014672040939
3608,0.05149020627140999
3609,0.02766571380198002
3610,0.042538657784461975
3611,0.06021116301417351
3612,0.06096462532877922
3613,0.01836208999156952
3614,0.03895634412765503
3615,0.025984494015574455
3616,0.053273431956768036
3617,0.0869002416729927
3618,0.031589243561029434
3619,0.03374774754047394
3620,0.05018490552902222
3621,0.05862155556678772
3622,0.02206425368785858
3623,0.036281660199165344
3624,0.06347862631082535
3625,0.05140458047389984
3626,0.09504784643650055
3627,0.0603664368391037
3628,0.05829702317714691
3629,0.033175840973854065
3630,0.08127700537443161
3631,0.052363861352205276
3632,0.05995823070406914
3633,0.038854144513607025
3634,0.03733905032277107
3635,0.07000979781150818
3636,0.13421547412872314
3637,0.12054234743118286
3638,0.05111979320645332
3639,0.02554161846637726
3640,0.035806622356176376
3641,0.038475632667541504
3642,0.045274533331394196
3643,0.04066246747970581
3644,0.028276370838284492
3645,0.11728745698928833
3646,0.03857108950614929
3647,0.15340527892112732
3648,0.07459273934364319
3649,0.04752290993928909
3650,0.03985665366053581
3651,0.1080084890127182
3652,0.0251476913690567
3653,0.04721026495099068
3654,0.08704570680856705
3655,0.08116962015628815
3656,0.10282789170742035
3657,0.04778161644935608
3658,0.029623795300722122
3659,0.026805290952324867
3660,0.033470120280981064
3661,0.04433763772249222
3662,0.03518320247530937
3663,0.053654760122299194
3664,0.0841536596417427
3665,0.04742835834622383
3666,0.032213956117630005
3667,0.07299966365098953
3668,0.03440544381737709
3669,0.05045335739850998
3670,0.02388974279165268
3671,0.07228219509124756
3672,0.05988322198390961
3673,0.02970733866095543
3674,0.11422037333250046
3675,0.03957473114132881
3676,0.11540242284536362
3677,0.06433417648077011
3678,0.04643344134092331
3679,0.034358762204647064
3680,0.04831589385867119
3681,0.10505897551774979
3682,0.06429775804281235
3683,0.03634922206401825
3684,0.036578673869371414
3685,0.039523642510175705
3686,0.04702819883823395
3687,0.0723947137594223
3688,0.057255394756793976
3689,0.188829705119133
3690,0.07134324312210083
3691,0.03731509670615196
3692,0.027251020073890686
3693,0.02416994422674179
3694,0.11594896018505096
3695,0.03243444487452507
3696,0.056848183274269104
3697,0.05087544023990631
3698,0.052988726645708084
3699,0.13189494609832764
3700,0.039061229676008224
3701,0.046027492731809616
3702,0.1413259208202362
3703,0.0355047769844532
3704,0.029937971383333206
3705,0.046058546751737595
3706,0.04933977127075195
3707,0.04564501717686653
3708,0.0667153149843216
3709,0.03783370554447174
3710,0.055395882576704025
3711,0.1011565774679184
3712,0.10140853375196457
3713,0.09071525931358337
3714,0.04447750002145767
3715,0.030921466648578644
3716,0.03839772567152977
3717,0.09495551884174347
3718,0.06344190984964371
3719,0.04555307701230049
3720,0.07364009320735931
3721,0.023177050054073334
3722,0.06872215121984482
3723,0.044274553656578064
3724,0.06366712599992752
3725,0.0352117121219635
3726,0.09268546104431152
3727,0.13150593638420105
3728,0.05596917122602463
3729,0.07450162619352341
3730,0.058516327291727066
3731,0.045510873198509216
3732,0.03926021233201027
3733,0.07815921306610107
3734,0.04439118877053261
3735,0.04897695407271385
3736,0.02981923706829548
3737,0.04204900562763214
3738,0.05752582848072052
3739,0.03269698843359947
3740,0.048712681978940964
3741,0.05026133358478546
3742,0.039810292422771454
3743,0.05206616595387459
3744,0.13124431669712067
3745,0.0524025522172451
3746,0.029615992680191994
3747,0.02758023515343666
3748,0.09072701632976532
3749,0.028120987117290497
3750,0.08130478858947754
3751,0.02947796881198883
3752,0.037817664444446564
3753,0.05154506489634514
3754,0.07046672701835632
3755,0.04155592992901802
3756,0.1240316852927208
3757,0.04418020695447922
3758,0.05330348759889603
3759,0.08328783512115479
3760,0.0415872223675251
3761,0.05889153108000755
3762,0.08829175680875778
3763,0.035326313227415085
3764,0.09836314618587494
3765,0.03824229538440704
3766,0.10467608273029327
3767,0.08869977295398712
3768,0.03826531022787094
3769,0.15439997613430023
3770,0.03825577348470688
3771,0.04356495290994644
3772,0.03570350632071495
3773,0.055607832968235016
3774,0.05547254905104637
3775,0.1322365701198578
3776,0.11215106397867203
3777,0.03162620589137077
3778,0.06752356886863708
3779,0.0389723926782608
3780,0.13599252700805664
3781,0.0548446923494339
3782,0.039144694805145264
3783,0.10154299437999725
3784,0.03128843009471893
3785,0.02443590946495533
3786,0.054197199642658234
3787,0.07232923060655594
3788,0.030360262840986252
3789,0.06336026638746262
3790,0.06205117702484131
3791,0.0441720075905323
3792,0.10712665319442749
3793,0.13516481220722198
3794,0.06024935469031334
3795,0.055854540318250656
3796,0.13491329550743103
3797,0.031764186918735504
3798,0.0472603365778923
3799,0.04421064630150795
3800,0.04572243243455887
3801,0.025133538991212845
3802,0.058997564017772675
3803,0.057443756610155106
3804,0.051474716514348984
3805,0.03347088769078255
3806,0.052017200738191605
3807,0.043453607708215714
3808,0.03770260512828827
3809,0.09692288935184479
3810,0.05657673999667168
3811,0.03223416209220886
3812,0.0600084587931633
3813,0.03986285254359245
3814,0.07628502696752548
3815,0.09381482005119324
3816,0.040931664407253265
3817,0.05970127508044243
3818,0.0887322947382927
3819,0.06002329662442207
3820,0.046684667468070984
3821,0.03708379343152046
3822,0.07146861404180527
3823,0.05232593044638634
3824,0.05025672912597656
3825,0.029613802209496498
3826,0.06687334179878235
3827,0.03266292065382004
3828,0.06056596711277962
3829,0.06683970987796783
3830,0.032937001436948776
3831,0.048429280519485474
3832,0.1251395344734192
3833,0.055496640503406525
3834,0.10961587727069855
3835,0.02235562540590763
3836,0.026917805895209312
3837,0.027807844802737236
3838,0.049903880804777145
3839,0.048197418451309204
3840,0.12358229607343674
3841,0.034738700836896896
3842,0.06356307864189148
3843,0.02667473629117012
3844,0.1146237850189209
3845,0.0408371277153492
3846,0.12001098692417145
3847,0.035505153238773346
3848,0.043823063373565674
3849,0.09969078749418259
3850,0.029353130608797073
3851,0.11107944697141647
3852,0.07476922124624252
3853,0.04052918031811714
3854,0.05687970668077469
3855,0.03350142017006874
3856,0.07252690941095352
3857,0.040952153503894806
3858,0.040997862815856934
3859,0.04331642761826515
3860,0.0349310003221035
3861,0.11970405280590057
3862,0.04829319566488266
3863,0.07032646238803864
3864,0.0326291099190712
3865,0.03544972836971283
3866,0.061716653406620026
3867,0.04299699515104294
3868,0.034748584032058716
3869,0.0378253199160099
3870,0.05610524117946625
3871,0.03880412504076958
3872,0.07445195317268372
3873,0.037269897758960724
3874,0.025859586894512177
3875,0.052504342049360275
3876,0.040869154036045074
3877,0.05315086990594864
3878,0.08459365367889404
3879,0.03705437108874321
3880,0.025788843631744385
3881,0.05356373265385628
3882,0.03878512606024742
3883,0.0876699835062027
3884,0.04878557473421097
3885,0.020647162571549416
3886,0.04127204790711403
3887,0.030822541564702988
3888,0.04567575454711914
3889,0.07531139254570007
3890,0.023560773581266403
3891,0.029003562405705452
3892,0.05235350877046585
3893,0.12640248239040375
3894,0.05444188043475151
3895,0.09035234898328781
3896,0.12278194725513458
3897,0.12192240357398987
3898,0.10058286041021347
3899,0.058055855333805084
3900,0.0670316219329834
3901,0.05315398424863815
3902,0.09200508892536163
3903,0.06365649402141571
3904,0.06979785859584808
3905,0.04840630292892456
3906,0.03171224892139435
3907,0.0728163868188858
3908,0.0692092701792717
3909,0.058428794145584106
3910,0.04194323718547821
3911,0.07198157906532288
3912,0.05857636034488678
3913,0.04405752941966057
3914,0.03040521778166294
3915,0.07068688422441483
3916,0.03185689076781273
3917,0.10607007890939713
3918,0.033857524394989014
3919,0.12076881527900696
3920,0.03692751005291939
3921,0.03291649743914604
3922,0.11605490744113922
3923,0.03813401237130165
3924,0.03571745380759239
3925,0.11474966257810593
3926,0.06490687280893326
3927,0.03657792508602142
3928,0.040836453437805176
3929,0.0863061174750328
3930,0.03396362438797951
3931,0.050709422677755356
3932,0.026266157627105713
3933,0.030967362225055695
3934,0.042333830147981644
3935,0.04467755928635597
3936,0.05296604335308075
3937,0.03815752640366554
3938,0.04964630305767059
3939,0.04932228475809097
3940,0.05371794477105141
3941,0.0374331995844841
3942,0.06640692800283432
3943,0.03108389303088188
3944,0.041464269161224365
3945,0.09346941858530045
3946,0.0227426178753376
3947,0.08873011916875839
3948,0.07298517227172852
3949,0.09005050361156464
3950,0.06649262458086014
3951,0.030802762135863304
3952,0.06023619323968887
3953,0.0763889029622078
3954,0.0683201402425766
3955,0.07455842941999435
3956,0.09650934487581253
3957,0.047541916370391846
3958,0.04402202367782593
3959,0.03809286653995514
3960,0.07192277163267136
3961,0.05189098045229912
3962,0.05433575063943863
3963,0.080897755920887
3964,0.08286311477422714
3965,0.10136831551790237
3966,0.08802396804094315
3967,0.027587147429585457
3968,0.041756704449653625
3969,0.04260025918483734
3970,0.030215680599212646
3971,0.04862357676029205
3972,0.0566563606262207
3973,0.048141397535800934
3974,0.040455590933561325
3975,0.10412397235631943
3976,0.05888800323009491
3977,0.048490241169929504
3978,0.048119962215423584
3979,0.09629060328006744
3980,0.05356002226471901
3981,0.0597861185669899
3982,0.056624073535203934
3983,0.03979302942752838
3984,0.05110139399766922
3985,0.026928240433335304
3986,0.028090720996260643
3987,0.03485609591007233
3988,0.048364222049713135
3989,0.04220566898584366
3990,0.04265701770782471
3991,0.02766619436442852
3992,0.047455884516239166
3993,0.07167287170886993
3994,0.08339504897594452
3995,0.03234240412712097
3996,0.08313880860805511
3997,0.03638828918337822
3998,0.026209671050310135
3999,0.08482766151428223
4000,0.03965415433049202
4001,0.048044055700302124
4002,0.06384259462356567
4003,0.06614234298467636
4004,0.027009449899196625
4005,0.028766300529241562
4006,0.03328893706202507
4007,0.018604932352900505
4008,0.06202947720885277
4009,0.0535690002143383
4010,0.06162051483988762
4011,0.11574748158454895
4012,0.03544656187295914
4013,0.049436602741479874
4014,0.05546430125832558
4015,0.050421640276908875
4016,0.04515450447797775
4017,0.04662013053894043
4018,0.05405731871724129
4019,0.04843313619494438
4020,0.04915540665388107
4021,0.09224079549312592
4022,0.051475659012794495
4023,0.08788271248340607
4024,0.08154134452342987
4025,0.07296841591596603
4026,0.16393065452575684
4027,0.03938913345336914
4028,0.16335216164588928
4029,0.024753084406256676
4030,0.058975622057914734
4031,0.05777053162455559
4032,0.05621569603681564
4033,0.04556268826127052
4034,0.05290593206882477
4035,0.06789970397949219
4036,0.03477083519101143
4037,0.039115969091653824
4038,0.11046615242958069
4039,0.05887376517057419
4040,0.01866282895207405
4041,0.03973062336444855
4042,0.05108264088630676
4043,0.057292502373456955
4044,0.034445274621248245
4045,0.040919192135334015
4046,0.037761736661195755
4047,0.04384132847189903
4048,0.12550519406795502
4049,0.09211450815200806
4050,0.06352901458740234
4051,0.056601013988256454
4052,0.04994615912437439
4053,0.07736946642398834
4054,0.09646031260490417
4055,0.06478622555732727
4056,0.06100911274552345
4057,0.039689913392066956
4058,0.043761808425188065
4059,0.03226273134350777
4060,0.04873208701610565
4061,0.05216362327337265
4062,0.030095161870121956
4063,0.03700455278158188
4064,0.023467671126127243
4065,0.026272479444742203
4066,0.052905283868312836
4067,0.07449634373188019
4068,0.02362455241382122
4069,0.04411086440086365
4070,0.0416630282998085
4071,0.07350676506757736
4072,0.04028712958097458
4073,0.02456565573811531
4074,0.02488618530333042
4075,0.07693120092153549
4076,0.03645922243595123
4077,0.03654902055859566
4078,0.03065616264939308
4079,0.0703752264380455
4080,0.05739954859018326
4081,0.055085379630327225
4082,0.06626047194004059
4083,0.04365694522857666
4084,0.032897043973207474
4085,0.034743890166282654
4086,0.044365379959344864
4087,0.02177456021308899
4088,0.08122290670871735
4089,0.03406080603599548
4090,0.03154388442635536
4091,0.0383727140724659
4092,0.04070356860756874
4093,0.03143274784088135
4094,0.0507265068590641
4095,0.041223879903554916
4096,0.04164165258407593
4097,0.08807788044214249
4098,0.0495307520031929
4099,0.061094895005226135
4100,0.11268456280231476
4101,0.03838803619146347
4102,0.058951057493686676
4103,0.03399261087179184
4104,0.15275873243808746
4105,0.022150132805109024
4106,0.025442512705922127
4107,0.06152265518903732
4108,0.10930002480745316
4109,0.033889926970005035
4110,0.06829908490180969
4111,0.08013077080249786
4112,0.05657293274998665
4113,0.03313170745968819
4114,0.07387829571962357
4115,0.06621075421571732
4116,0.04924262687563896
4117,0.04229877516627312
4118,0.03406878560781479
4119,0.03015981987118721
4120,0.09616770595312119
4121,0.11847496777772903
4122,0.037255316972732544
4123,0.032330967485904694
4124,0.03968939557671547
4125,0.03825515881180763
4126,0.04541018605232239
4127,0.049521833658218384
4128,0.058826424181461334
4129,0.04889453202486038
4130,0.0786830261349678
4131,0.08027149736881256
4132,0.05058985576033592
4133,0.047190822660923004
4134,0.04534175992012024
4135,0.04106995835900307
4136,0.03874298930168152
4137,0.03574144095182419
4138,0.03190925344824791
4139,0.03555883467197418
4140,0.03898680955171585
4141,0.061699144542217255
4142,0.05018351599574089
4143,0.08741013705730438
4144,0.047154393047094345
4145,0.01688302308320999
4146,0.09300770610570908
4147,0.03785533457994461
4148,0.027389269322156906
4149,0.036043308675289154
4150,0.017365016043186188
4151,0.04837361350655556
4152,0.043075986206531525
4153,0.038672901690006256
4154,0.035245783627033234
4155,0.0665954127907753
4156,0.03386532515287399
4157,0.06167321652173996
4158,0.05674832686781883
4159,0.054633673280477524
4160,0.03440357372164726
4161,0.058267269283533096
4162,0.031617362052202225
4163,0.033643078058958054
4164,0.06703055649995804
4165,0.042631298303604126
4166,0.0287785567343235
4167,0.07920319586992264
4168,0.024887366220355034
4169,0.1047200858592987
4170,0.06384249031543732
4171,0.09009180963039398
4172,0.07698523998260498
4173,0.13665775954723358
4174,0.04412471503019333
4175,0.02234715223312378
4176,0.04334409534931183
4177,0.03177235648036003
4178,0.049925077706575394
4179,0.021210340782999992
4180,0.029250700026750565
4181,0.03444485738873482
4182,0.09165605157613754
4183,0.029418345540761948
4184,0.026488816365599632
4185,0.05835963040590286
4186,0.08633147180080414
4187,0.027000421658158302
4188,0.08287937939167023
4189,0.03518412262201309
4190,0.07543747127056122
4191,0.06061751767992973
4192,0.06608720868825912
4193,0.037752095609903336
4194,0.041002366691827774
4195,0.03904878348112106
4196,0.0715005099773407
4197,0.019377227872610092
4198,0.03912605345249176
4199,0.0424695648252964
4200,0.05449987202882767
4201,0.05145750939846039
4202,0.01961308903992176
4203,0.09962724149227142
4204,0.042462512850761414
4205,0.1134050115942955
4206,0.05380769819021225
4207,0.041669633239507675
4208,0.11747102439403534
4209,0.052877917885780334
4210,0.06896067410707474
4211,0.040196385234594345
4212,0.04377458989620209
4213,0.05676588788628578
4214,0.06535928696393967
4215,0.03491410240530968
4216,0.11890558898448944
4217,0.10054807364940643
4218,0.028766226023435593
4219,0.09744971990585327
4220,0.05484253168106079
4221,0.05003068596124649
4222,0.07494775205850601
4223,0.04230286180973053
4224,0.052644357085227966
4225,0.06974414736032486
4226,0.09553121775388718
4227,0.11218810081481934
4228,0.10748983919620514
4229,0.04536531865596771
4230,0.0378158837556839
4231,0.10767004638910294
4232,0.04739293456077576
4233,0.0891706794500351
4234,0.022049717605113983
4235,0.05205167829990387
4236,0.038099370896816254
4237,0.06867453455924988
4238,0.028728913515806198
4239,0.03460974246263504
4240,0.041372161358594894
4241,0.03107842430472374
4242,0.03956795483827591
4243,0.07218129932880402
4244,0.041734397411346436
4245,0.02967067062854767
4246,0.04788708686828613
4247,0.12229572236537933
4248,0.08528046309947968
4249,0.057723626494407654
4250,0.06664574146270752
4251,0.04256376624107361
4252,0.04413682967424393
4253,0.020449845120310783
4254,0.06810452044010162
4255,0.02921218052506447
4256,0.0929000973701477
4257,0.043234094977378845
4258,0.07939548790454865
4259,0.03940921276807785
4260,0.023610876873135567
4261,0.046124644577503204
4262,0.025632154196500778
4263,0.08926768600940704
4264,0.1324944645166397
4265,0.042437195777893066
4266,0.04951843246817589
4267,0.0966416597366333
4268,0.0258344579488039
4269,0.05621437355875969
4270,0.04628320038318634
4271,0.11858567595481873
4272,0.05288124829530716
4273,0.07597724348306656
4274,0.04730118438601494
4275,0.0537678487598896
4276,0.08830628544092178
4277,0.11599486321210861
4278,0.03187957778573036
4279,0.038720399141311646
4280,0.069556325674057
4281,0.10277575254440308
4282,0.07936198264360428
4283,0.04260909557342529
4284,0.03298984467983246
4285,0.03999758139252663
4286,0.03762652352452278
4287,0.032682109624147415
4288,0.08093839883804321
4289,0.03032544068992138
4290,0.12458591908216476
4291,0.03696364909410477
4292,0.06718312948942184
4293,0.03033403679728508
4294,0.03270799666643143
4295,0.039454054087400436
4296,0.08956201374530792
4297,0.0787503570318222
4298,0.023403100669384003
4299,0.05178943648934364
4300,0.03243532404303551
4301,0.05174078792333603
4302,0.040844567120075226
4303,0.035224948078393936
4304,0.10510528087615967
4305,0.055382099002599716
4306,0.02746603637933731
4307,0.022687435150146484
4308,0.05412875488400459
4309,0.03189576044678688
4310,0.030255617573857307
4311,0.03689983859658241
4312,0.029694925993680954
4313,0.03321905434131622
4314,0.07971849292516708
4315,0.15713973343372345
4316,0.04603813216090202
4317,0.03215434402227402
4318,0.0642690435051918
4319,0.10420939326286316
4320,0.05944644659757614
4321,0.04710394889116287
4322,0.052511658519506454
4323,0.06079769507050514
4324,0.048040106892585754
4325,0.07749547064304352
4326,0.05743412673473358
4327,0.10122934728860855
4328,0.08276697248220444
4329,0.07377906143665314
4330,0.02541324682533741
4331,0.0539654940366745
4332,0.10147949308156967
4333,0.04544658958911896
4334,0.03175736218690872
4335,0.07580244541168213
4336,0.03668712452054024
4337,0.05123306065797806
4338,0.048038724809885025
4339,0.03133067861199379
4340,0.04356973618268967
4341,0.0676112100481987
4342,0.04498270899057388
4343,0.03377877175807953
4344,0.05219833180308342
4345,0.031260453164577484
4346,0.04356362298130989
4347,0.01842556707561016
4348,0.06839746236801147
4349,0.031110303476452827
4350,0.06809896975755692
4351,0.023006310686469078
4352,0.03445727378129959
4353,0.04859646037220955
4354,0.030973214656114578
4355,0.0698937475681305
4356,0.03231436386704445
4357,0.04762675240635872
4358,0.13065215945243835
4359,0.044186487793922424
4360,0.07402588427066803
4361,0.027096696197986603
4362,0.036674633622169495
4363,0.056340351700782776
4364,0.0825948640704155
4365,0.036335963755846024
4366,0.048967644572257996
4367,0.037498731166124344
4368,0.04957364499568939
4369,0.0423835925757885
4370,0.058281928300857544
4371,0.10020055621862411
4372,0.05655423179268837
4373,0.04311037436127663
4374,0.04105093702673912
4375,0.06290069967508316
4376,0.0427376963198185
4377,0.05053247511386871
4378,0.021064521744847298
4379,0.02372019737958908
4380,0.0875149741768837
4381,0.08313590288162231
4382,0.04202263057231903
4383,0.039055585861206055
4384,0.12998467683792114
4385,0.05487443879246712
4386,0.02527737431228161
4387,0.07225857675075531
4388,0.09350984543561935
4389,0.03394258767366409
4390,0.08363660424947739
4391,0.06107879430055618
4392,0.08338356018066406
4393,0.05285652354359627
4394,0.06734997034072876
4395,0.023234400898218155
4396,0.10692145675420761
4397,0.07834834605455399
4398,0.0397983118891716
4399,0.04888920485973358
4400,0.02751205861568451
4401,0.053299691528081894
4402,0.02425288036465645
4403,0.11170902103185654
4404,0.038436874747276306
4405,0.021978046745061874
4406,0.020260006189346313
4407,0.021831974387168884
4408,0.0348336435854435
4409,0.07855112105607986
4410,0.039884306490421295
4411,0.05068298429250717
4412,0.03836634010076523
4413,0.046854276210069656
4414,0.03325976803898811
4415,0.028049657121300697
4416,0.07541974633932114
4417,0.0705450028181076
4418,0.031037114560604095
4419,0.06508100777864456
4420,0.028314640745520592
4421,0.02223612368106842
4422,0.04082462936639786
4423,0.05564650893211365
4424,0.02633070759475231
4425,0.0695682168006897
4426,0.12082581222057343
4427,0.09812084585428238
4428,0.05889696627855301
4429,0.05902555584907532
4430,0.038906194269657135
4431,0.02895907312631607
4432,0.041099727153778076
4433,0.03106863424181938
4434,0.026428861543536186
4435,0.020481809973716736
4436,0.10261689126491547
4437,0.04229269549250603
4438,0.046157240867614746
4439,0.07109659165143967
4440,0.07805782556533813
4441,0.0618700236082077
4442,0.022193023934960365
4443,0.04542658105492592
4444,0.051342085003852844
4445,0.04083852469921112
4446,0.08960780501365662
4447,0.0575563907623291
4448,0.03664729371666908
4449,0.06120051071047783
4450,0.15688687562942505
4451,0.1071406751871109
4452,0.12326494604349136
4453,0.03675450012087822
4454,0.05293189734220505
4455,0.04084956645965576
4456,0.07343325763940811
4457,0.035805027931928635
4458,0.04229166731238365
4459,0.05078926682472229
4460,0.030370812863111496
4461,0.056873053312301636
4462,0.0640418753027916
4463,0.04828684404492378
4464,0.0411357581615448
4465,0.11266372352838516
4466,0.05004006624221802
4467,0.09943452477455139
4468,0.04145058989524841
4469,0.036444853991270065
4470,0.049610696732997894
4471,0.024937590584158897
4472,0.047091372311115265
4473,0.05096374452114105
4474,0.047880519181489944
4475,0.03914739564061165
4476,0.03511849790811539
4477,0.06395704299211502
4478,0.036835215985774994
4479,0.027864063158631325
4480,0.03908590227365494
4481,0.05448064208030701
4482,0.03589474409818649
4483,0.12435326725244522
4484,0.11081252992153168
4485,0.028954189270734787
4486,0.08834213018417358
4487,0.037109531462192535
4488,0.030816908925771713
4489,0.07114434987306595
4490,0.027319129556417465
4491,0.03574877232313156
4492,0.05522166192531586
4493,0.03964081034064293
4494,0.050379328429698944
4495,0.03384789079427719
4496,0.04672493785619736
4497,0.0630454272031784
4498,0.09145909547805786
4499,0.039400096982717514
4500,0.048547253012657166
4501,0.038794711232185364
4502,0.10174273699522018
4503,0.0369909331202507
4504,0.04864272475242615
4505,0.031124921515583992
4506,0.029690442606806755
4507,0.026119371876120567
4508,0.01908990927040577
4509,0.03513369709253311
4510,0.03521832823753357
4511,0.07372812181711197
4512,0.0280938558280468
4513,0.03186309337615967
4514,0.0314054973423481
4515,0.05182396620512009
4516,0.052529409527778625
4517,0.037312448024749756
4518,0.05281347408890724
4519,0.027107883244752884
4520,0.14661061763763428
4521,0.038481809198856354
4522,0.08121093362569809
4523,0.051097504794597626
4524,0.049592144787311554
4525,0.10369226336479187
4526,0.07979760318994522
4527,0.10113627463579178
4528,0.05103597790002823
4529,0.11060668528079987
4530,0.07454945147037506
4531,0.0433422327041626
4532,0.0674636960029602
4533,0.028892913833260536
4534,0.10338228940963745
4535,0.04151993617415428
4536,0.1041957288980484
4537,0.03419018164277077
4538,0.03815034404397011
4539,0.09351464360952377
4540,0.05033294856548309
4541,0.06957711279392242
4542,0.043977346271276474
4543,0.033928416669368744
4544,0.07138357311487198
4545,0.09261249005794525
4546,0.08645933121442795
4547,0.018319163471460342
4548,0.02530568465590477
4549,0.06158238276839256
4550,0.04436887428164482
4551,0.1424674540758133
4552,0.061221808195114136
4553,0.0534495934844017
4554,0.05594576895236969
4555,0.030321208760142326
4556,0.03180380538105965
4557,0.04646313190460205
4558,0.036313846707344055
4559,0.07202573120594025
4560,0.07949453592300415
4561,0.033701032400131226
4562,0.057586606591939926
4563,0.04172136262059212
4564,0.0643986240029335
4565,0.05212270841002464
4566,0.030907519161701202
4567,0.0782080814242363
4568,0.037480611354112625
4569,0.035492248833179474
4570,0.0515386238694191
4571,0.03098941035568714
4572,0.047679245471954346
4573,0.05020188167691231
4574,0.05815982446074486
4575,0.0298401340842247
4576,0.03003762848675251
4577,0.07669146358966827
4578,0.055577605962753296
4579,0.025379717350006104
4580,0.03743718937039375
4581,0.05221472308039665
4582,0.032989583909511566
4583,0.04161588475108147
4584,0.029034916311502457
4585,0.06577897816896439
4586,0.09364118427038193
4587,0.08324749767780304
4588,0.0407756082713604
4589,0.045755840837955475
4590,0.020072687417268753
4591,0.0285151656717062
4592,0.022589504718780518
4593,0.028553303331136703
4594,0.08147459477186203
4595,0.01978718861937523
4596,0.04137721285223961
4597,0.03323576599359512
4598,0.04250342771410942
4599,0.022108327597379684
4600,0.03408500552177429
4601,0.06591438502073288
4602,0.0776839554309845
4603,0.04801381751894951
4604,0.0354967825114727
4605,0.03651425614953041
4606,0.02986336499452591
4607,0.07245611399412155
4608,0.047664009034633636
4609,0.04452727735042572
4610,0.03044443577528
4611,0.03541272133588791
4612,0.17358039319515228
4613,0.06130547821521759
4614,0.046469226479530334
4615,0.021523768082261086
4616,0.030897624790668488
4617,0.030316852033138275
4618,0.02322704717516899
4619,0.03565000370144844
4620,0.035996273159980774
4621,0.0391019843518734
4622,0.0330507829785347
4623,0.04029107466340065
4624,0.031141942366957664
4625,0.0750211626291275
4626,0.07125572860240936
4627,0.028565824031829834
4628,0.03454721346497536
4629,0.08457256853580475
4630,0.0419682152569294
4631,0.07508040964603424
4632,0.03972020372748375
4633,0.08083514869213104
4634,0.07252374291419983
4635,0.025894638150930405
4636,0.07672794908285141
4637,0.032197512686252594
4638,0.017215901985764503
4639,0.06887099146842957
4640,0.039431434124708176
4641,0.047742120921611786
4642,0.0418962799012661
4643,0.031600404530763626
4644,0.05367698147892952
4645,0.0945729985833168
4646,0.03500489890575409
4647,0.07853398472070694
4648,0.037681709975004196
4649,0.044306430965662
4650,0.0181281641125679
4651,0.037246011197566986
4652,0.05224667116999626
4653,0.05099346488714218
4654,0.06391257792711258
4655,0.030944857746362686
4656,0.04454341530799866
4657,0.03859035298228264
4658,0.059513114392757416
4659,0.11317858844995499
4660,0.06338855624198914
4661,0.031866759061813354
4662,0.024545298889279366
4663,0.03191770240664482
4664,0.046087637543678284
4665,0.06342584639787674
4666,0.04296274483203888
4667,0.030023932456970215
4668,0.04262271523475647
4669,0.04529333859682083
4670,0.014261715114116669
4671,0.04269309714436531
4672,0.047268688678741455
4673,0.1234888955950737
4674,0.08043406903743744
4675,0.04512670636177063
4676,0.0493432879447937
4677,0.03235754370689392
4678,0.0462794303894043
4679,0.047472044825553894
4680,0.06190134957432747
4681,0.04684308543801308
4682,0.04196949675679207
4683,0.03678638115525246
4684,0.02901585027575493
4685,0.03631957247853279
4686,0.0700402483344078
4687,0.05463625490665436
4688,0.02671380527317524
4689,0.0449674017727375
4690,0.046120379120111465
4691,0.032845769077539444
4692,0.027505680918693542
4693,0.0403977669775486
4694,0.04555264115333557
4695,0.04930596426129341
4696,0.019329581409692764
4697,0.09402480721473694
4698,0.022231915965676308
4699,0.044209014624357224
4700,0.027841011062264442
4701,0.03979631885886192
4702,0.04300393909215927
4703,0.03571996092796326
4704,0.057154878973960876
4705,0.04861323535442352
4706,0.06556028872728348
4707,0.02735052816569805
4708,0.01929613947868347
4709,0.0688798576593399
4710,0.03417887166142464
4711,0.022518642246723175
4712,0.02677154541015625
4713,0.04323859512805939
4714,0.10307817161083221
4715,0.06623852252960205
4716,0.059369370341300964
4717,0.03606000170111656
4718,0.06375087052583694
4719,0.06103187054395676
4720,0.09771737456321716
4721,0.032738737761974335
4722,0.14087051153182983
4723,0.10604164004325867
4724,0.05853250250220299
4725,0.07376790046691895
4726,0.03938999027013779
4727,0.047655027359724045
4728,0.16915670037269592
4729,0.10239866375923157
4730,0.03756869584321976
4731,0.04254709929227829
4732,0.13079626858234406
4733,0.044473133981227875
4734,0.04415322095155716
4735,0.04592081904411316
4736,0.050490718334913254
4737,0.03420121222734451
4738,0.04583185911178589
4739,0.07247572392225266
4740,0.0840693935751915
4741,0.04017452895641327
4742,0.03270867094397545
4743,0.02174258604645729
4744,0.05012034624814987
4745,0.03571674972772598
4746,0.04148252308368683
4747,0.1428128033876419
4748,0.13842757046222687
4749,0.03343341872096062
4750,0.05952061340212822
4751,0.09130775928497314
4752,0.16352708637714386
4753,0.03111746348440647
4754,0.07479299604892731
4755,0.036834314465522766
4756,0.059577301144599915
4757,0.09361837059259415
4758,0.04123230278491974
4759,0.07192547619342804
4760,0.055001623928546906
4761,0.03247297182679176
4762,0.03488091751933098
4763,0.024422526359558105
4764,0.16363124549388885
4765,0.051265403628349304
4766,0.08004871010780334
4767,0.06300458312034607
4768,0.01845075748860836
4769,0.20112578570842743
4770,0.09648242592811584
4771,0.07314182817935944
4772,0.057882361114025116
4773,0.07536692172288895
4774,0.027399545535445213
4775,0.025406941771507263
4776,0.04081996902823448
4777,0.04429587721824646
4778,0.03548111394047737
4779,0.04492013156414032
4780,0.03687238320708275
4781,0.03359771519899368
4782,0.046575624495744705
4783,0.09320558607578278
4784,0.022323468700051308
4785,0.016441525891423225
4786,0.035093024373054504
4787,0.08966726809740067
4788,0.04393734410405159
4789,0.040435969829559326
4790,0.018070947378873825
4791,0.022432735189795494
4792,0.05072817951440811
4793,0.029125917702913284
4794,0.026535402983427048
4795,0.049299970269203186
4796,0.1176583543419838
4797,0.06826193630695343
4798,0.027530545368790627
4799,0.029416371136903763
4800,0.05400170758366585
4801,0.04251371696591377
4802,0.055068958550691605
4803,0.02868284471333027
4804,0.03145015239715576
4805,0.03299626335501671
4806,0.0788886621594429
4807,0.04172421246767044
4808,0.04486607015132904
4809,0.07208973169326782
4810,0.07017277181148529
4811,0.050836045295000076
4812,0.22939544916152954
4813,0.04710458964109421
4814,0.1039966344833374
4815,0.05046054720878601
4816,0.047348249703645706
4817,0.035069555044174194
4818,0.045933984220027924
4819,0.060025740414857864
4820,0.06578453630208969
4821,0.05279181897640228
4822,0.04758282005786896
4823,0.045662738382816315
4824,0.10973486304283142
4825,0.03581828996539116
4826,0.03237591311335564
4827,0.08079134672880173
4828,0.056557122617959976
4829,0.0586075596511364
4830,0.04596252366900444
4831,0.03288828581571579
4832,0.04309116303920746
4833,0.1424654722213745
4834,0.03588717058300972
4835,0.07593586295843124
4836,0.028329569846391678
4837,0.11391162872314453
4838,0.03917931020259857
4839,0.058384671807289124
4840,0.016018811613321304
4841,0.03986325114965439
4842,0.0796835720539093
4843,0.06429780274629593
4844,0.0627153143286705
4845,0.03891245275735855
4846,0.10376337170600891
4847,0.02630314603447914
4848,0.03414962813258171
4849,0.08498160541057587
4850,0.048370830714702606
4851,0.027352090924978256
4852,0.04991908371448517
4853,0.05149907246232033
4854,0.04665017127990723
4855,0.04320245236158371
4856,0.04222835227847099
4857,0.046972133219242096
4858,0.04821213707327843
4859,0.04478225111961365
4860,0.04089595377445221
4861,0.036696240305900574
4862,0.03856554999947548
4863,0.038527436554431915
4864,0.029381588101387024
4865,0.039019010961055756
4866,0.05068715661764145
4867,0.033481664955616
4868,0.09528948366641998
4869,0.04236208647489548
4870,0.09635839611291885
4871,0.026535967364907265
4872,0.06448329240083694
4873,0.07103937864303589
4874,0.10623729228973389
4875,0.09147095680236816
4876,0.050682857632637024
4877,0.03600665181875229
4878,0.03349104896187782
4879,0.03749902918934822
4880,0.05344013124704361
4881,0.1059233620762825
4882,0.0759422779083252
4883,0.05671439319849014
4884,0.057247333228588104
4885,0.056019462645053864
4886,0.04561774805188179
4887,0.04108166694641113
4888,0.052119024097919464
4889,0.035858798772096634
4890,0.03543142229318619
4891,0.048246752470731735
4892,0.042110592126846313
4893,0.11442193388938904
4894,0.027151400223374367
4895,0.09708869457244873
4896,0.048092301934957504
4897,0.06418769061565399
4898,0.04357099160552025
4899,0.04874372482299805
4900,0.024447917938232422
4901,0.05005398392677307
4902,0.0879051461815834
4903,0.06252609938383102
4904,0.1359778344631195
4905,0.04660675674676895
4906,0.03474106267094612
4907,0.029355324804782867
4908,0.06187811121344566
4909,0.10002630203962326
4910,0.05561067909002304
4911,0.03189712017774582
4912,0.024928588420152664
4913,0.035790760070085526
4914,0.05472584441304207
4915,0.03941849619150162
4916,0.03588688001036644
4917,0.06120326370000839
4918,0.10387397557497025
4919,0.04834478348493576
4920,0.08332397788763046
4921,0.028370695188641548
4922,0.05372761934995651
4923,0.04350190982222557
4924,0.0580015666782856
4925,0.02667323127388954
4926,0.09048135578632355
4927,0.029056057333946228
4928,0.08058971911668777
4929,0.03332069143652916
4930,0.04023353382945061
4931,0.02847476303577423
4932,0.029097741469740868
4933,0.03752917796373367
4934,0.03323201835155487
4935,0.028260760009288788
4936,0.09428595751523972
4937,0.03756329044699669
4938,0.04891417175531387
4939,0.026735415682196617
4940,0.041930608451366425
4941,0.06446854770183563
4942,0.05361827090382576
4943,0.04886862263083458
4944,0.13974620401859283
4945,0.039489857852458954
4946,0.029375694692134857
4947,0.023297613486647606
4948,0.06848780810832977
4949,0.056666165590286255
4950,0.04580521583557129
4951,0.09949498623609543
4952,0.052839793264865875
4953,0.060019947588443756
4954,0.11315023899078369
4955,0.09651603549718857
4956,0.05358118563890457
4957,0.0639619305729866
4958,0.03506512939929962
4959,0.05948679521679878
4960,0.04783962666988373
4961,0.19416716694831848
4962,0.09256362169981003
4963,0.06744065135717392
4964,0.030638419091701508
4965,0.05333550646901131
4966,0.06265284866094589
4967,0.051371537148952484
4968,0.05697329714894295
4969,0.05152817443013191
4970,0.10131154209375381
4971,0.05582113564014435
4972,0.09177281707525253
4973,0.07470621168613434
4974,0.045082442462444305
4975,0.060920365154743195
4976,0.04103028401732445
4977,0.019097380340099335
4978,0.027053244411945343
4979,0.05187457427382469
4980,0.05351204052567482
4981,0.022179197520017624
4982,0.11394495517015457
4983,0.0260868389159441
4984,0.04640796408057213
4985,0.04695473983883858
4986,0.03491838276386261
4987,0.024194015190005302
4988,0.044984493404626846
4989,0.025523148477077484
4990,0.03168836981058121
4991,0.09989824891090393
4992,0.03823794424533844
4993,0.04065388813614845
4994,0.04807726666331291
4995,0.08332180231809616
4996,0.05030606687068939
4997,0.034605972468853
4998,0.09588680416345596
4999,0.044610537588596344
5000,0.09236699342727661
5001,0.03644418716430664
5002,0.03898130729794502
5003,0.037765104323625565
5004,0.045965373516082764
5005,0.057494211941957474
5006,0.04206423833966255
5007,0.027979664504528046
5008,0.035788923501968384
5009,0.033056072890758514
5010,0.03536133095622063
5011,0.024820856750011444
5012,0.07005380094051361
5013,0.09828125685453415
5014,0.022914012894034386
5015,0.0557209774851799
5016,0.08554813265800476
5017,0.07086455076932907
5018,0.08430363982915878
5019,0.02067231386899948
5020,0.027055716142058372
5021,0.07471442222595215
5022,0.028034988790750504
5023,0.033433087170124054
5024,0.037728019058704376
5025,0.060838643461465836
5026,0.031188461929559708
5027,0.021067854017019272
5028,0.02654213272035122
5029,0.03636482357978821
5030,0.03419424220919609
5031,0.0883251205086708
5032,0.05720143020153046
5033,0.03027999959886074
5034,0.030290089547634125
5035,0.06882327795028687
5036,0.028214897960424423
5037,0.034975532442331314
5038,0.06418642401695251
5039,0.021417003124952316
5040,0.07153057307004929
5041,0.055703744292259216
5042,0.12590643763542175
5043,0.11240403354167938
5044,0.05911640077829361
5045,0.12223516404628754
5046,0.03805927932262421
5047,0.05165322124958038
5048,0.12400642037391663
5049,0.03623221442103386
5050,0.026216311380267143
5051,0.061842452734708786
5052,0.08819667249917984
5053,0.07118184864521027
5054,0.048799216747283936
5055,0.04053035378456116
5056,0.043118059635162354
5057,0.07279906421899796
5058,0.06676618754863739
5059,0.07529540359973907
5060,0.05866718292236328
5061,0.03856126591563225
5062,0.044523924589157104
5063,0.05848793685436249
5064,0.022320175543427467
5065,0.03304336965084076
5066,0.06304982304573059
5067,0.08367475122213364
5068,0.022418661043047905
5069,0.054538652300834656
5070,0.05484362691640854
5071,0.026081684976816177
5072,0.04328514635562897
5073,0.09163754433393478
5074,0.04331705719232559
5075,0.18920254707336426
5076,0.023862604051828384
5077,0.09558238834142685
5078,0.0504860021173954
5079,0.04283257573843002
5080,0.04301789402961731
5081,0.03379535302519798
5082,0.04861964285373688
5083,0.038173384964466095
5084,0.12647971510887146
5085,0.05359828844666481
5086,0.0714452862739563
5087,0.03539656102657318
5088,0.13181599974632263
5089,0.10657206177711487
5090,0.053005658090114594
5091,0.0384342335164547
5092,0.049781184643507004
5093,0.07474251091480255
5094,0.02569548413157463
5095,0.018663624301552773
5096,0.044210731983184814
5097,0.028366362676024437
5098,0.06660036742687225
5099,0.027295470237731934
5100,0.05938492342829704
5101,0.07665969431400299
5102,0.06135527417063713
5103,0.07949773222208023
5104,0.03282305225729942
5105,0.10310637950897217
5106,0.03510238975286484
5107,0.0321122482419014
5108,0.06752030551433563
5109,0.027777213603258133
5110,0.06402384489774704
5111,0.10722245275974274
5112,0.0919983983039856
5113,0.044796884059906006
5114,0.02446836233139038
5115,0.06415803730487823
5116,0.07484409213066101
5117,0.07643910497426987
5118,0.034886352717876434
5119,0.06007888540625572
5120,0.04392275586724281
5121,0.056697286665439606
5122,0.029161330312490463
5123,0.09999804943799973
5124,0.02786700241267681
5125,0.05259039252996445
5126,0.01994718238711357
5127,0.04090295359492302
5128,0.03445008769631386
5129,0.02476195991039276
5130,0.0538930669426918
5131,0.11173959076404572
5132,0.11560739576816559
5133,0.09577236324548721
5134,0.07078206539154053
5135,0.03333544731140137
5136,0.03971438854932785
5137,0.08350468426942825
5138,0.039380993694067
5139,0.05339024215936661
5140,0.029771164059638977
5141,0.03950842097401619
5142,0.027304887771606445
5143,0.03905533254146576
5144,0.05896271765232086
5145,0.034253478050231934
5146,0.045607082545757294
5147,0.046306002885103226
5148,0.035728342831134796
5149,0.03677704930305481
5150,0.09895840287208557
5151,0.030581990256905556
5152,0.036565009504556656
5153,0.030262362211942673
5154,0.08904320001602173
5155,0.07010020315647125
5156,0.041631750762462616
5157,0.030960731208324432
5158,0.03878000006079674
5159,0.04115655645728111
5160,0.04278535023331642
5161,0.03998801112174988
5162,0.026511406525969505
5163,0.030442070215940475
5164,0.027930833399295807
5165,0.030547888949513435
5166,0.09314647316932678
5167,0.02718907594680786
5168,0.10347914695739746
5169,0.028160154819488525
5170,0.0740957260131836
5171,0.021780844777822495
5172,0.032904163002967834
5173,0.1307665854692459
5174,0.07307091355323792
5175,0.03781306743621826
5176,0.026825670152902603
5177,0.023987021297216415
5178,0.0494682677090168
5179,0.04821406304836273
5180,0.13449954986572266
5181,0.046342797577381134
5182,0.022884154692292213
5183,0.028528351336717606
5184,0.030303457751870155
5185,0.03677241876721382
5186,0.04644109308719635
5187,0.025598736479878426
5188,0.023991823196411133
5189,0.04079827666282654
5190,0.07749643176794052
5191,0.035816650837659836
5192,0.05991329252719879
5193,0.023227309808135033
5194,0.04194188863039017
5195,0.04221140220761299
5196,0.05378327891230583
5197,0.055196985602378845
5198,0.0239894799888134
5199,0.0352441631257534
5200,0.039430320262908936
5201,0.03078383207321167
5202,0.08575685322284698
5203,0.056930072605609894
5204,0.026071682572364807
5205,0.029624642804265022
5206,0.12198951095342636
5207,0.023998016491532326
5208,0.04748810827732086
5209,0.030164824798703194
5210,0.023803455755114555
5211,0.0323316790163517
5212,0.02205035462975502
5213,0.03553636744618416
5214,0.030718283727765083
5215,0.08395514637231827
5216,0.04158452898263931
5217,0.030897926539182663
5218,0.04893401265144348
5219,0.027307584881782532
5220,0.07392442226409912
5221,0.09545189142227173
5222,0.044058483093976974
5223,0.05627034604549408
5224,0.046511661261320114
5225,0.04571922868490219
5226,0.042356643825769424
5227,0.036535799503326416
5228,0.03218537196516991
5229,0.0467047281563282
5230,0.03681937977671623
5231,0.07095888257026672
5232,0.07568807899951935
5233,0.03943080082535744
5234,0.052416861057281494
5235,0.03398671746253967
5236,0.057090774178504944
5237,0.057338424026966095
5238,0.04165852069854736
5239,0.0669374093413353
5240,0.041147008538246155
5241,0.06681375950574875
5242,0.04502684623003006
5243,0.08581702411174774
5244,0.11055551469326019
5245,0.04030141979455948
5246,0.053532958030700684
5247,0.05483837053179741
5248,0.04581195116043091
5249,0.06128489598631859
5250,0.1561182141304016
5251,0.07993002980947495
5252,0.0656052827835083
5253,0.11800576746463776
5254,0.045835524797439575
5255,0.04578670859336853
5256,0.04807436466217041
5257,0.031533095985651016
5258,0.07830594480037689
5259,0.061935294419527054
5260,0.055651139467954636
5261,0.02655191719532013
5262,0.028348876163363457
5263,0.06029822304844856
5264,0.056861039251089096
5265,0.06349657475948334
5266,0.02638288587331772
5267,0.038611315190792084
5268,0.07030725479125977
5269,0.03535374253988266
5270,0.06607262790203094
5271,0.05365520343184471
5272,0.02886982634663582
5273,0.04537573084235191
5274,0.04301989823579788
5275,0.044547922909259796
5276,0.10624819993972778
5277,0.08560623973608017
5278,0.11041932553052902
5279,0.033988095819950104
5280,0.02951417863368988
5281,0.05331828445196152
5282,0.07858453691005707
5283,0.030871029943227768
5284,0.05436132848262787
5285,0.03404797613620758
5286,0.1525210440158844
5287,0.022755378857254982
5288,0.05276622995734215
5289,0.0667056143283844
5290,0.030376849696040154
5291,0.02484896034002304
5292,0.03088769130408764
5293,0.042551539838314056
5294,0.04717563837766647
5295,0.05726291239261627
5296,0.04495885595679283
5297,0.031686972826719284
5298,0.06635187566280365
5299,0.01973908580839634
5300,0.06991343200206757
5301,0.038462769240140915
5302,0.07564597576856613
5303,0.05310393124818802
5304,0.037631724029779434
5305,0.023314939811825752
5306,0.034012701362371445
5307,0.058332037180662155
5308,0.04516398161649704
5309,0.10276546329259872
5310,0.045609112828969955
5311,0.031193651258945465
5312,0.07367735356092453
5313,0.05416915938258171
5314,0.11431951075792313
5315,0.08206063508987427
5316,0.04481605812907219
5317,0.08905760198831558
5318,0.08881919831037521
5319,0.07554586976766586
5320,0.046365540474653244
5321,0.05313723906874657
5322,0.16515059769153595
5323,0.030132444575428963
5324,0.054435450583696365
5325,0.04196751117706299
5326,0.027178823947906494
5327,0.02569933421909809
5328,0.1378142535686493
5329,0.03365621715784073
5330,0.04066556319594383
5331,0.021069902926683426
5332,0.09446883201599121
5333,0.026072794571518898
5334,0.08350963890552521
5335,0.03903990611433983
5336,0.034001611173152924
5337,0.061767805367708206
5338,0.02811002917587757
5339,0.06484980136156082
5340,0.03964772820472717
5341,0.11603163182735443
5342,0.020504551008343697
5343,0.03940519317984581
5344,0.040802884846925735
5345,0.08996846526861191
5346,0.03307563066482544
5347,0.01961646042764187
5348,0.032423458993434906
5349,0.09433919936418533
5350,0.03579143434762955
5351,0.04843762516975403
5352,0.055500976741313934
5353,0.038706935942173004
5354,0.04436701536178589
5355,0.04752492159605026
5356,0.07875315099954605
5357,0.12684737145900726
5358,0.03187571093440056
5359,0.07767895609140396
5360,0.08851426094770432
5361,0.046859487891197205
5362,0.05936039984226227
5363,0.01926516368985176
5364,0.0272188913077116
5365,0.05238574370741844
5366,0.0441867969930172
5367,0.03827931731939316
5368,0.024228237569332123
5369,0.033691585063934326
5370,0.08602891117334366
5371,0.021906692534685135
5372,0.05089560151100159
5373,0.03302779793739319
5374,0.10061626136302948
5375,0.036691565066576004
5376,0.05015799403190613
5377,0.04033335670828819
5378,0.03502609580755234
5379,0.045427098870277405
5380,0.06355021148920059
5381,0.05822855606675148
5382,0.035741984844207764
5383,0.044471293687820435
5384,0.09263040125370026
5385,0.0421147495508194
5386,0.06530120968818665
5387,0.056272946298122406
5388,0.04544856771826744
5389,0.027635548263788223
5390,0.11574030667543411
5391,0.05522944778203964
5392,0.032610077410936356
5393,0.06329386681318283
5394,0.05316636711359024
5395,0.030837470665574074
5396,0.08437879383563995
5397,0.028188392519950867
5398,0.05096668750047684
5399,0.0911235436797142
5400,0.05985889583826065
5401,0.051607899367809296
5402,0.04328816384077072
5403,0.08125284314155579
5404,0.038666389882564545
5405,0.02799253538250923
5406,0.02561739645898342
5407,0.058111850172281265
5408,0.037306468933820724
5409,0.041646718978881836
5410,0.1518823504447937
5411,0.050552260130643845
5412,0.020251475274562836
5413,0.02736828289926052
5414,0.10081072896718979
5415,0.03148838132619858
5416,0.054923295974731445
5417,0.09444227814674377
5418,0.04222450405359268
5419,0.09979334473609924
5420,0.03648967295885086
5421,0.022998757660388947
5422,0.05220144987106323
5423,0.09515656530857086
5424,0.029962219297885895
5425,0.05739613249897957
5426,0.025192411616444588
5427,0.033113788813352585
5428,0.03630015254020691
5429,0.021421421319246292
5430,0.027691971510648727
5431,0.047869354486465454
5432,0.09476667642593384
5433,0.04686417058110237
5434,0.08201996237039566
5435,0.01680046319961548
5436,0.062108248472213745
5437,0.054846011102199554
5438,0.048400819301605225
5439,0.028599468991160393
5440,0.045372605323791504
5441,0.03746620565652847
5442,0.042559634894132614
5443,0.0424482636153698
5444,0.051207128912210464
5445,0.10585586726665497
5446,0.05006687715649605
5447,0.04287058860063553
5448,0.04739787429571152
5449,0.03493087366223335
5450,0.06461652368307114
5451,0.02290400117635727
5452,0.044402115046978
5453,0.060963716357946396
5454,0.02802572399377823
5455,0.04464641213417053
5456,0.02333998680114746
5457,0.048957180231809616
5458,0.11733326315879822
5459,0.04066150262951851
5460,0.029441744089126587
5461,0.042117889970541
5462,0.035388339310884476
5463,0.0408836267888546
5464,0.03508755564689636
5465,0.0318894125521183
5466,0.03146319463849068
5467,0.041104212403297424
5468,0.03245373070240021
5469,0.04159993678331375
5470,0.03909621387720108
5471,0.0482071228325367
5472,0.02508113533258438
5473,0.02440308965742588
5474,0.03419187664985657
5475,0.0931096225976944
5476,0.04181919991970062
5477,0.02709834650158882
5478,0.03881295397877693
5479,0.040739089250564575
5480,0.03996909409761429
5481,0.015960875898599625
5482,0.08114545047283173
5483,0.11458496004343033
5484,0.022893069311976433
5485,0.03148754686117172
5486,0.02586963027715683
5487,0.051485344767570496
5488,0.049218159168958664
5489,0.10421828180551529
5490,0.03569069504737854
5491,0.028237663209438324
5492,0.02777104079723358
5493,0.12485580146312714
5494,0.049095045775175095
5495,0.025172002613544464
5496,0.019513040781021118
5497,0.06009100005030632
5498,0.029696553945541382
5499,0.054667070508003235
5500,0.0390213243663311
5501,0.02647971175611019
5502,0.031811922788619995
5503,0.056208688765764236
5504,0.05707475543022156
5505,0.04563874751329422
5506,0.03537596017122269
5507,0.06824543327093124
5508,0.02732848934829235
5509,0.030649907886981964
5510,0.03600439801812172
5511,0.05340344458818436
5512,0.02051917091012001
5513,0.04149746894836426
5514,0.05185384303331375
5515,0.047900229692459106
5516,0.05057996138930321
5517,0.08485439419746399
5518,0.06999031454324722
5519,0.035643644630908966
5520,0.09028773009777069
5521,0.02366778254508972
5522,0.0365900844335556
5523,0.031056039035320282
5524,0.04089035093784332
5525,0.027984756976366043
5526,0.030188219621777534
5527,0.047387875616550446
5528,0.0474669523537159
5529,0.07191086560487747
5530,0.10239926725625992
5531,0.04574964940547943
5532,0.06633997708559036
5533,0.030491452664136887
5534,0.08095916360616684
5535,0.05038231983780861
5536,0.0693991631269455
5537,0.056822508573532104
5538,0.05496387928724289
5539,0.02749171294271946
5540,0.05321346968412399
5541,0.03376536816358566
5542,0.04842768609523773
5543,0.041657835245132446
5544,0.0833507627248764
5545,0.04462588578462601
5546,0.054944414645433426
5547,0.0463949479162693
5548,0.041511405259370804
5549,0.045253150165081024
5550,0.050138942897319794
5551,0.10892682522535324
5552,0.03784603625535965
5553,0.05995114520192146
5554,0.033887576311826706
5555,0.04395829886198044
5556,0.04600004479289055
5557,0.04248847812414169
5558,0.01977900043129921
5559,0.04085328057408333
5560,0.023973897099494934
5561,0.02416599541902542
5562,0.06647521257400513
5563,0.04179771617054939
5564,0.07690438628196716
5565,0.027297906577587128
5566,0.04406983405351639
5567,0.07830891013145447
5568,0.09124161303043365
5569,0.11956799030303955
5570,0.04249902442097664
5571,0.06945150345563889
5572,0.08521918207406998
5573,0.09186049550771713
5574,0.09669613093137741
5575,0.10727360844612122
5576,0.06313924491405487
5577,0.05228535830974579
5578,0.06421606242656708
5579,0.08161552995443344
5580,0.04829451069235802
5581,0.08116967976093292
5582,0.07435586303472519
5583,0.047443944960832596
5584,0.025653118267655373
5585,0.0629490315914154
5586,0.02787434682250023
5587,0.04941258579492569
5588,0.09325720369815826
5589,0.02513234317302704
5590,0.06237966567277908
5591,0.0928538367152214
5592,0.03282841295003891
5593,0.062495097517967224
5594,0.02712966874241829
5595,0.02866768091917038
5596,0.019247617572546005
5597,0.028589442372322083
5598,0.10447368025779724
5599,0.03183615580201149
5600,0.0378996878862381
5601,0.04490726813673973
5602,0.04862608015537262
5603,0.028967637568712234
5604,0.036532461643218994
5605,0.06466450542211533
5606,0.02360888198018074
5607,0.02819347195327282
5608,0.021414052695035934
5609,0.05781104043126106
5610,0.05788631737232208
5611,0.027733568102121353
5612,0.028787069022655487
5613,0.07501246780157089
5614,0.017418088391423225
5615,0.08736028522253036
5616,0.04717877507209778
5617,0.0660863146185875
5618,0.026479538530111313
5619,0.04402385652065277
5620,0.04077250510454178
5621,0.040752872824668884
5622,0.041351959109306335
5623,0.06360415369272232
5624,0.051481906324625015
5625,0.030964095145463943
5626,0.06514434516429901
5627,0.03908143192529678
5628,0.11957298219203949
5629,0.03611035645008087
5630,0.04548565298318863
5631,0.07471077889204025
5632,0.04236818477511406
5633,0.04234166815876961
5634,0.030317150056362152
5635,0.06037922948598862
5636,0.03576635196805
5637,0.06041157245635986
5638,0.02269602008163929
5639,0.029672229662537575
5640,0.04941396042704582
5641,0.050475239753723145
5642,0.026923347264528275
5643,0.06454093754291534
5644,0.05699767917394638
5645,0.05869663879275322
5646,0.07737354934215546
5647,0.041045691817998886
5648,0.03205587714910507
5649,0.07869964092969894
5650,0.031227676197886467
5651,0.11528831720352173
5652,0.0423850491642952
5653,0.045086685568094254
5654,0.025573311373591423
5655,0.03982274979352951
5656,0.0663134753704071
5657,0.056532349437475204
5658,0.022427232936024666
5659,0.07143685966730118
5660,0.03566522151231766
5661,0.026957213878631592
5662,0.03785204142332077
5663,0.046386368572711945
5664,0.026354365050792694
5665,0.02696750871837139
5666,0.025335261598229408
5667,0.03767014294862747
5668,0.02242889627814293
5669,0.08321226388216019
5670,0.0514005683362484
5671,0.12649069726467133
5672,0.03241613879799843
5673,0.031064575538039207
5674,0.050382088869810104
5675,0.10584834218025208
5676,0.05841827765107155
5677,0.030313406139612198
5678,0.044862959533929825
5679,0.038449905812740326
5680,0.0551118478178978
5681,0.0459807887673378
5682,0.0627557635307312
5683,0.04587869718670845
5684,0.04417741298675537
5685,0.043068043887615204
5686,0.046269066631793976
5687,0.05442178621888161
5688,0.03721514344215393
5689,0.05007113888859749
5690,0.026868291199207306
5691,0.04049643129110336
5692,0.03543499857187271
5693,0.05010717734694481
5694,0.10678914934396744
5695,0.05299151688814163
5696,0.06290356814861298
5697,0.06484019756317139
5698,0.035141706466674805
5699,0.034094735980033875
5700,0.02153206430375576
5701,0.022154685109853745
5702,0.09050536900758743
5703,0.029325544834136963
5704,0.07340680807828903
5705,0.0442940816283226
5706,0.0383855476975441
5707,0.08224159479141235
5708,0.038783781230449677
5709,0.054071083664894104
5710,0.025271108373999596
5711,0.1206541359424591
5712,0.04376916587352753
5713,0.026591695845127106
5714,0.04085707291960716
5715,0.039071738719940186
5716,0.0641508549451828
5717,0.06385695934295654
5718,0.046632613986730576
5719,0.07301851361989975
5720,0.050480350852012634
5721,0.05412175506353378
5722,0.08030309528112411
5723,0.04407614469528198
5724,0.019132422283291817
5725,0.03370936959981918
5726,0.052077509462833405
5727,0.02638033591210842
5728,0.04059474170207977
5729,0.031233595684170723
5730,0.026115436106920242
5731,0.034465350210666656
5732,0.05156167596578598
5733,0.0346478596329689
5734,0.09225515276193619
5735,0.03763269633054733
5736,0.051636066287755966
5737,0.06639869511127472
5738,0.10493147373199463
5739,0.03953661397099495
5740,0.04666881263256073
5741,0.0589858703315258
5742,0.11380788683891296
5743,0.035523924976587296
5744,0.03839569911360741
5745,0.06137853488326073
5746,0.04805072396993637
5747,0.05392400547862053
5748,0.047444358468055725
5749,0.10371869802474976
5750,0.040047381073236465
5751,0.07577846944332123
5752,0.06936047226190567
5753,0.07220182567834854
5754,0.04866071417927742
5755,0.10769198089838028
5756,0.05294100195169449
5757,0.12788599729537964
5758,0.04400448501110077
5759,0.023127343505620956
5760,0.10379774868488312
5761,0.03370770812034607
5762,0.1191023737192154
5763,0.03861698508262634
5764,0.08315104246139526
5765,0.09424009919166565
5766,0.07471825182437897
5767,0.10410836338996887
5768,0.06122874096035957
5769,0.04276556521654129
5770,0.06622710824012756
5771,0.07179123908281326
5772,0.031361665576696396
5773,0.06992141902446747
5774,0.10083065927028656
5775,0.08255258202552795
5776,0.07472947239875793
5777,0.033977750688791275
5778,0.03544989973306656
5779,0.09038861840963364
5780,0.0950837954878807
5781,0.08974608033895493
5782,0.03475254774093628
5783,0.05614408105611801
5784,0.035519443452358246
5785,0.0761672779917717
5786,0.08295240998268127
5787,0.04483833536505699
5788,0.05875420942902565
5789,0.03965309262275696
5790,0.04301464930176735
5791,0.03175130859017372
5792,0.04660854861140251
5793,0.025018680840730667
5794,0.07550940662622452
5795,0.07590226083993912
5796,0.08818277716636658
5797,0.06847711652517319
5798,0.02413288503885269
5799,0.02528391405940056
5800,0.06251569837331772
5801,0.022717678919434547
5802,0.05749025568366051
5803,0.09414912015199661
5804,0.05688603222370148
5805,0.03473521023988724
5806,0.07916641235351562
5807,0.025095492601394653
5808,0.027545681223273277
5809,0.038585446774959564
5810,0.06785863637924194
5811,0.046046216040849686
5812,0.023707060143351555
5813,0.034045204520225525
5814,0.04822542518377304
5815,0.05980515480041504
5816,0.10797767341136932
5817,0.03608201816678047
5818,0.060552045702934265
5819,0.038700249046087265
5820,0.058154571801424026
5821,0.05878199636936188
5822,0.09026647359132767
5823,0.034382402896881104
5824,0.023252084851264954
5825,0.0457787849009037
5826,0.029031286016106606
5827,0.04259480535984039
5828,0.06477796286344528
5829,0.024940624833106995
5830,0.0250120609998703
5831,0.03411596268415451
5832,0.048472076654434204
5833,0.08102048933506012
5834,0.06345365196466446
5835,0.03838498517870903
5836,0.02679261565208435
5837,0.10212729126214981
5838,0.06485356390476227
5839,0.04882640391588211
5840,0.04070490598678589
5841,0.020806459710001945
5842,0.07916226238012314
5843,0.05339806154370308
5844,0.1267346441745758
5845,0.055456019937992096
5846,0.039915937930345535
5847,0.05111055076122284
5848,0.04087965562939644
5849,0.06552010774612427
5850,0.029937515035271645
5851,0.02786143310368061
5852,0.053759049624204636
5853,0.07496561855077744
5854,0.030963223427534103
5855,0.060697853565216064
5856,0.04869222640991211
5857,0.02771809883415699
5858,0.04946667701005936
5859,0.10204926133155823
5860,0.034987177699804306
5861,0.042077261954545975
5862,0.08232264220714569
5863,0.04528434947133064
5864,0.01375042088329792
5865,0.13543245196342468
5866,0.0562988743185997
5867,0.05185797065496445
5868,0.047702860087156296
5869,0.03790106996893883
5870,0.06805741041898727
5871,0.035912077873945236
5872,0.019973354414105415
5873,0.05592123046517372
5874,0.07736778259277344
5875,0.06391631811857224
5876,0.04549555480480194
5877,0.05680108442902565
5878,0.02166089229285717
5879,0.03295064717531204
5880,0.02300170063972473
5881,0.05063041299581528
5882,0.14643582701683044
5883,0.0822964608669281
5884,0.024639293551445007
5885,0.045326970517635345
5886,0.02495291456580162
5887,0.019885309040546417
5888,0.06577342003583908
5889,0.038466714322566986
5890,0.0209551639854908
5891,0.048311300575733185
5892,0.12136691808700562
5893,0.05159665271639824
5894,0.037224601954221725
5895,0.025718944147229195
5896,0.07506663352251053
5897,0.05852065980434418
5898,0.02620772272348404
5899,0.0219526719301939
5900,0.036394502967596054
5901,0.033198174089193344
5902,0.032794274389743805
5903,0.03856987506151199
5904,0.026674630120396614
5905,0.0505518801510334
5906,0.054072536528110504
5907,0.05463673174381256
5908,0.08284465968608856
5909,0.03852119296789169
5910,0.09833593666553497
5911,0.17769695818424225
5912,0.021764975041151047
5913,0.07457809895277023
5914,0.04084942862391472
5915,0.06955795735120773
5916,0.047400522977113724
5917,0.046455562114715576
5918,0.06154051795601845
5919,0.06665654480457306
5920,0.08742344379425049
5921,0.04032469540834427
5922,0.11872709542512894
5923,0.024159589782357216
5924,0.0491824634373188
5925,0.0699031800031662
5926,0.09505894035100937
5927,0.08366077393293381
5928,0.04822404682636261
5929,0.04004916176199913
5930,0.04213867336511612
5931,0.03045676089823246
5932,0.03396749123930931
5933,0.08254110813140869
5934,0.046433500945568085
5935,0.018910452723503113
5936,0.13392145931720734
5937,0.09183457493782043
5938,0.03569090738892555
5939,0.096597820520401
5940,0.022890619933605194
5941,0.023081887513399124
5942,0.0484175831079483
5943,0.030969105660915375
5944,0.05922973155975342
5945,0.07755976170301437
5946,0.06590086966753006
5947,0.048237062990665436
5948,0.04315273463726044
5949,0.030990779399871826
5950,0.027589086443185806
5951,0.0656697154045105
5952,0.04688368737697601
5953,0.045711029320955276
5954,0.042779162526130676
5955,0.0355275422334671
5956,0.03836910054087639
5957,0.018928123638033867
5958,0.04653870686888695
5959,0.04650935158133507
5960,0.03812214732170105
5961,0.04223737120628357
5962,0.04448749125003815
5963,0.03058079071342945
5964,0.04869700223207474
5965,0.029326029121875763
5966,0.060623057186603546
5967,0.09225789457559586
5968,0.03964623436331749
5969,0.02819129452109337
5970,0.09578753262758255
5971,0.03632231056690216
5972,0.05069560557603836
5973,0.021073300391435623
5974,0.03203325346112251
5975,0.03053455613553524
5976,0.03738458827137947
5977,0.045202914625406265
5978,0.10696546733379364
5979,0.05812447518110275
5980,0.020805422216653824
5981,0.032832320779561996
5982,0.02463124319911003
5983,0.05083142966032028
5984,0.07700133323669434
5985,0.03572671860456467
5986,0.01959926076233387
5987,0.032793767750263214
5988,0.04027693346142769
5989,0.039155054837465286
5990,0.1217498853802681
5991,0.040470052510499954
5992,0.04009542986750603
5993,0.07383847236633301
5994,0.03789042308926582
5995,0.031728800386190414
5996,0.03835131973028183
5997,0.027948634698987007
5998,0.041367050260305405
5999,0.021512174978852272
6000,0.0824313834309578
6001,0.05627785250544548
6002,0.0461757555603981
6003,0.10438936948776245
6004,0.08556875586509705
6005,0.022807558998465538
6006,0.08845213800668716
6007,0.05494843050837517
6008,0.02714245766401291
6009,0.06003417819738388
6010,0.05445890128612518
6011,0.032358527183532715
6012,0.019701819866895676
6013,0.07965027540922165
6014,0.040669433772563934
6015,0.05420590564608574
6016,0.0816706120967865
6017,0.022730711847543716
6018,0.03281078487634659
6019,0.025232594460248947
6020,0.03293759375810623
6021,0.03574332967400551
6022,0.06072012707591057
6023,0.09438841789960861
6024,0.032268915325403214
6025,0.07387422025203705
6026,0.04522854834794998
6027,0.02494087815284729
6028,0.055074140429496765
6029,0.07034152746200562
6030,0.03975129500031471
6031,0.04511990398168564
6032,0.04341266304254532
6033,0.025347191840410233
6034,0.0258937980979681
6035,0.03049815259873867
6036,0.057739369571208954
6037,0.057979147881269455
6038,0.024874433875083923
6039,0.05364470183849335
6040,0.058548346161842346
6041,0.07168450206518173
6042,0.02448376640677452
6043,0.0879470631480217
6044,0.020455334335565567
6045,0.0513552688062191
6046,0.0338696613907814
6047,0.02540404722094536
6048,0.03478749468922615
6049,0.02374686673283577
6050,0.05602318421006203
6051,0.03428201377391815
6052,0.031920842826366425
6053,0.03149821609258652
6054,0.04170567914843559
6055,0.023294836282730103
6056,0.07295575737953186
6057,0.08917471766471863
6058,0.04132997244596481
6059,0.05162820965051651
6060,0.08635757118463516
6061,0.028977664187550545
6062,0.032924480736255646
6063,0.021296868100762367
6064,0.085574671626091
6065,0.03348100185394287
6066,0.041904907673597336
6067,0.08484181761741638
6068,0.02162427268922329
6069,0.07005852460861206
6070,0.11312892287969589
6071,0.0360979288816452
6072,0.03303014859557152
6073,0.10781769454479218
6074,0.06386884301900864
6075,0.02868916466832161
6076,0.024631891399621964
6077,0.06414932757616043
6078,0.04318617284297943
6079,0.011903631500899792
6080,0.028356479480862617
6081,0.023046476766467094
6082,0.07189136743545532
6083,0.025186436250805855
6084,0.03257059305906296
6085,0.03241918236017227
6086,0.06750081479549408
6087,0.09854777157306671
6088,0.03454757481813431
6089,0.043351784348487854
6090,0.037284187972545624
6091,0.03341758996248245
6092,0.07683030515909195
6093,0.055202167481184006
6094,0.03364323079586029
6095,0.05324177071452141
6096,0.021474547684192657
6097,0.027497677132487297
6098,0.06194131076335907
6099,0.05691555142402649
6100,0.033578187227249146
6101,0.050116412341594696
6102,0.048531584441661835
6103,0.038098063319921494
6104,0.040604572743177414
6105,0.022982584312558174
6106,0.02843715250492096
6107,0.02689249813556671
6108,0.03981850668787956
6109,0.04029042273759842
6110,0.044181182980537415
6111,0.06898890435695648
6112,0.06856916099786758
6113,0.04440504312515259
6114,0.037868987768888474
6115,0.038516610860824585
6116,0.13654766976833344
6117,0.03675934299826622
6118,0.050469882786273956
6119,0.04169351980090141
6120,0.03769112005829811
6121,0.03585992008447647
6122,0.04460849612951279
6123,0.07627804577350616
6124,0.033809561282396317
6125,0.02990504540503025
6126,0.022756677120923996
6127,0.06003745645284653
6128,0.039787858724594116
6129,0.08858320116996765
6130,0.023486323654651642
6131,0.03556802496314049
6132,0.0323122963309288
6133,0.0346396379172802
6134,0.0514933243393898
6135,0.052754394710063934
6136,0.03215446695685387
6137,0.04812733829021454
6138,0.04034050554037094
6139,0.05637722089886665
6140,0.02565166726708412
6141,0.058698490262031555
6142,0.0522889718413353
6143,0.09568805992603302
6144,0.031997084617614746
6145,0.06001489982008934
6146,0.04975943639874458
6147,0.045693039894104004
6148,0.0215002428740263
6149,0.025614067912101746
6150,0.07750513404607773
6151,0.09788265824317932
6152,0.11230690777301788
6153,0.05740105360746384
6154,0.01711384207010269
6155,0.030178338289260864
6156,0.029420917853713036
6157,0.05996083840727806
6158,0.035323746502399445
6159,0.06725353002548218
6160,0.08496811240911484
6161,0.1056804209947586
6162,0.03232982009649277
6163,0.043828316032886505
6164,0.04692063853144646
6165,0.028650959953665733
6166,0.024670377373695374
6167,0.06541965901851654
6168,0.08907182514667511
6169,0.027456261217594147
6170,0.04394954815506935
6171,0.02322729304432869
6172,0.0389912985265255
6173,0.0537850558757782
6174,0.02645193785429001
6175,0.16003355383872986
6176,0.06600942462682724
6177,0.026135656982660294
6178,0.022065073251724243
6179,0.04994168132543564
6180,0.027967125177383423
6181,0.09767087548971176
6182,0.02956455945968628
6183,0.0769570991396904
6184,0.0595637746155262
6185,0.04291358217597008
6186,0.02858055755496025
6187,0.02237454056739807
6188,0.04904380440711975
6189,0.09437412023544312
6190,0.026051441207528114
6191,0.09614343196153641
6192,0.03296372666954994
6193,0.028378432616591454
6194,0.08945246785879135
6195,0.04960053041577339
6196,0.021291282027959824
6197,0.06028163060545921
6198,0.018234340474009514
6199,0.03248079493641853
6200,0.030699312686920166
6201,0.03235332667827606
6202,0.03230171278119087
6203,0.03653433918952942
6204,0.06351950019598007
6205,0.06931386142969131
6206,0.05489753186702728
6207,0.031276434659957886
6208,0.08470364660024643
6209,0.025966597720980644
6210,0.050212498754262924
6211,0.02783820964396
6212,0.03501007705926895
6213,0.030394796282052994
6214,0.024087674915790558
6215,0.03667677938938141
6216,0.04719935357570648
6217,0.03705843538045883
6218,0.07054036110639572
6219,0.02977912873029709
6220,0.04087957367300987
6221,0.11232103407382965
6222,0.02844926528632641
6223,0.03279334306716919
6224,0.03427480533719063
6225,0.07418542355298996
6226,0.07463189959526062
6227,0.07538309693336487
6228,0.03035212680697441
6229,0.033426329493522644
6230,0.025101881474256516
6231,0.14288732409477234
6232,0.07068432867527008
6233,0.04951862245798111
6234,0.045805420726537704
6235,0.04382340982556343
6236,0.0638062059879303
6237,0.0355835035443306
6238,0.027766047045588493
6239,0.0982758030295372
6240,0.11743420362472534
6241,0.044319264590740204
6242,0.02776329405605793
6243,0.021002283319830894
6244,0.08800705522298813
6245,0.08931370824575424
6246,0.08435073494911194
6247,0.1021231859922409
6248,0.06607569754123688
6249,0.0448247455060482
6250,0.10427835583686829
6251,0.040826793760061264
6252,0.06269931048154831
6253,0.027246877551078796
6254,0.04296793416142464
6255,0.06115486100316048
6256,0.09446658194065094
6257,0.03952673077583313
6258,0.028392111882567406
6259,0.02596893720328808
6260,0.04036872088909149
6261,0.04853132739663124
6262,0.04272288456559181
6263,0.03046950325369835
6264,0.03499923273921013
6265,0.09699884057044983
6266,0.12676015496253967
6267,0.02097407355904579
6268,0.03700666502118111
6269,0.05379818379878998
6270,0.036596305668354034
6271,0.03850051015615463
6272,0.038264691829681396
6273,0.036460597068071365
6274,0.07499948143959045
6275,0.07802173495292664
6276,0.10484511405229568
6277,0.04382096976041794
6278,0.02278885617852211
6279,0.023908419534564018
6280,0.04832137003540993
6281,0.03393392637372017
6282,0.04026339575648308
6283,0.04746589809656143
6284,0.02241797186434269
6285,0.03833962231874466
6286,0.052191562950611115
6287,0.04253547266125679
6288,0.05024181678891182
6289,0.03651903197169304
6290,0.05228370428085327
6291,0.07760351151227951
6292,0.06785185635089874
6293,0.03292407840490341
6294,0.030117643997073174
6295,0.036215487867593765
6296,0.04292534291744232
6297,0.09704236686229706
6298,0.021695028990507126
6299,0.035693924874067307
6300,0.020040154457092285
6301,0.06657972186803818
6302,0.047409575432538986
6303,0.04163215309381485
6304,0.033538900315761566
6305,0.04109032824635506
6306,0.028164789080619812
6307,0.028473451733589172
6308,0.033919885754585266
6309,0.06904186308383942
6310,0.023043617606163025
6311,0.01875133253633976
6312,0.018513601273298264
6313,0.07253473252058029
6314,0.03848585486412048
6315,0.0470161959528923
6316,0.0302839707583189
6317,0.038723789155483246
6318,0.06576628983020782
6319,0.06345652788877487
6320,0.02351914532482624
6321,0.058293748646974564
6322,0.03472650423645973
6323,0.024256044998764992
6324,0.02949567884206772
6325,0.02962733805179596
6326,0.04138481989502907
6327,0.02427523210644722
6328,0.1102999597787857
6329,0.029892414808273315
6330,0.03571267053484917
6331,0.02664676494896412
6332,0.15012434124946594
6333,0.024129532277584076
6334,0.04178624600172043
6335,0.021427199244499207
6336,0.023234639316797256
6337,0.027176281437277794
6338,0.033212143927812576
6339,0.08971518278121948
6340,0.055120281875133514
6341,0.08560211211442947
6342,0.04250706732273102
6343,0.03310526907444
6344,0.06411127001047134
6345,0.07556736469268799
6346,0.04356113076210022
6347,0.09074323624372482
6348,0.037203747779130936
6349,0.042055804282426834
6350,0.054645173251628876
6351,0.0372009240090847
6352,0.04899747669696808
6353,0.06133568659424782
6354,0.05819029361009598
6355,0.026920493692159653
6356,0.07538555562496185
6357,0.027484018355607986
6358,0.06386702507734299
6359,0.04812322556972504
6360,0.032623663544654846
6361,0.03605181723833084
6362,0.051303714513778687
6363,0.02424917370080948
6364,0.023672252893447876
6365,0.09543675184249878
6366,0.0288758035749197
6367,0.0463561937212944
6368,0.03765961155295372
6369,0.18568959832191467
6370,0.05733031779527664
6371,0.061030056327581406
6372,0.058617644011974335
6373,0.057470813393592834
6374,0.022255364805459976
6375,0.13124054670333862
6376,0.107802614569664
6377,0.0344710499048233
6378,0.13036155700683594
6379,0.09423510730266571
6380,0.025050289928913116
6381,0.08379672467708588
6382,0.03197646141052246
6383,0.041691653430461884
6384,0.06658507138490677
6385,0.08331874758005142
6386,0.06909986585378647
6387,0.06746116280555725
6388,0.04961260035634041
6389,0.02095598727464676
6390,0.06000877171754837
6391,0.04449806362390518
6392,0.04602699354290962
6393,0.02276768535375595
6394,0.02605273574590683
6395,0.09044495970010757
6396,0.040344223380088806
6397,0.0783568024635315
6398,0.07563743740320206
6399,0.02989596500992775
6400,0.024908678606152534
6401,0.05171462520956993
6402,0.04185720160603523
6403,0.05181572958827019
6404,0.021927230060100555
6405,0.040823016315698624
6406,0.031760189682245255
6407,0.040033355355262756
6408,0.016370205208659172
6409,0.040225185453891754
6410,0.047483108937740326
6411,0.041081152856349945
6412,0.02841983549296856
6413,0.03552814945578575
6414,0.027762634679675102
6415,0.04249102249741554
6416,0.024771643802523613
6417,0.06675595045089722
6418,0.024710889905691147
6419,0.03357574716210365
6420,0.01945454254746437
6421,0.03307117521762848
6422,0.01643752120435238
6423,0.11670330166816711
6424,0.057688158005476
6425,0.028246980160474777
6426,0.03559377044439316
6427,0.06818465143442154
6428,0.030024709179997444
6429,0.03294965997338295
6430,0.02236282266676426
6431,0.024813422933220863
6432,0.05817095935344696
6433,0.025502648204565048
6434,0.09755070507526398
6435,0.028683846816420555
6436,0.028704911470413208
6437,0.1308584362268448
6438,0.05893348529934883
6439,0.0626152977347374
6440,0.04557831212878227
6441,0.030373429879546165
6442,0.026202334091067314
6443,0.050265491008758545
6444,0.09780977666378021
6445,0.07984258234500885
6446,0.0882982462644577
6447,0.030855953693389893
6448,0.08111505210399628
6449,0.021499009802937508
6450,0.024348566308617592
6451,0.03879876434803009
6452,0.02769315615296364
6453,0.08466538041830063
6454,0.029765715822577477
6455,0.03721337392926216
6456,0.022844593971967697
6457,0.0353982038795948
6458,0.029582571238279343
6459,0.029758477583527565
6460,0.04946387559175491
6461,0.022736061364412308
6462,0.09585168212652206
6463,0.11042162775993347
6464,0.028280109167099
6465,0.07723827660083771
6466,0.062179915606975555
6467,0.06943726539611816
6468,0.03250208869576454
6469,0.0788709819316864
6470,0.043322283774614334
6471,0.04081344231963158
6472,0.09551458805799484
6473,0.07022909820079803
6474,0.04738161340355873
6475,0.0663701593875885
6476,0.05363083630800247
6477,0.04844333976507187
6478,0.040984056890010834
6479,0.06582809239625931
6480,0.027907291427254677
6481,0.029376965016126633
6482,0.016901222988963127
6483,0.07971742004156113
6484,0.03305767849087715
6485,0.033544763922691345
6486,0.04273083806037903
6487,0.019707079976797104
6488,0.03382953256368637
6489,0.04517093300819397
6490,0.03673461824655533
6491,0.03606824204325676
6492,0.055816031992435455
6493,0.05802067741751671
6494,0.05795930698513985
6495,0.03815839812159538
6496,0.08430846780538559
6497,0.03931654989719391
6498,0.04669016972184181
6499,0.05937225744128227
6500,0.054993558675050735
6501,0.04403175413608551
6502,0.07118450850248337
6503,0.02848554402589798
6504,0.06304233521223068
6505,0.048659659922122955
6506,0.04364723712205887
6507,0.07481089234352112
6508,0.03514808416366577
6509,0.041083138436079025
6510,0.06803227216005325
6511,0.026318438351154327
6512,0.04136957973241806
6513,0.052139390259981155
6514,0.024232521653175354
6515,0.020167682319879532
6516,0.040359605103731155
6517,0.09714648872613907
6518,0.08795715123414993
6519,0.04777277261018753
6520,0.02308613993227482
6521,0.0357460081577301
6522,0.07734671980142593
6523,0.02375294826924801
6524,0.03724057972431183
6525,0.03191013261675835
6526,0.04278499260544777
6527,0.048922181129455566
6528,0.1105692982673645
6529,0.05666122958064079
6530,0.05419829487800598
6531,0.06723541021347046
6532,0.02010192908346653
6533,0.09671759605407715
6534,0.04013274610042572
6535,0.055889345705509186
6536,0.03721863403916359
6537,0.05607189983129501
6538,0.0291665680706501
6539,0.09992047399282455
6540,0.04239781200885773
6541,0.05403187870979309
6542,0.025486983358860016
6543,0.04615958034992218
6544,0.03674652427434921
6545,0.04240965098142624
6546,0.06103136017918587
6547,0.02739354595541954
6548,0.030259300023317337
6549,0.07282041013240814
6550,0.038500990718603134
6551,0.03023184835910797
6552,0.02336178719997406
6553,0.03292791545391083
6554,0.01941729709506035
6555,0.02919101156294346
6556,0.02272072806954384
6557,0.061499349772930145
6558,0.04174970090389252
6559,0.03641815483570099
6560,0.03555838763713837
6561,0.11977332085371017
6562,0.05397094786167145
6563,0.03063255175948143
6564,0.03609766811132431
6565,0.017873665317893028
6566,0.08718625456094742
6567,0.02911534532904625
6568,0.018818143755197525
6569,0.026982108131051064
6570,0.046312227845191956
6571,0.025872021913528442
6572,0.03028465434908867
6573,0.03864777833223343
6574,0.03591501712799072
6575,0.02949375845491886
6576,0.02698316052556038
6577,0.02915707789361477
6578,0.11237240582704544
6579,0.05001560598611832
6580,0.02951066568493843
6581,0.032562900334596634
6582,0.05778621882200241
6583,0.05146398767828941
6584,0.07078459113836288
6585,0.09476132690906525
6586,0.05189155787229538
6587,0.02722492255270481
6588,0.04660039022564888
6589,0.031925030052661896
6590,0.047531608492136
6591,0.0935472697019577
6592,0.027678634971380234
6593,0.04023587331175804
6594,0.1218494176864624
6595,0.026622885838150978
6596,0.0627046748995781
6597,0.05032366141676903
6598,0.044034719467163086
6599,0.04293752461671829
6600,0.0757833868265152
6601,0.06774380803108215
6602,0.016579579561948776
6603,0.07759734988212585
6604,0.06732040643692017
6605,0.06434987485408783
6606,0.033555567264556885
6607,0.01610735058784485
6608,0.02297375537455082
6609,0.01876206137239933
6610,0.03076726198196411
6611,0.022891230881214142
6612,0.03355923667550087
6613,0.06320569664239883
6614,0.02654912881553173
6615,0.05548734590411186
6616,0.08533511310815811
6617,0.028221188113093376
6618,0.05584975332021713
6619,0.02982373535633087
6620,0.03585590049624443
6621,0.03270386531949043
6622,0.04031762480735779
6623,0.03125876188278198
6624,0.048452168703079224
6625,0.03196180984377861
6626,0.02065677009522915
6627,0.025796858593821526
6628,0.07655934244394302
6629,0.016472984105348587
6630,0.08034767210483551
6631,0.13559840619564056
6632,0.03468020260334015
6633,0.03201618790626526
6634,0.07250797003507614
6635,0.042518552392721176
6636,0.04397231340408325
6637,0.05710988491773605
6638,0.07761107385158539
6639,0.030474402010440826
6640,0.03229294717311859
6641,0.04281431436538696
6642,0.03373244032263756
6643,0.023525524884462357
6644,0.030185503885149956
6645,0.04190053418278694
6646,0.021215271204710007
6647,0.0759991854429245
6648,0.05320185422897339
6649,0.05434092879295349
6650,0.07297015935182571
6651,0.051418133080005646
6652,0.023643802851438522
6653,0.03499579057097435
6654,0.060744717717170715
6655,0.043535780161619186
6656,0.025358788669109344
6657,0.0807592123746872
6658,0.043328657746315
6659,0.08655967563390732
6660,0.06756354123353958
6661,0.027358192950487137
6662,0.10140073299407959
6663,0.09887029230594635
6664,0.050083644688129425
6665,0.02886204607784748
6666,0.037443872541189194
6667,0.03620187193155289
6668,0.06852760165929794
6669,0.09939627349376678
6670,0.045879799872636795
6671,0.03857078403234482
6672,0.11142561584711075
6673,0.019146470353007317
6674,0.06292061507701874
6675,0.09908468276262283
6676,0.03928883373737335
6677,0.0634346604347229
6678,0.049454011023044586
6679,0.0357629619538784
6680,0.059121496975421906
6681,0.07175810635089874
6682,0.030141377821564674
6683,0.022190026938915253
6684,0.019273705780506134
6685,0.028462795540690422
6686,0.056055765599012375
6687,0.021775536239147186
6688,0.04813825339078903
6689,0.14162202179431915
6690,0.02860928513109684
6691,0.05186140164732933
6692,0.02422001026570797
6693,0.0216575488448143
6694,0.05275743454694748
6695,0.09477105736732483
6696,0.11004489660263062
6697,0.022220004349946976
6698,0.04240642115473747
6699,0.037560224533081055
6700,0.0604410357773304
6701,0.03028644621372223
6702,0.06707988679409027
6703,0.0803617462515831
6704,0.04926934093236923
6705,0.05033053457736969
6706,0.02781009115278721
6707,0.05417865514755249
6708,0.027804408222436905
6709,0.10779125988483429
6710,0.0259716734290123
6711,0.03052186593413353
6712,0.04775090143084526
6713,0.032598983496427536
6714,0.03889955207705498
6715,0.04219444841146469
6716,0.09743326902389526
6717,0.04261912405490875
6718,0.029242297634482384
6719,0.045941390097141266
6720,0.053134649991989136
6721,0.017793282866477966
6722,0.02739701420068741
6723,0.011790653690695763
6724,0.04315321147441864
6725,0.06658247858285904
6726,0.02391250617802143
6727,0.021093426272273064
6728,0.06709705293178558
6729,0.021076451987028122
6730,0.029903918504714966
6731,0.033023178577423096
6732,0.037855420261621475
6733,0.049895670264959335
6734,0.07426568865776062
6735,0.02771412394940853
6736,0.023502876982092857
6737,0.017690911889076233
6738,0.016935093328356743
6739,0.10196813941001892
6740,0.05695388466119766
6741,0.03313923999667168
6742,0.039340078830718994
6743,0.019922617822885513
6744,0.08083483576774597
6745,0.021191248670220375
6746,0.04105789214372635
6747,0.03244715929031372
6748,0.026441819965839386
6749,0.05009252950549126
6750,0.05837221443653107
6751,0.10138911753892899
6752,0.08062172681093216
6753,0.03185000270605087
6754,0.031266819685697556
6755,0.07041089981794357
6756,0.031367748975753784
6757,0.022366849705576897
6758,0.027463650330901146
6759,0.12280649691820145
6760,0.02497217059135437
6761,0.05731942877173424
6762,0.08799382299184799
6763,0.017361942678689957
6764,0.03366421163082123
6765,0.030755337327718735
6766,0.057601697742938995
6767,0.05298613756895065
6768,0.033666130155324936
6769,0.12801876664161682
6770,0.020392432808876038
6771,0.016676602885127068
6772,0.02347390726208687
6773,0.05090535804629326
6774,0.020746726542711258
6775,0.032663408666849136
6776,0.024381237104535103
6777,0.028768762946128845
6778,0.036690447479486465
6779,0.03129218891263008
6780,0.02429310791194439
6781,0.06493683904409409
6782,0.08864274621009827
6783,0.026899896562099457
6784,0.020984556525945663
6785,0.05163983255624771
6786,0.05277783423662186
6787,0.055752210319042206
6788,0.047530800104141235
6789,0.030158640816807747
6790,0.04585789144039154
6791,0.022234894335269928
6792,0.03321379795670509
6793,0.053883690387010574
6794,0.07534541934728622
6795,0.03437715023756027
6796,0.01890360191464424
6797,0.028562011197209358
6798,0.0655469074845314
6799,0.09461399912834167
6800,0.06995074450969696
6801,0.04464416950941086
6802,0.0990508571267128
6803,0.03214458376169205
6804,0.07820182293653488
6805,0.049025412648916245
6806,0.023955300450325012
6807,0.011910601519048214
6808,0.03440796956419945
6809,0.03297065570950508
6810,0.11117134988307953
6811,0.056782715022563934
6812,0.025746969506144524
6813,0.027670426294207573
6814,0.024265896528959274
6815,0.10653949528932571
6816,0.04332859069108963
6817,0.032723311334848404
6818,0.01854170858860016
6819,0.018781542778015137
6820,0.029389606788754463
6821,0.031062953174114227
6822,0.08009850233793259
6823,0.028052521869540215
6824,0.06346526741981506
6825,0.04561932757496834
6826,0.08505197614431381
6827,0.11109951138496399
6828,0.03661864995956421
6829,0.027048107236623764
6830,0.041365765035152435
6831,0.031326111406087875
6832,0.03766573220491409
6833,0.0644325464963913
6834,0.04984012618660927
6835,0.05866209417581558
6836,0.08972176164388657
6837,0.024658815935254097
6838,0.029211413115262985
6839,0.03987130522727966
6840,0.09531670063734055
6841,0.10238942503929138
6842,0.022359948605298996
6843,0.030883844941854477
6844,0.038018133491277695
6845,0.04199804365634918
6846,0.09483722597360611
6847,0.01972886361181736
6848,0.04464072361588478
6849,0.08376383036375046
6850,0.03484489396214485
6851,0.019015148282051086
6852,0.0357695147395134
6853,0.12593218684196472
6854,0.03584311157464981
6855,0.03847740218043327
6856,0.03799945116043091
6857,0.029467586427927017
6858,0.055344726890325546
6859,0.029429201036691666
6860,0.03943157568573952
6861,0.0845039039850235
6862,0.057450179010629654
6863,0.0744788646697998
6864,0.032177601009607315
6865,0.06145823001861572
6866,0.03147769719362259
6867,0.02782949060201645
6868,0.020211031660437584
6869,0.04352441057562828
6870,0.05740491300821304
6871,0.027377789840102196
6872,0.03132345899939537
6873,0.13273480534553528
6874,0.05425912141799927
6875,0.03302275389432907
6876,0.058646269142627716
6877,0.04460185766220093
6878,0.02961604669690132
6879,0.0229268167167902
6880,0.04391121491789818
6881,0.023843860253691673
6882,0.027570482343435287
6883,0.02469177544116974
6884,0.06550858914852142
6885,0.034261856228113174
6886,0.045866549015045166
6887,0.06821628659963608
6888,0.09672117233276367
6889,0.03283238038420677
6890,0.017298929393291473
6891,0.038464758545160294
6892,0.05160725116729736
6893,0.06739699840545654
6894,0.05445849522948265
6895,0.08851063251495361
6896,0.027233421802520752
6897,0.03859001770615578
6898,0.08287694305181503
6899,0.0379900224506855
6900,0.06757771223783493
6901,0.1292305439710617
6902,0.13458944857120514
6903,0.04306662455201149
6904,0.039317015558481216
6905,0.05634539946913719
6906,0.11544215679168701
6907,0.04128478839993477
6908,0.07162178307771683
6909,0.12313775718212128
6910,0.0597684308886528
6911,0.04060215502977371
6912,0.09611709415912628
6913,0.05849750339984894
6914,0.14298832416534424
6915,0.029048385098576546
6916,0.03442641720175743
6917,0.03082096576690674
6918,0.01711491495370865
6919,0.03851541131734848
6920,0.031213993206620216
6921,0.04468516260385513
6922,0.04372124373912811
6923,0.04519674926996231
6924,0.0941881611943245
6925,0.022678235545754433
6926,0.041642989963293076
6927,0.026920709758996964
6928,0.024399664252996445
6929,0.04419265314936638
6930,0.05567324161529541
6931,0.022465869784355164
6932,0.09604981541633606
6933,0.026983924210071564
6934,0.05500834435224533
6935,0.03261411935091019
6936,0.06452784687280655
6937,0.1053045243024826
6938,0.03191077709197998
6939,0.0486617274582386
6940,0.047737814486026764
6941,0.03119126334786415
6942,0.06798174232244492
6943,0.08692900836467743
6944,0.03215523809194565
6945,0.03051196038722992
6946,0.020377855747938156
6947,0.046767041087150574
6948,0.010828410275280476
6949,0.03037990815937519
6950,0.024804746732115746
6951,0.14505231380462646
6952,0.06242356449365616
6953,0.03900736942887306
6954,0.03883190453052521
6955,0.026403579860925674
6956,0.0223059244453907
6957,0.029726887121796608
6958,0.03190160542726517
6959,0.029171200469136238
6960,0.05972887575626373
6961,0.03107842430472374
6962,0.021855264902114868
6963,0.03243396058678627
6964,0.04683104157447815
6965,0.04487431049346924
6966,0.05477104336023331
6967,0.0537448450922966
6968,0.055139996111392975
6969,0.03589855134487152
6970,0.05680600926280022
6971,0.06448263674974442
6972,0.03081858530640602
6973,0.025348760187625885
6974,0.03134829178452492
6975,0.04064653441309929
6976,0.04029472544789314
6977,0.030897529795765877
6978,0.028623690828680992
6979,0.043512724339962006
6980,0.03186057135462761
6981,0.035305678844451904
6982,0.018438074737787247
6983,0.0759865790605545
6984,0.03818288445472717
6985,0.05872266739606857
6986,0.07050036638975143
6987,0.04274192452430725
6988,0.03567894920706749
6989,0.11467241495847702
6990,0.03584972769021988
6991,0.06300801783800125
6992,0.037351805716753006
6993,0.04832335561513901
6994,0.058699335902929306
6995,0.04398864135146141
6996,0.04803606867790222
6997,0.03376609832048416
6998,0.025961237028241158
6999,0.04446236789226532
7000,0.024003518745303154
7001,0.03440254554152489
7002,0.03388950228691101
7003,0.0957779586315155
7004,0.021620944142341614
7005,0.031323257833719254
7006,0.08328676223754883
7007,0.04091206192970276
7008,0.03606428578495979
7009,0.035449616611003876
7010,0.07784606516361237
7011,0.02162647806107998
7012,0.030751969665288925
7013,0.046781234443187714
7014,0.03809133917093277
7015,0.034893035888671875
7016,0.05810791999101639
7017,0.06972914189100266
7018,0.03527624532580376
7019,0.05219010263681412
7020,0.06713403016328812
7021,0.06852009892463684
7022,0.035784997045993805
7023,0.05579456686973572
7024,0.05614728480577469
7025,0.06680881232023239
7026,0.07359680533409119
7027,0.05674125254154205
7028,0.042416587471961975
7029,0.05262500047683716
7030,0.058868490159511566
7031,0.026497196406126022
7032,0.06109056621789932
7033,0.044928234070539474
7034,0.047056615352630615
7035,0.07239704579114914
7036,0.035322509706020355
7037,0.041988521814346313
7038,0.04856661707162857
7039,0.0319417342543602
7040,0.04078088328242302
7041,0.12422384321689606
7042,0.04273124784231186
7043,0.06630877405405045
7044,0.026553820818662643
7045,0.0240371972322464
7046,0.029242750257253647
7047,0.022556578740477562
7048,0.061009299010038376
7049,0.154392272233963
7050,0.03167036175727844
7051,0.017739029601216316
7052,0.03682061284780502
7053,0.023122860118746758
7054,0.043145060539245605
7055,0.04027140140533447
7056,0.04564443975687027
7057,0.025786785408854485
7058,0.04482752084732056
7059,0.06493457406759262
7060,0.048379238694906235
7061,0.03658226877450943
7062,0.06107345595955849
7063,0.1574922502040863
7064,0.02177107334136963
7065,0.04301736503839493
7066,0.07589402794837952
7067,0.08700042963027954
7068,0.11033819615840912
7069,0.07741181552410126
7070,0.05881575495004654
7071,0.06473930180072784
7072,0.0483679436147213
7073,0.01847589947283268
7074,0.06818076223134995
7075,0.0454665943980217
7076,0.04963446408510208
7077,0.052869927138090134
7078,0.057342518121004105
7079,0.05490337312221527
7080,0.039926204830408096
7081,0.06504157930612564
7082,0.06541834771633148
7083,0.035808075219392776
7084,0.13103625178337097
7085,0.03799333795905113
7086,0.0472334586083889
7087,0.02975660376250744
7088,0.027478547766804695
7089,0.020028136670589447
7090,0.025440767407417297
7091,0.042456045746803284
7092,0.06909835338592529
7093,0.06358275562524796
7094,0.0455140545964241
7095,0.09037929773330688
7096,0.07623381912708282
7097,0.0987360030412674
7098,0.045687176287174225
7099,0.04026295989751816
7100,0.03499745577573776
7101,0.06037479266524315
7102,0.08474823832511902
7103,0.015981541946530342
7104,0.02544930763542652
7105,0.031335774809122086
7106,0.05639970302581787
7107,0.08295045793056488
7108,0.07543013244867325
7109,0.030422339215874672
7110,0.04786497354507446
7111,0.020060351118445396
7112,0.04464511573314667
7113,0.06305040419101715
7114,0.03179992735385895
7115,0.08990531414747238
7116,0.01903383992612362
7117,0.021500498056411743
7118,0.03980368375778198
7119,0.059118013828992844
7120,0.0538315512239933
7121,0.03618168458342552
7122,0.052778955549001694
7123,0.05133753642439842
7124,0.023104362189769745
7125,0.11451558768749237
7126,0.028538711369037628
7127,0.05216328799724579
7128,0.042919524013996124
7129,0.05181214213371277
7130,0.05283695459365845
7131,0.0986044630408287
7132,0.0360293835401535
7133,0.0427539236843586
7134,0.050512563437223434
7135,0.022696230560541153
7136,0.045621711760759354
7137,0.027131028473377228
7138,0.03222241997718811
7139,0.04052969813346863
7140,0.06410375982522964
7141,0.04114547371864319
7142,0.04792531579732895
7143,0.03643990308046341
7144,0.05860719457268715
7145,0.022709043696522713
7146,0.027796350419521332
7147,0.03532803803682327
7148,0.023445898666977882
7149,0.03760867193341255
7150,0.05179246515035629
7151,0.04134073480963707
7152,0.026969607919454575
7153,0.05744495242834091
7154,0.021350223571062088
7155,0.06870560348033905
7156,0.058353349566459656
7157,0.12829488515853882
7158,0.1518220454454422
7159,0.018235674127936363
7160,0.07588456571102142
7161,0.04387902095913887
7162,0.03849923983216286
7163,0.027519863098859787
7164,0.0377647690474987
7165,0.03973351791501045
7166,0.03526701405644417
7167,0.07114680111408234
7168,0.07930557429790497
7169,0.11346542090177536
7170,0.03769577294588089
7171,0.07005561888217926
7172,0.05775604769587517
7173,0.02935343235731125
7174,0.0581732913851738
7175,0.031882621347904205
7176,0.0143049331381917
7177,0.06451272964477539
7178,0.0838920846581459
7179,0.07857894152402878
7180,0.1516316831111908
7181,0.09214045107364655
7182,0.04237311705946922
7183,0.027846381068229675
7184,0.04060899838805199
7185,0.024465443566441536
7186,0.07791639864444733
7187,0.01972757838666439
7188,0.06243397295475006
7189,0.07424984127283096
7190,0.042131271213293076
7191,0.060618024319410324
7192,0.04634775593876839
7193,0.03887220099568367
7194,0.027298856526613235
7195,0.12095588445663452
7196,0.03352551907300949
7197,0.028807412832975388
7198,0.04316859692335129
7199,0.04559958353638649
7200,0.02205674722790718
7201,0.06739260256290436
7202,0.06543966382741928
7203,0.11216045916080475
7204,0.0446808896958828
7205,0.023997610434889793
7206,0.03759719431400299
7207,0.018948979675769806
7208,0.06062372401356697
7209,0.020865492522716522
7210,0.018208393827080727
7211,0.03992220759391785
7212,0.024952711537480354
7213,0.017257921397686005
7214,0.061205729842185974
7215,0.018406394869089127
7216,0.032674700021743774
7217,0.0408882312476635
7218,0.034764062613248825
7219,0.04051974043250084
7220,0.08727530390024185
7221,0.027432536706328392
7222,0.0840311050415039
7223,0.025933369994163513
7224,0.07357466965913773
7225,0.04430490359663963
7226,0.044991057366132736
7227,0.10879117250442505
7228,0.07804471254348755
7229,0.05313104763627052
7230,0.04366052895784378
7231,0.050685249269008636
7232,0.09232065081596375
7233,0.13439394533634186
7234,0.034646276384592056
7235,0.04610500484704971
7236,0.03329479694366455
7237,0.04002808406949043
7238,0.03184946998953819
7239,0.029622400179505348
7240,0.022220510989427567
7241,0.01465681567788124
7242,0.022847196087241173
7243,0.031160671263933182
7244,0.023539680987596512
7245,0.04484490677714348
7246,0.035196028649806976
7247,0.014434282667934895
7248,0.08800385892391205
7249,0.08591124415397644
7250,0.025527749210596085
7251,0.09894578158855438
7252,0.01947185769677162
7253,0.016570739448070526
7254,0.0484953299164772
7255,0.047091275453567505
7256,0.0354173481464386
7257,0.06362853944301605
7258,0.04515046253800392
7259,0.0280158594250679
7260,0.03444146364927292
7261,0.0198809877038002
7262,0.04609987512230873
7263,0.05807565152645111
7264,0.027497723698616028
7265,0.02948390319943428
7266,0.04539288207888603
7267,0.03710557520389557
7268,0.03578663617372513
7269,0.024416230618953705
7270,0.032004743814468384
7271,0.033770475536584854
7272,0.03354833647608757
7273,0.01851719617843628
7274,0.03411303460597992
7275,0.01857541874051094
7276,0.023493463173508644
7277,0.0921878069639206
7278,0.06222370266914368
7279,0.026387473568320274
7280,0.08092190325260162
7281,0.06707622110843658
7282,0.03284124284982681
7283,0.03267369791865349
7284,0.06467940658330917
7285,0.05151934176683426
7286,0.07712121307849884
7287,0.07324937731027603
7288,0.031032470986247063
7289,0.06883605569601059
7290,0.033208031207323074
7291,0.05897057056427002
7292,0.03019748069345951
7293,0.03522598743438721
7294,0.17273768782615662
7295,0.07179423421621323
7296,0.05291937664151192
7297,0.040137212723493576
7298,0.04027474299073219
7299,0.021606670692563057
7300,0.02347247488796711
7301,0.03228209167718887
7302,0.08312960714101791
7303,0.03292287141084671
7304,0.04784512147307396
7305,0.083096444606781
7306,0.020347435027360916
7307,0.11971749365329742
7308,0.037543728947639465
7309,0.06951786577701569
7310,0.05931331217288971
7311,0.03195689991116524
7312,0.020350603386759758
7313,0.0882674902677536
7314,0.01700441539287567
7315,0.038796357810497284
7316,0.08738972991704941
7317,0.027725407853722572
7318,0.048803169280290604
7319,0.05925065651535988
7320,0.02948574349284172
7321,0.031470026820898056
7322,0.045740362256765366
7323,0.08582604676485062
7324,0.030846990644931793
7325,0.039508648216724396
7326,0.04547135531902313
7327,0.049771666526794434
7328,0.03332459181547165
7329,0.02416493184864521
7330,0.048544690012931824
7331,0.03540927916765213
7332,0.014520790427923203
7333,0.08741957694292068
7334,0.04208048805594444
7335,0.06275248527526855
7336,0.03251483663916588
7337,0.04076780378818512
7338,0.023318786174058914
7339,0.037836335599422455
7340,0.06353544443845749
7341,0.04244391620159149
7342,0.030622150748968124
7343,0.03842317685484886
7344,0.049415335059165955
7345,0.01918688975274563
7346,0.027599595487117767
7347,0.08758272975683212
7348,0.029396014288067818
7349,0.028765028342604637
7350,0.028141789138317108
7351,0.03908563777804375
7352,0.020667042583227158
7353,0.02629813551902771
7354,0.06386598199605942
7355,0.02280770242214203
7356,0.059330474585294724
7357,0.02772395685315132
7358,0.04648388549685478
7359,0.089524045586586
7360,0.016726648434996605
7361,0.034899692982435226
7362,0.03219778463244438
7363,0.02115499973297119
7364,0.04336841404438019
7365,0.10536797344684601
7366,0.07537958025932312
7367,0.02808956429362297
7368,0.024573378264904022
7369,0.02354809269309044
7370,0.05624894052743912
7371,0.0485752709209919
7372,0.05113135650753975
7373,0.053499359637498856
7374,0.03178492560982704
7375,0.06904049962759018
7376,0.02852606400847435
7377,0.027437297627329826
7378,0.07942459732294083
7379,0.09934152662754059
7380,0.06408178806304932
7381,0.017409300431609154
7382,0.02501128613948822
7383,0.014028402976691723
7384,0.028476815670728683
7385,0.06240616738796234
7386,0.036504972726106644
7387,0.029141899198293686
7388,0.031659066677093506
7389,0.023751122877001762
7390,0.04593782126903534
7391,0.06602270156145096
7392,0.05877336859703064
7393,0.10804587602615356
7394,0.09170810133218765
7395,0.0460570864379406
7396,0.10459400713443756
7397,0.02446145936846733
7398,0.07066600769758224
7399,0.11152513325214386
7400,0.028668802231550217
7401,0.023759886622428894
7402,0.06539317965507507
7403,0.07451948523521423
7404,0.022582920268177986
7405,0.11732430756092072
7406,0.04457899183034897
7407,0.037088122218847275
7408,0.0328083299100399
7409,0.022719357162714005
7410,0.03427485376596451
7411,0.03638140857219696
7412,0.03710335120558739
7413,0.020185839384794235
7414,0.02207213267683983
7415,0.02494526095688343
7416,0.04463261365890503
7417,0.030794674530625343
7418,0.06556633114814758
7419,0.03297645226120949
7420,0.02697124145925045
7421,0.027247877791523933
7422,0.05498330295085907
7423,0.03238876909017563
7424,0.06089702993631363
7425,0.17615388333797455
7426,0.05294927582144737
7427,0.030014025047421455
7428,0.039844296872615814
7429,0.02331468090415001
7430,0.029724614694714546
7431,0.03352794796228409
7432,0.044863324612379074
7433,0.04450838640332222
7434,0.07102106511592865
7435,0.02765440009534359
7436,0.09295400977134705
7437,0.029564987868070602
7438,0.03300193324685097
7439,0.03267360478639603
7440,0.05716637149453163
7441,0.02538578025996685
7442,0.03432179614901543
7443,0.0530453659594059
7444,0.058913454413414
7445,0.02186506800353527
7446,0.0358748622238636
7447,0.024155115708708763
7448,0.0444878488779068
7449,0.035375673323869705
7450,0.035042040050029755
7451,0.05526918172836304
7452,0.026687471196055412
7453,0.0361860990524292
7454,0.041109099984169006
7455,0.030110755935311317
7456,0.057611290365457535
7457,0.0670238733291626
7458,0.08764110505580902
7459,0.02273397147655487
7460,0.03481112793087959
7461,0.06401479244232178
7462,0.02596930041909218
7463,0.02475547417998314
7464,0.02586493454873562
7465,0.04451713338494301
7466,0.027285005897283554
7467,0.047143496572971344
7468,0.032981134951114655
7469,0.05459529906511307
7470,0.02400287613272667
7471,0.028897827491164207
7472,0.07355190813541412
7473,0.06086663529276848
7474,0.0370597280561924
7475,0.1058136373758316
7476,0.023300040513277054
7477,0.015410780906677246
7478,0.07691101729869843
7479,0.03023434989154339
7480,0.07019419223070145
7481,0.05721718445420265
7482,0.07634144276380539
7483,0.05799561366438866
7484,0.039705224335193634
7485,0.0275343619287014
7486,0.02790652960538864
7487,0.04396465793251991
7488,0.03465765342116356
7489,0.039198148995637894
7490,0.036676548421382904
7491,0.03150564432144165
7492,0.054166845977306366
7493,0.024256903678178787
7494,0.13220056891441345
7495,0.019797809422016144
7496,0.03652618080377579
7497,0.03589143604040146
7498,0.03709518164396286
7499,0.05395669862627983
7500,0.05298236012458801
7501,0.07450365275144577
7502,0.0347052626311779
7503,0.06453044712543488
7504,0.11503957211971283
7505,0.03152570500969887
7506,0.018675249069929123
7507,0.05523790419101715
7508,0.05431092903017998
7509,0.01657184772193432
7510,0.03969169408082962
7511,0.028397560119628906
7512,0.07533253729343414
7513,0.02585325576364994
7514,0.07070085406303406
7515,0.027394071221351624
7516,0.060898978263139725
7517,0.142002135515213
7518,0.029876379296183586
7519,0.034981079399585724
7520,0.03232620656490326
7521,0.02104511857032776
7522,0.07393594086170197
7523,0.04716437682509422
7524,0.02378455363214016
7525,0.058128975331783295
7526,0.021120253950357437
7527,0.08616388589143753
7528,0.0382603220641613
7529,0.06538502126932144
7530,0.02440282702445984
7531,0.03456868603825569
7532,0.022330662235617638
7533,0.03626261651515961
7534,0.09419689327478409
7535,0.02232530154287815
7536,0.029599102213978767
7537,0.07651158422231674
7538,0.0453425869345665
7539,0.025090239942073822
7540,0.0526626855134964
7541,0.02329428307712078
7542,0.05599159374833107
7543,0.029986316338181496
7544,0.08248669654130936
7545,0.04452170059084892
7546,0.06017991900444031
7547,0.06422840058803558
7548,0.028576107695698738
7549,0.027097346261143684
7550,0.026363980025053024
7551,0.06165601685643196
7552,0.03083713911473751
7553,0.02594539150595665
7554,0.033515412360429764
7555,0.06870681047439575
7556,0.029340453445911407
7557,0.033431366086006165
7558,0.0938539057970047
7559,0.03235429525375366
7560,0.158680722117424
7561,0.0335068553686142
7562,0.0233664158731699
7563,0.054520029574632645
7564,0.02847563847899437
7565,0.018137149512767792
7566,0.09790615737438202
7567,0.02076859399676323
7568,0.1539408564567566
7569,0.029581625014543533
7570,0.04209616780281067
7571,0.043095335364341736
7572,0.026828469708561897
7573,0.03263595700263977
7574,0.0713874027132988
7575,0.02078886888921261
7576,0.03845403343439102
7577,0.0682981088757515
7578,0.05356433242559433
7579,0.02082863263785839
7580,0.034851424396038055
7581,0.04467485472559929
7582,0.02788844145834446
7583,0.060852885246276855
7584,0.028173327445983887
7585,0.09296640753746033
7586,0.06024350970983505
7587,0.03891898691654205
7588,0.03376374766230583
7589,0.08079119026660919
7590,0.06401625275611877
7591,0.03442556783556938
7592,0.020171940326690674
7593,0.030176565051078796
7594,0.023082241415977478
7595,0.017419256269931793
7596,0.096305251121521
7597,0.020332982763648033
7598,0.07517185807228088
7599,0.03979248180985451
7600,0.03161939978599548
7601,0.028852326795458794
7602,0.037078857421875
7603,0.06940872222185135
7604,0.048653751611709595
7605,0.09475699812173843
7606,0.03894690424203873
7607,0.028476128354668617
7608,0.06531310081481934
7609,0.06163239851593971
7610,0.015836896374821663
7611,0.039276912808418274
7612,0.034283846616744995
7613,0.03715207427740097
7614,0.03450196236371994
7615,0.03913562744855881
7616,0.03612236678600311
7617,0.0225216131657362
7618,0.03854677081108093
7619,0.02790265530347824
7620,0.04429352656006813
7621,0.021911200135946274
7622,0.034219421446323395
7623,0.03843836858868599
7624,0.07549956440925598
7625,0.033688273280858994
7626,0.04809768125414848
7627,0.0259720291942358
7628,0.038472551852464676
7629,0.016393233090639114
7630,0.02168090082705021
7631,0.06685226410627365
7632,0.06174837425351143
7633,0.034447237849235535
7634,0.05492144078016281
7635,0.09680783003568649
7636,0.04052191972732544
7637,0.06382163614034653
7638,0.03911557048559189
7639,0.03524095192551613
7640,0.043150145560503006
7641,0.11219796538352966
7642,0.017586084082722664
7643,0.08017449080944061
7644,0.042038094252347946
7645,0.03232003003358841
7646,0.02750861458480358
7647,0.03753530606627464
7648,0.057922493666410446
7649,0.05333801731467247
7650,0.02934175916016102
7651,0.02538606896996498
7652,0.04856773838400841
7653,0.05720691382884979
7654,0.06476887315511703
7655,0.03870256990194321
7656,0.04449216276407242
7657,0.028702404350042343
7658,0.04194798693060875
7659,0.025990869849920273
7660,0.0691235288977623
7661,0.03789457306265831
7662,0.03747982904314995
7663,0.022839829325675964
7664,0.032678838819265366
7665,0.026514459401369095
7666,0.03328469768166542
7667,0.040228307247161865
7668,0.06927762925624847
7669,0.04411221295595169
7670,0.06403585523366928
7671,0.11672063171863556
7672,0.020202046260237694
7673,0.02291848324239254
7674,0.07963503152132034
7675,0.0852281004190445
7676,0.052829205989837646
7677,0.03211304917931557
7678,0.06674791872501373
7679,0.021635623648762703
7680,0.02197546325623989
7681,0.016430441290140152
7682,0.03054085001349449
7683,0.04049329832196236
7684,0.05751849338412285
7685,0.05431034043431282
7686,0.05257862061262131
7687,0.03401223197579384
7688,0.028673838824033737
7689,0.05254398286342621
7690,0.01799493283033371
7691,0.07857055217027664
7692,0.06131412461400032
7693,0.03515753895044327
7694,0.07678332924842834
7695,0.03024141676723957
7696,0.04815962538123131
7697,0.08146679401397705
7698,0.05769222602248192
7699,0.04759276658296585
7700,0.048996780067682266
7701,0.08628301322460175
7702,0.035402361303567886
7703,0.032201580703258514
7704,0.06763951480388641
7705,0.023855319246649742
7706,0.03439405560493469
7707,0.032249610871076584
7708,0.04129922389984131
7709,0.05259789153933525
7710,0.07090169191360474
7711,0.0548064224421978
7712,0.017634782940149307
7713,0.046722184866666794
7714,0.04036117345094681
7715,0.03680317476391792
7716,0.03184692561626434
7717,0.028532635420560837
7718,0.026164332404732704
7719,0.02825152315199375
7720,0.08614155650138855
7721,0.07111816108226776
7722,0.04216261953115463
7723,0.023982318118214607
7724,0.04611840099096298
7725,0.02327140048146248
7726,0.03930608183145523
7727,0.03459266573190689
7728,0.06399277597665787
7729,0.034848447889089584
7730,0.028236718848347664
7731,0.034675683826208115
7732,0.10159184783697128
7733,0.03244829177856445
7734,0.024247001856565475
7735,0.03448878973722458
7736,0.03667398542165756
7737,0.02716774307191372
7738,0.03324103355407715
7739,0.044072940945625305
7740,0.14547263085842133
7741,0.03858795017004013
7742,0.034427229315042496
7743,0.04054124653339386
7744,0.08497516810894012
7745,0.09582612663507462
7746,0.02966974303126335
7747,0.022050850093364716
7748,0.039600104093551636
7749,0.04276119917631149
7750,0.04679960757493973
7751,0.06643785536289215
7752,0.04229659587144852
7753,0.0660463199019432
7754,0.05320492759346962
7755,0.03670539706945419
7756,0.02322365529835224
7757,0.07635529339313507
7758,0.10098537802696228
7759,0.026178773492574692
7760,0.04668671637773514
7761,0.07550811767578125
7762,0.02552901580929756
7763,0.015164870768785477
7764,0.06001625955104828
7765,0.04759380966424942
7766,0.028797753155231476
7767,0.023027565330266953
7768,0.029861759394407272
7769,0.020446544513106346
7770,0.06681559979915619
7771,0.023177392780780792
7772,0.032002195715904236
7773,0.016802778467535973
7774,0.05799321085214615
7775,0.08024865388870239
7776,0.11255265772342682
7777,0.05958016961812973
7778,0.04596912860870361
7779,0.03073659911751747
7780,0.03347504511475563
7781,0.03674588352441788
7782,0.02350238338112831
7783,0.08952432125806808
7784,0.04950892552733421
7785,0.023937290534377098
7786,0.03459586948156357
7787,0.07206286489963531
7788,0.055772073566913605
7789,0.033206067979335785
7790,0.0370352603495121
7791,0.1006329283118248
7792,0.03760077804327011
7793,0.053290192037820816
7794,0.052305325865745544
7795,0.06493830680847168
7796,0.03873720392584801
7797,0.03161957859992981
7798,0.04502313584089279
7799,0.024569720029830933
7800,0.06177430972456932
7801,0.048397596925497055
7802,0.041528165340423584
7803,0.09981664270162582
7804,0.028439026325941086
7805,0.032887622714042664
7806,0.021041393280029297
7807,0.06422057747840881
7808,0.03897063434123993
7809,0.03940524905920029
7810,0.10775808244943619
7811,0.030782774090766907
7812,0.022812606766819954
7813,0.023466303944587708
7814,0.054945558309555054
7815,0.03813212364912033
7816,0.04188888520002365
7817,0.04975346103310585
7818,0.044704075902700424
7819,0.028514202684164047
7820,0.0454121008515358
7821,0.06038609519600868
7822,0.03601190075278282
7823,0.019161827862262726
7824,0.026936054229736328
7825,0.07263988256454468
7826,0.038790930062532425
7827,0.07426882535219193
7828,0.06761643290519714
7829,0.034149251878261566
7830,0.08209969848394394
7831,0.09180372208356857
7832,0.09880417585372925
7833,0.026578625664114952
7834,0.05739303305745125
7835,0.029760008677840233
7836,0.020274894312024117
7837,0.09375753253698349
7838,0.05551927536725998
7839,0.10637898743152618
7840,0.04179101437330246
7841,0.053333282470703125
7842,0.050006620585918427
7843,0.051704391837120056
7844,0.039980143308639526
7845,0.050117127597332
7846,0.023142244666814804
7847,0.04573945328593254
7848,0.016685795038938522
7849,0.032300204038619995
7850,0.05898584425449371
7851,0.03288242220878601
7852,0.09055238962173462
7853,0.04296775534749031
7854,0.023788589984178543
7855,0.07104722410440445
7856,0.040965184569358826
7857,0.0230376236140728
7858,0.023277776315808296
7859,0.082172691822052
7860,0.0283373910933733
7861,0.03385729342699051
7862,0.049980536103248596
7863,0.0337057039141655
7864,0.10983273386955261
7865,0.05251796543598175
7866,0.022356506437063217
7867,0.04343117028474808
7868,0.02280869521200657
7869,0.032052792608737946
7870,0.047053590416908264
7871,0.03749961405992508
7872,0.056443046778440475
7873,0.08486229181289673
7874,0.019026407971978188
7875,0.05037205293774605
7876,0.03844413906335831
7877,0.027454514056444168
7878,0.027818642556667328
7879,0.049392685294151306
7880,0.044486820697784424
7881,0.07387260347604752
7882,0.08068493008613586
7883,0.021353643387556076
7884,0.051857929676771164
7885,0.03577161580324173
7886,0.04735666513442993
7887,0.04131731018424034
7888,0.0202499832957983
7889,0.08560692518949509
7890,0.03756494075059891
7891,0.06694278866052628
7892,0.04138381406664848
7893,0.05285024642944336
7894,0.03969421610236168
7895,0.02179592475295067
7896,0.03051157295703888
7897,0.10593397915363312
7898,0.045648813247680664
7899,0.023862605914473534
7900,0.032812412828207016
7901,0.03809169679880142
7902,0.05814436078071594
7903,0.06703922897577286
7904,0.07743890583515167
7905,0.02624683640897274
7906,0.022466009482741356
7907,0.04296846315264702
7908,0.014048993587493896
7909,0.028079906478524208
7910,0.02554076351225376
7911,0.05911988765001297
7912,0.06315653026103973
7913,0.02508201077580452
7914,0.06187944859266281
7915,0.0338197723031044
7916,0.058000676333904266
7917,0.058268554508686066
7918,0.048481136560440063
7919,0.06546112149953842
7920,0.04802143573760986
7921,0.07808420062065125
7922,0.07035677134990692
7923,0.04448390379548073
7924,0.022724945098161697
7925,0.035897232592105865
7926,0.04332578182220459
7927,0.035120539367198944
7928,0.06886346638202667
7929,0.027222469449043274
7930,0.09245003014802933
7931,0.09111206233501434
7932,0.035317301750183105
7933,0.07922986894845963
7934,0.10279616713523865
7935,0.06743592768907547
7936,0.03589286655187607
7937,0.04407384619116783
7938,0.037394408136606216
7939,0.05256267637014389
7940,0.13014540076255798
7941,0.026542823761701584
7942,0.05051416531205177
7943,0.08853807300329208
7944,0.04188887029886246
7945,0.020032647997140884
7946,0.08701371401548386
7947,0.050636108964681625
7948,0.05467637628316879
7949,0.09744331240653992
7950,0.024729125201702118
7951,0.0421409048140049
7952,0.05190141499042511
7953,0.040920764207839966
7954,0.016047753393650055
7955,0.06654635071754456
7956,0.08351916074752808
7957,0.02229512296617031
7958,0.04269212484359741
7959,0.1173182800412178
7960,0.0627908706665039
7961,0.07467290759086609
7962,0.046298347413539886
7963,0.03315019607543945
7964,0.034080442041158676
7965,0.031959790736436844
7966,0.029908474534749985
7967,0.02941206470131874
7968,0.027322854846715927
7969,0.056578703224658966
7970,0.07666651159524918
7971,0.054187268018722534
7972,0.0711706206202507
7973,0.04890606179833412
7974,0.025014659389853477
7975,0.0399625226855278
7976,0.06127174198627472
7977,0.0232468843460083
7978,0.07558487355709076
7979,0.03519214689731598
7980,0.030880820006132126
7981,0.03400896489620209
7982,0.03789113461971283
7983,0.041876379400491714
7984,0.02284550666809082
7985,0.035839371383190155
7986,0.11877946555614471
7987,0.05388728156685829
7988,0.033568888902664185
7989,0.029046770185232162
7990,0.021295562386512756
7991,0.016516517847776413
7992,0.05828167498111725
7993,0.0409480556845665
7994,0.07573828101158142
7995,0.02236282452940941
7996,0.04150103032588959
7997,0.046214811503887177
7998,0.04414641857147217
7999,0.029907193034887314
8000,0.05834376811981201
8001,0.056806743144989014
8002,0.029029563069343567
8003,0.05731232836842537
8004,0.02187797613441944
8005,0.019892342388629913
8006,0.05281703174114227
8007,0.06862661987543106
8008,0.04447142034769058
8009,0.13254350423812866
8010,0.05946079269051552
8011,0.026618104428052902
8012,0.031945761293172836
8013,0.052768807858228683
8014,0.029641348868608475
8015,0.022161409258842468
8016,0.03592921793460846
8017,0.08032849431037903
8018,0.05430202558636665
8019,0.031873125582933426
8020,0.06537478417158127
8021,0.032347675412893295
8022,0.044086504727602005
8023,0.06865720450878143
8024,0.05179927870631218
8025,0.0485827662050724
8026,0.03722080960869789
8027,0.21485503017902374
8028,0.0353330597281456
8029,0.1231132373213768
8030,0.016602586954832077
8031,0.04966516047716141
8032,0.03279156610369682
8033,0.02553250640630722
8034,0.12201506644487381
8035,0.024484416469931602
8036,0.023882512003183365
8037,0.04671630635857582
8038,0.05171770974993706
8039,0.04939943924546242
8040,0.05305621400475502
8041,0.0422171875834465
8042,0.09866407513618469
8043,0.043037980794906616
8044,0.07860551029443741
8045,0.06841648370027542
8046,0.03042455203831196
8047,0.05302054435014725
8048,0.08106555789709091
8049,0.15542909502983093
8050,0.13398493826389313
8051,0.059304386377334595
8052,0.05579088628292084
8053,0.026837075129151344
8054,0.03990468010306358
8055,0.03768064081668854
8056,0.03350307047367096
8057,0.037994254380464554
8058,0.059940315783023834
8059,0.03503713011741638
8060,0.0584564246237278
8061,0.039617691189050674
8062,0.03024803102016449
8063,0.053569965064525604
8064,0.053489379584789276
8065,0.04062923416495323
8066,0.07177549600601196
8067,0.030586281791329384
8068,0.04126153886318207
8069,0.03675951808691025
8070,0.03671014681458473
8071,0.03455706313252449
8072,0.05765768140554428
8073,0.05187112092971802
8074,0.08231993019580841
8075,0.031296566128730774
8076,0.021758759394288063
8077,0.02493288181722164
8078,0.034687213599681854
8079,0.030786368995904922
8080,0.04015936329960823
8081,0.024720825254917145
8082,0.06710119545459747
8083,0.05326292663812637
8084,0.04696004465222359
8085,0.07832663506269455
8086,0.02771645411849022
8087,0.055194027721881866
8088,0.054396506398916245
8089,0.08537063747644424
8090,0.05087484419345856
8091,0.019145231693983078
8092,0.03170508146286011
8093,0.025394737720489502
8094,0.03542858362197876
8095,0.057347867637872696
8096,0.09808259457349777
8097,0.10461652278900146
8098,0.045182790607213974
8099,0.029046498239040375
8100,0.15470917522907257
8101,0.09562567621469498
8102,0.07434234023094177
8103,0.02904723584651947
8104,0.05010489746928215
8105,0.031055882573127747
8106,0.020224103704094887
8107,0.06362571567296982
8108,0.021080458536744118
8109,0.04892197251319885
8110,0.02274114266037941
8111,0.015215082094073296
8112,0.06339602172374725
8113,0.02676992304623127
8114,0.03517204150557518
8115,0.02199787087738514
8116,0.021625133231282234
8117,0.016178468242287636
8118,0.02873908542096615
8119,0.04123588651418686
8120,0.032183025032281876
8121,0.05958731472492218
8122,0.024080689996480942
8123,0.03136194497346878
8124,0.04336078464984894
8125,0.04042621701955795
8126,0.11744403094053268
8127,0.034623827785253525
8128,0.021688619628548622
8129,0.037316251546144485
8130,0.04740208387374878
8131,0.04611309990286827
8132,0.03081618621945381
8133,0.10509277135133743
8134,0.05143669620156288
8135,0.055774033069610596
8136,0.046389393508434296
8137,0.06041833013296127
8138,0.05366495996713638
8139,0.04193969815969467
8140,0.045072827488183975
8141,0.04206109791994095
8142,0.051095858216285706
8143,0.04026218503713608
8144,0.10200576484203339
8145,0.033696409314870834
8146,0.04573069140315056
8147,0.03950127214193344
8148,0.03375256806612015
8149,0.04289810732007027
8150,0.10858004540205002
8151,0.047703977674245834
8152,0.034721098840236664
8153,0.12238658964633942
8154,0.08196620643138885
8155,0.03049040213227272
8156,0.04165927693247795
8157,0.09380754828453064
8158,0.09196004271507263
8159,0.030937813222408295
8160,0.02839965559542179
8161,0.02246382087469101
8162,0.07117001712322235
8163,0.045773301273584366
8164,0.033739425241947174
8165,0.022203808650374413
8166,0.030737735331058502
8167,0.04935597628355026
8168,0.05116447061300278
8169,0.03275522589683533
8170,0.01656515710055828
8171,0.10664317011833191
8172,0.03927169740200043
8173,0.08197929710149765
8174,0.01653883047401905
8175,0.041105858981609344
8176,0.03726620227098465
8177,0.029760221019387245
8178,0.022220168262720108
8179,0.02433248981833458
8180,0.0467047356069088
8181,0.03108924999833107
8182,0.13029393553733826
8183,0.07482285052537918
8184,0.07312873750925064
8185,0.09481558948755264
8186,0.03227557986974716
8187,0.06981655210256577
8188,0.03869146108627319
8189,0.05330357700586319
8190,0.03474259376525879
8191,0.024497056379914284
8192,0.0934513509273529
8193,0.0432455874979496
8194,0.10167472809553146
8195,0.024298982694745064
8196,0.0919044092297554
8197,0.07230886071920395
8198,0.021649615839123726
8199,0.04601869359612465
8200,0.043454013764858246
8201,0.03509651869535446
8202,0.04739144444465637
8203,0.055243343114852905
8204,0.06062886863946915
8205,0.037500619888305664
8206,0.04222194850444794
8207,0.05778897553682327
8208,0.0267550740391016
8209,0.04130646586418152
8210,0.10071240365505219
8211,0.03126591444015503
8212,0.04732421040534973
8213,0.038295019418001175
8214,0.05673934891819954
8215,0.014549005776643753
8216,0.027454596012830734
8217,0.039072319865226746
8218,0.07630367577075958
8219,0.035867225378751755
8220,0.023960329592227936
8221,0.023913098499178886
8222,0.028768833726644516
8223,0.03319978713989258
8224,0.019365932792425156
8225,0.07512492686510086
8226,0.08691983669996262
8227,0.04891280457377434
8228,0.027681121602654457
8229,0.06109496206045151
8230,0.07452983409166336
8231,0.03936050459742546
8232,0.05686929449439049
8233,0.056745316833257675
8234,0.07369416207075119
8235,0.025798160582780838
8236,0.032229527831077576
8237,0.05973649024963379
8238,0.025940513238310814
8239,0.04353553056716919
8240,0.05700372904539108
8241,0.03442402184009552
8242,0.06308884173631668
8243,0.0963071808218956
8244,0.026716606691479683
8245,0.06361845880746841
8246,0.17047525942325592
8247,0.06982705742120743
8248,0.047351542860269547
8249,0.09355080872774124
8250,0.03652205318212509
8251,0.13820885121822357
8252,0.05807863175868988
8253,0.034685805439949036
8254,0.035181790590286255
8255,0.02804401144385338
8256,0.046850770711898804
8257,0.1148882582783699
8258,0.022303875535726547
8259,0.06070181354880333
8260,0.05485057830810547
8261,0.06284908205270767
8262,0.056909359991550446
8263,0.030857086181640625
8264,0.024542421102523804
8265,0.10328163206577301
8266,0.029220517724752426
8267,0.0520646758377552
8268,0.030208293348550797
8269,0.08752123266458511
8270,0.04038860276341438
8271,0.031093327328562737
8272,0.033104293048381805
8273,0.050319742411375046
8274,0.01859155483543873
8275,0.05846541002392769
8276,0.024096626788377762
8277,0.058553192764520645
8278,0.027571462094783783
8279,0.04248183220624924
8280,0.03871164470911026
8281,0.03439773619174957
8282,0.04389777034521103
8283,0.027469629421830177
8284,0.03128834068775177
8285,0.0383024662733078
8286,0.11003164947032928
8287,0.02027127891778946
8288,0.05566238611936569
8289,0.01998545229434967
8290,0.060554854571819305
8291,0.043491385877132416
8292,0.017796797677874565
8293,0.05748133361339569
8294,0.0986800491809845
8295,0.026086658239364624
8296,0.02622373215854168
8297,0.02877822332084179
8298,0.02220805175602436
8299,0.06376815587282181
8300,0.050392840057611465
8301,0.040188491344451904
8302,0.0780215710401535
8303,0.021092962473630905
8304,0.01945708878338337
8305,0.0821484923362732
8306,0.03041115403175354
8307,0.05258845537900925
8308,0.02222171053290367
8309,0.025242634117603302
8310,0.06311098486185074
8311,0.020177092403173447
8312,0.03074846789240837
8313,0.03656426817178726
8314,0.0651649609208107
8315,0.03355621546506882
8316,0.06528148800134659
8317,0.02603902295231819
8318,0.039669666439294815
8319,0.08789588510990143
8320,0.05472564697265625
8321,0.03099440038204193
8322,0.035600483417510986
8323,0.050358742475509644
8324,0.0632515624165535
8325,0.07544558495283127
8326,0.030329512432217598
8327,0.01766604743897915
8328,0.046392813324928284
8329,0.02582741528749466
8330,0.057066287845373154
8331,0.02318284660577774
8332,0.025657933205366135
8333,0.02000846341252327
8334,0.04238587245345116
8335,0.059853531420230865
8336,0.04753594100475311
8337,0.038944777101278305
8338,0.0434308722615242
8339,0.016476254910230637
8340,0.05091226473450661
8341,0.05274235084652901
8342,0.023746231570839882
8343,0.044808030128479004
8344,0.029038041830062866
8345,0.06834287941455841
8346,0.07938771694898605
8347,0.04193836450576782
8348,0.02658623829483986
8349,0.051807951182127
8350,0.06419789791107178
8351,0.023658448830246925
8352,0.05552435293793678
8353,0.030876049771904945
8354,0.02898579090833664
8355,0.034781403839588165
8356,0.03252532705664635
8357,0.026982951909303665
8358,0.01810169406235218
8359,0.018156517297029495
8360,0.045748498290777206
8361,0.023634910583496094
8362,0.025819165632128716
8363,0.01682104542851448
8364,0.0288151353597641
8365,0.018845632672309875
8366,0.10871021449565887
8367,0.026510510593652725
8368,0.02625109814107418
8369,0.036652423441410065
8370,0.06627823412418365
8371,0.03765631094574928
8372,0.021573469042778015
8373,0.08378174901008606
8374,0.0802529975771904
8375,0.017397455871105194
8376,0.049188271164894104
8377,0.02173994667828083
8378,0.05261779949069023
8379,0.034802794456481934
8380,0.043013062328100204
8381,0.027736999094486237
8382,0.04888790473341942
8383,0.01811136305332184
8384,0.03980281949043274
8385,0.020893625915050507
8386,0.07756031304597855
8387,0.09383752197027206
8388,0.03763002157211304
8389,0.020910367369651794
8390,0.03517916426062584
8391,0.02983345091342926
8392,0.04069221019744873
8393,0.05570313334465027
8394,0.03564998880028725
8395,0.06798536330461502
8396,0.05318900942802429
8397,0.028267312794923782
8398,0.03529917076230049
8399,0.06010688841342926
8400,0.030341990292072296
8401,0.027856051921844482
8402,0.022631410509347916
8403,0.11567430198192596
8404,0.022413626313209534
8405,0.02324357070028782
8406,0.04604150354862213
8407,0.03890660032629967
8408,0.06319603323936462
8409,0.020967893302440643
8410,0.1467171162366867
8411,0.06830830127000809
8412,0.04973208159208298
8413,0.04697847738862038
8414,0.026542603969573975
8415,0.057811930775642395
8416,0.0973663181066513
8417,0.04040142521262169
8418,0.052002791315317154
8419,0.029799988493323326
8420,0.06695456057786942
8421,0.05927637964487076
8422,0.042191553860902786
8423,0.019417328760027885
8424,0.10965598374605179
8425,0.08670394122600555
8426,0.06890690326690674
8427,0.01797119900584221
8428,0.06063302606344223
8429,0.0887056514620781
8430,0.03065158985555172
8431,0.043995968997478485
8432,0.0976760983467102
8433,0.04447475075721741
8434,0.05673166364431381
8435,0.07219979912042618
8436,0.019041655585169792
8437,0.02489875815808773
8438,0.029569942504167557
8439,0.08493622392416
8440,0.031961485743522644
8441,0.09805796295404434
8442,0.04281841218471527
8443,0.041986528784036636
8444,0.03961189091205597
8445,0.09165418148040771
8446,0.06541396677494049
8447,0.08565313369035721
8448,0.03593701496720314
8449,0.049255065619945526
8450,0.013675739988684654
8451,0.06688044220209122
8452,0.044016651809215546
8453,0.02531616948544979
8454,0.04830987751483917
8455,0.04296913743019104
8456,0.04890003427863121
8457,0.0236120093613863
8458,0.06365896761417389
8459,0.058972254395484924
8460,0.044542714953422546
8461,0.019215431064367294
8462,0.06014232710003853
8463,0.06438141316175461
8464,0.024736613035202026
8465,0.019237056374549866
8466,0.04686962440609932
8467,0.036689888685941696
8468,0.07041847705841064
8469,0.04443718492984772
8470,0.05084007605910301
8471,0.047774408012628555
8472,0.03514137864112854
8473,0.03782002627849579
8474,0.024027952924370766
8475,0.08717672526836395
8476,0.04617927595973015
8477,0.022980429232120514
8478,0.05975325405597687
8479,0.0194304920732975
8480,0.04699639230966568
8481,0.089975506067276
8482,0.03511245548725128
8483,0.03485219553112984
8484,0.05254955217242241
8485,0.05754190683364868
8486,0.046144649386405945
8487,0.06533459573984146
8488,0.07875871658325195
8489,0.02726610377430916
8490,0.03520571440458298
8491,0.03208678960800171
8492,0.029200047254562378
8493,0.05533862113952637
8494,0.04789837449789047
8495,0.09361952543258667
8496,0.03225540369749069
8497,0.04548459127545357
8498,0.05002173036336899
8499,0.053378261625766754
8500,0.030522745102643967
8501,0.025608252733945847
8502,0.038557954132556915
8503,0.05424370616674423
8504,0.054785631597042084
8505,0.0195302851498127
8506,0.02095125988125801
8507,0.04372373968362808
8508,0.040982767939567566
8509,0.05154145509004593
8510,0.06029842793941498
8511,0.017759311944246292
8512,0.0893692597746849
8513,0.05216500535607338
8514,0.060048386454582214
8515,0.07088896632194519
8516,0.03990596905350685
8517,0.03336188197135925
8518,0.035064563155174255
8519,0.04697065055370331
8520,0.0338255800306797
8521,0.11489126086235046
8522,0.055988386273384094
8523,0.07105330377817154
8524,0.015037661418318748
8525,0.03474071994423866
8526,0.050388775765895844
8527,0.04376518726348877
8528,0.044422052800655365
8529,0.05172552913427353
8530,0.049346573650836945
8531,0.05141711235046387
8532,0.03312327340245247
8533,0.02796691097319126
8534,0.018157001584768295
8535,0.03009108640253544
8536,0.05188346281647682
8537,0.10086120665073395
8538,0.04168417677283287
8539,0.044106148183345795
8540,0.03699124604463577
8541,0.021043678745627403
8542,0.025283224880695343
8543,0.05520541965961456
8544,0.04788891598582268
8545,0.026516899466514587
8546,0.01838226057589054
8547,0.021269947290420532
8548,0.02727140486240387
8549,0.03334689885377884
8550,0.032872941344976425
8551,0.056566882878541946
8552,0.03304332494735718
8553,0.10564419627189636
8554,0.021601025015115738
8555,0.15645664930343628
8556,0.05013434588909149
8557,0.13797219097614288
8558,0.021400559693574905
8559,0.04972356557846069
8560,0.031836941838264465
8561,0.04474818333983421
8562,0.04016631841659546
8563,0.03139138221740723
8564,0.043863553553819656
8565,0.10294897109270096
8566,0.06936301290988922
8567,0.044900454580783844
8568,0.05537210404872894
8569,0.07373066991567612
8570,0.10952068120241165
8571,0.027478117495775223
8572,0.03288078308105469
8573,0.08933274447917938
8574,0.02133490890264511
8575,0.04075663164258003
8576,0.025260739028453827
8577,0.043217677623033524
8578,0.13985814154148102
8579,0.05139707773923874
8580,0.020538339391350746
8581,0.017967144027352333
8582,0.08538029342889786
8583,0.058769743889570236
8584,0.033886026591062546
8585,0.02126322314143181
8586,0.028374051675200462
8587,0.014005889184772968
8588,0.03944426402449608
8589,0.07790612429380417
8590,0.025305848568677902
8591,0.039538465440273285
8592,0.03207008168101311
8593,0.04097592458128929
8594,0.10042890906333923
8595,0.017407692968845367
8596,0.04639981687068939
8597,0.018478432670235634
8598,0.06653409451246262
8599,0.02709975279867649
8600,0.025695575401186943
8601,0.030347779393196106
8602,0.03915341943502426
8603,0.05682152137160301
8604,0.02934311516582966
8605,0.027637161314487457
8606,0.04227903485298157
8607,0.030846983194351196
8608,0.04348508641123772
8609,0.030800294131040573
8610,0.02574482187628746
8611,0.03070775605738163
8612,0.05375072732567787
8613,0.01894538849592209
8614,0.022660277783870697
8615,0.01535510178655386
8616,0.06940734386444092
8617,0.01911439374089241
8618,0.047062285244464874
8619,0.02231784537434578
8620,0.03721782937645912
8621,0.019133567810058594
8622,0.06471449881792068
8623,0.05105944722890854
8624,0.036475781351327896
8625,0.02633126638829708
8626,0.028803402557969093
8627,0.03221869468688965
8628,0.028046462684869766
8629,0.05760670825839043
8630,0.048946015536785126
8631,0.03464773669838905
8632,0.02680850774049759
8633,0.05136485397815704
8634,0.02429780550301075
8635,0.04887159541249275
8636,0.028633754700422287
8637,0.0457223616540432
8638,0.07235923409461975
8639,0.023988468572497368
8640,0.030426889657974243
8641,0.029444828629493713
8642,0.03138753026723862
8643,0.03832860291004181
8644,0.038211334496736526
8645,0.08582338690757751
8646,0.038101281970739365
8647,0.0230903048068285
8648,0.03504740446805954
8649,0.022321579977869987
8650,0.022350462153553963
8651,0.053241096436977386
8652,0.03422543779015541
8653,0.02472998946905136
8654,0.03742188960313797
8655,0.024340691044926643
8656,0.020421842113137245
8657,0.03694331645965576
8658,0.058902014046907425
8659,0.04983508214354515
8660,0.04393650218844414
8661,0.06157337874174118
8662,0.02708076685667038
8663,0.029608286917209625
8664,0.05227537080645561
8665,0.02134098671376705
8666,0.028462404385209084
8667,0.032357290387153625
8668,0.027244392782449722
8669,0.018921401351690292
8670,0.027581926435232162
8671,0.045311830937862396
8672,0.03132437542080879
8673,0.03918437287211418
8674,0.022476155310869217
8675,0.03295965492725372
8676,0.028437521308660507
8677,0.032078132033348083
8678,0.021313581615686417
8679,0.02803092449903488
8680,0.08897087723016739
8681,0.02178795449435711
8682,0.06149137020111084
8683,0.0485660657286644
8684,0.03133467212319374
8685,0.013555889949202538
8686,0.058267686516046524
8687,0.03021889179944992
8688,0.02888229489326477
8689,0.06732824444770813
8690,0.03550209850072861
8691,0.11338111013174057
8692,0.03673636168241501
8693,0.06011649966239929
8694,0.048580292612314224
8695,0.02755121700465679
8696,0.0184638574719429
8697,0.03431960567831993
8698,0.052402883768081665
8699,0.043206240981817245
8700,0.03913780301809311
8701,0.035458941012620926
8702,0.02700107917189598
8703,0.03713802620768547
8704,0.08340460807085037
8705,0.08349088579416275
8706,0.019883984699845314
8707,0.05237463116645813
8708,0.04176725074648857
8709,0.06685482710599899
8710,0.030415747314691544
8711,0.049013279378414154
8712,0.04632759466767311
8713,0.03212825208902359
8714,0.020398955792188644
8715,0.022724293172359467
8716,0.0191325843334198
8717,0.04474107176065445
8718,0.026020709425210953
8719,0.04855359345674515
8720,0.06946521252393723
8721,0.05669581890106201
8722,0.023374300450086594
8723,0.08107759803533554
8724,0.08566035330295563
8725,0.01856614649295807
8726,0.02594192884862423
8727,0.07895644754171371
8728,0.043308109045028687
8729,0.09007343649864197
8730,0.04307148605585098
8731,0.05034519359469414
8732,0.03261329233646393
8733,0.02447509765625
8734,0.04438813403248787
8735,0.04435800760984421
8736,0.029164155945181847
8737,0.03279804438352585
8738,0.08394820243120193
8739,0.029245778918266296
8740,0.041675254702568054
8741,0.02549470029771328
8742,0.05829400196671486
8743,0.055079951882362366
8744,0.026801422238349915
8745,0.02862277626991272
8746,0.045005545020103455
8747,0.030155383050441742
8748,0.02009289525449276
8749,0.019886530935764313
8750,0.09119608998298645
8751,0.020329507067799568
8752,0.03649286553263664
8753,0.03325757384300232
8754,0.06901321560144424
8755,0.0431436263024807
8756,0.030109941959381104
8757,0.03740258514881134
8758,0.048703599721193314
8759,0.11971595883369446
8760,0.05684330686926842
8761,0.08674031496047974
8762,0.042936161160469055
8763,0.028125952929258347
8764,0.02601887285709381
8765,0.12680941820144653
8766,0.02569669671356678
8767,0.03961633890867233
8768,0.01992957852780819
8769,0.034680116921663284
8770,0.030316509306430817
8771,0.1136791855096817
8772,0.028829501941800117
8773,0.08113601803779602
8774,0.044205568730831146
8775,0.02690937928855419
8776,0.08940983563661575
8777,0.017184382304549217
8778,0.0842195376753807
8779,0.07449648529291153
8780,0.021013321354985237
8781,0.01919112540781498
8782,0.018453698605298996
8783,0.012514255940914154
8784,0.020160667598247528
8785,0.0490185022354126
8786,0.019582830369472504
8787,0.059938784688711166
8788,0.03287948668003082
8789,0.025798531249165535
8790,0.034718990325927734
8791,0.051980409771203995
8792,0.03027062676846981
8793,0.053934112191200256
8794,0.02543337270617485
8795,0.03970187157392502
8796,0.025543948635458946
8797,0.02882891520857811
8798,0.021784698590636253
8799,0.05523572489619255
8800,0.10813222825527191
8801,0.031142130494117737
8802,0.04973077028989792
8803,0.09821755439043045
8804,0.05605617165565491
8805,0.060053929686546326
8806,0.05940625071525574
8807,0.023416217416524887
8808,0.03730664402246475
8809,0.07205361127853394
8810,0.04149866849184036
8811,0.03623092919588089
8812,0.10271348059177399
8813,0.07569115608930588
8814,0.030571719631552696
8815,0.02214900217950344
8816,0.04436077922582626
8817,0.07095760107040405
8818,0.03751525655388832
8819,0.016169773414731026
8820,0.021356260403990746
8821,0.03578764945268631
8822,0.1088540107011795
8823,0.023973822593688965
8824,0.03655422478914261
8825,0.03828553855419159
8826,0.07163598388433456
8827,0.05661293864250183
8828,0.058891572058200836
8829,0.06465575098991394
8830,0.06244901567697525
8831,0.032022349536418915
8832,0.03219892829656601
8833,0.05634094402194023
8834,0.08032539486885071
8835,0.10289271920919418
8836,0.14104561507701874
8837,0.07792115211486816
8838,0.07319091260433197
8839,0.1844993382692337
8840,0.03158976510167122
8841,0.13170717656612396
8842,0.055658839643001556
8843,0.040180981159210205
8844,0.062301769852638245
8845,0.07793563604354858
8846,0.03438633680343628
8847,0.021696342155337334
8848,0.050259336829185486
8849,0.04795445501804352
8850,0.03632323816418648
8851,0.034524280577898026
8852,0.037155427038669586
8853,0.11335168778896332
8854,0.03738672658801079
8855,0.09066972881555557
8856,0.0330146849155426
8857,0.08578453958034515
8858,0.050865426659584045
8859,0.04087447002530098
8860,0.03250487148761749
8861,0.1174001544713974
8862,0.0767631083726883
8863,0.034829121083021164
8864,0.0372854545712471
8865,0.026104636490345
8866,0.02372046560049057
8867,0.02580045349895954
8868,0.13536985218524933
8869,0.021678313612937927
8870,0.04280615597963333
8871,0.016585370525717735
8872,0.03559910133481026
8873,0.044787339866161346
8874,0.06548462808132172
8875,0.019270941615104675
8876,0.05965937674045563
8877,0.02530386671423912
8878,0.048551544547080994
8879,0.04834357276558876
8880,0.08112641423940659
8881,0.019696176052093506
8882,0.03883691132068634
8883,0.01643320545554161
8884,0.035685863345861435
8885,0.09283660352230072
8886,0.09501250088214874
8887,0.042354632169008255
8888,0.0205402672290802
8889,0.02954534813761711
8890,0.031085852533578873
8891,0.038562506437301636
8892,0.04938599839806557
8893,0.030401362106204033
8894,0.03835931047797203
8895,0.06564094126224518
8896,0.048937730491161346
8897,0.057941172271966934
8898,0.07731106132268906
8899,0.09191665798425674
8900,0.03338851034641266
8901,0.036036837846040726
8902,0.049741677939891815
8903,0.1111946776509285
8904,0.02563747763633728
8905,0.057903680950403214
8906,0.10890118777751923
8907,0.052834831178188324
8908,0.0389365628361702
8909,0.05208563059568405
8910,0.02217676490545273
8911,0.0314042866230011
8912,0.025016186758875847
8913,0.01598990336060524
8914,0.012867026031017303
8915,0.029958831146359444
8916,0.0827353224158287
8917,0.0265654306858778
8918,0.02383175492286682
8919,0.038022927939891815
8920,0.09246067702770233
8921,0.02374788001179695
8922,0.024910174310207367
8923,0.04175087809562683
8924,0.045423999428749084
8925,0.02463514730334282
8926,0.10164579749107361
8927,0.03785426914691925
8928,0.03026135265827179
8929,0.053500767797231674
8930,0.03759073466062546
8931,0.04522193968296051
8932,0.06165729835629463
8933,0.024659426882863045
8934,0.02348696067929268
8935,0.01766873337328434
8936,0.03251385688781738
8937,0.023314666002988815
8938,0.04498850926756859
8939,0.10084201395511627
8940,0.02468782477080822
8941,0.09467318654060364
8942,0.07172974199056625
8943,0.06146244704723358
8944,0.03481713682413101
8945,0.04633702337741852
8946,0.10764511674642563
8947,0.019402887672185898
8948,0.10393239557743073
8949,0.03126074746251106
8950,0.04220331832766533
8951,0.016988588497042656
8952,0.09371215105056763
8953,0.023781895637512207
8954,0.09498100727796555
8955,0.13144445419311523
8956,0.07193821668624878
8957,0.033317964524030685
8958,0.044641830027103424
8959,0.09203356504440308
8960,0.04931468144059181
8961,0.048743605613708496
8962,0.04724390432238579
8963,0.05386113002896309
8964,0.11354464292526245
8965,0.032876886427402496
8966,0.06140995770692825
8967,0.02337382733821869
8968,0.02604413963854313
8969,0.08578165620565414
8970,0.1118047684431076
8971,0.054126787930727005
8972,0.03247964754700661
8973,0.11048553884029388
8974,0.030421994626522064
8975,0.03628014028072357
8976,0.033827729523181915
8977,0.05346240848302841
8978,0.048362523317337036
8979,0.033065419644117355
8980,0.024046052247285843
8981,0.06640296429395676
8982,0.10972946882247925
8983,0.041329722851514816
8984,0.04250819608569145
8985,0.049136243760585785
8986,0.08032898604869843
8987,0.10177353769540787
8988,0.042221345007419586
8989,0.0664413645863533
8990,0.02750764787197113
8991,0.07890478521585464
8992,0.08116913586854935
8993,0.04913873225450516
8994,0.02890336699783802
8995,0.027787163853645325
8996,0.04248054698109627
8997,0.032979559153318405
8998,0.04241938143968582
8999,0.025305915623903275
9000,0.02638188563287258
9001,0.024137837812304497
9002,0.07391083240509033
9003,0.051936645060777664
9004,0.029557794332504272
9005,0.040235280990600586
9006,0.08691925555467606
9007,0.043948695063591
9008,0.04375608265399933
9009,0.12086638808250427
9010,0.01970740035176277
9011,0.04572393000125885
9012,0.045863620936870575
9013,0.028961172327399254
9014,0.028171207755804062
9015,0.021828604862093925
9016,0.02265891060233116
9017,0.04957663267850876
9018,0.02703190967440605
9019,0.09493052214384079
9020,0.027773480862379074
9021,0.042701441794633865
9022,0.060119640082120895
9023,0.028462208807468414
9024,0.08320728689432144
9025,0.025877557694911957
9026,0.07959868758916855
9027,0.030222967267036438
9028,0.031956013292074203
9029,0.07036969065666199
9030,0.0397396944463253
9031,0.023866496980190277
9032,0.025342537090182304
9033,0.04246985912322998
9034,0.0248030386865139
9035,0.07585759460926056
9036,0.10344348847866058
9037,0.01620561257004738
9038,0.03678373992443085
9039,0.03442847728729248
9040,0.037555500864982605
9041,0.03096497617661953
9042,0.04329251870512962
9043,0.04503320902585983
9044,0.03119322843849659
9045,0.02878517657518387
9046,0.02183280885219574
9047,0.048422567546367645
9048,0.04263691604137421
9049,0.040737878531217575
9050,0.07122951000928879
9051,0.035630568861961365
9052,0.04118185117840767
9053,0.0286421999335289
9054,0.026109185069799423
9055,0.02205534465610981
9056,0.04194388538599014
9057,0.070876844227314
9058,0.015209497883915901
9059,0.027460338547825813
9060,0.05785498023033142
9061,0.044418998062610626
9062,0.042823225259780884
9063,0.03445049375295639
9064,0.07378071546554565
9065,0.06469976156949997
9066,0.06643836200237274
9067,0.044332634657621384
9068,0.09712664037942886
9069,0.030916564166545868
9070,0.0515042319893837
9071,0.0217206422239542
9072,0.07677819579839706
9073,0.03963952884078026
9074,0.020782211795449257
9075,0.026815522462129593
9076,0.03566516190767288
9077,0.059266358613967896
9078,0.06098492443561554
9079,0.029039768502116203
9080,0.06914635747671127
9081,0.03827124834060669
9082,0.025410478934645653
9083,0.03894147276878357
9084,0.058225445449352264
9085,0.05504683405160904
9086,0.021959727630019188
9087,0.06995608657598495
9088,0.0359952375292778
9089,0.035971593111753464
9090,0.06551855802536011
9091,0.02201470173895359
9092,0.05521244928240776
9093,0.11196580529212952
9094,0.11662215739488602
9095,0.038847409188747406
9096,0.0586245022714138
9097,0.07253588736057281
9098,0.02283971756696701
9099,0.023930851370096207
9100,0.028325580060482025
9101,0.0969298928976059
9102,0.02449401654303074
9103,0.026877092197537422
9104,0.04085131734609604
9105,0.028347037732601166
9106,0.07065258175134659
9107,0.0423261895775795
9108,0.024858184158802032
9109,0.03322306275367737
9110,0.024744458496570587
9111,0.028433484956622124
9112,0.019082706421613693
9113,0.08609235286712646
9114,0.045744266360998154
9115,0.07944416999816895
9116,0.15835148096084595
9117,0.08349142223596573
9118,0.07260938733816147
9119,0.027105024084448814
9120,0.040830131620168686
9121,0.08900699019432068
9122,0.05984640121459961
9123,0.08795782923698425
9124,0.051263533532619476
9125,0.02936093509197235
9126,0.03701815754175186
9127,0.015050400048494339
9128,0.02105058543384075
9129,0.024473588913679123
9130,0.020407535135746002
9131,0.06344300508499146
9132,0.05385272949934006
9133,0.03327472507953644
9134,0.08548319339752197
9135,0.08671463280916214
9136,0.03959282487630844
9137,0.04444616287946701
9138,0.044524434953927994
9139,0.028277819976210594
9140,0.02997109293937683
9141,0.06680433452129364
9142,0.022646570578217506
9143,0.03425147011876106
9144,0.11838605254888535
9145,0.046586744487285614
9146,0.071048803627491
9147,0.053878046572208405
9148,0.026740463450551033
9149,0.021686600521206856
9150,0.04313516616821289
9151,0.08455142378807068
9152,0.046734198927879333
9153,0.0329660139977932
9154,0.026003815233707428
9155,0.029957259073853493
9156,0.033183157444000244
9157,0.03373769298195839
9158,0.014386354014277458
9159,0.02704446204006672
9160,0.10904201865196228
9161,0.024714216589927673
9162,0.04203963279724121
9163,0.042971350252628326
9164,0.08908524364233017
9165,0.1897406429052353
9166,0.01958427205681801
9167,0.02200476825237274
9168,0.027926191687583923
9169,0.050227563828229904
9170,0.02903113141655922
9171,0.015552143566310406
9172,0.06326581537723541
9173,0.08371810615062714
9174,0.048179227858781815
9175,0.08887244015932083
9176,0.03559112548828125
9177,0.03061399981379509
9178,0.05625250190496445
9179,0.050817593932151794
9180,0.0270563755184412
9181,0.07344992458820343
9182,0.07502371072769165
9183,0.02902991697192192
9184,0.0351811945438385
9185,0.06080235540866852
9186,0.05093162879347801
9187,0.054457686841487885
9188,0.07365207374095917
9189,0.040912214666604996
9190,0.03281083703041077
9191,0.04818287864327431
9192,0.034929461777210236
9193,0.04466783627867699
9194,0.034467682242393494
9195,0.1030147522687912
9196,0.11460511386394501
9197,0.0749012902379036
9198,0.05443907529115677
9199,0.04232034459710121
9200,0.0482637956738472
9201,0.05549205467104912
9202,0.18873928487300873
9203,0.1133635863661766
9204,0.0420670211315155
9205,0.03653790056705475
9206,0.03485579788684845
9207,0.07390381395816803
9208,0.06406837701797485
9209,0.031061356887221336
9210,0.03123215213418007
9211,0.03314460068941116
9212,0.052682287991046906
9213,0.043114401400089264
9214,0.05605752021074295
9215,0.024831879884004593
9216,0.026015380397439003
9217,0.10336581617593765
9218,0.07636162638664246
9219,0.03428274765610695
9220,0.020623529329895973
9221,0.01987363211810589
9222,0.02343945950269699
9223,0.02826855331659317
9224,0.10572797805070877
9225,0.09877710044384003
9226,0.060698702931404114
9227,0.026935860514640808
9228,0.04764380306005478
9229,0.020438797771930695
9230,0.033973462879657745
9231,0.04858199134469032
9232,0.022171195596456528
9233,0.04081950709223747
9234,0.06225968897342682
9235,0.054407570511102676
9236,0.03460095822811127
9237,0.03881312906742096
9238,0.03622196242213249
9239,0.048639047890901566
9240,0.04346875846385956
9241,0.02368025667965412
9242,0.024133330211043358
9243,0.04971759021282196
9244,0.03510436788201332
9245,0.032736435532569885
9246,0.03701120615005493
9247,0.05140039324760437
9248,0.07886502146720886
9249,0.0795549601316452
9250,0.04865933582186699
9251,0.02643752098083496
9252,0.040142972022295
9253,0.06328961253166199
9254,0.03182562068104744
9255,0.03632882609963417
9256,0.03161707893013954
9257,0.04549442604184151
9258,0.023100441321730614
9259,0.058983951807022095
9260,0.030916396528482437
9261,0.02941352315247059
9262,0.025523727759718895
9263,0.047247111797332764
9264,0.035942040383815765
9265,0.03179864212870598
9266,0.01995227485895157
9267,0.036336541175842285
9268,0.0897727981209755
9269,0.15114714205265045
9270,0.025832757353782654
9271,0.09677537530660629
9272,0.04655708000063896
9273,0.060696814209222794
9274,0.04351338744163513
9275,0.023625418543815613
9276,0.03233063220977783
9277,0.03637989982962608
9278,0.03559156879782677
9279,0.0508604496717453
9280,0.045978449285030365
9281,0.03907926380634308
9282,0.06235703080892563
9283,0.04652639850974083
9284,0.018649499863386154
9285,0.03634569048881531
9286,0.022627677768468857
9287,0.0205434188246727
9288,0.04609860107302666
9289,0.039665937423706055
9290,0.02830122783780098
9291,0.028095796704292297
9292,0.031834039837121964
9293,0.05108175426721573
9294,0.10281208157539368
9295,0.024560244753956795
9296,0.03266943246126175
9297,0.026654457673430443
9298,0.12399692088365555
9299,0.10188037157058716
9300,0.07599818706512451
9301,0.09323085844516754
9302,0.0718727856874466
9303,0.020783931016921997
9304,0.06079007312655449
9305,0.0482584573328495
9306,0.0681779757142067
9307,0.04231550544500351
9308,0.07732726633548737
9309,0.02946787327528
9310,0.036475710570812225
9311,0.10433659702539444
9312,0.04345942661166191
9313,0.02069227211177349
9314,0.021270636469125748
9315,0.05825485661625862
9316,0.029167573899030685
9317,0.06376246362924576
9318,0.02650752291083336
9319,0.03491928428411484
9320,0.07172062247991562
9321,0.023090282455086708
9322,0.12231709808111191
9323,0.0320177897810936
9324,0.06572973728179932
9325,0.03942422568798065
9326,0.038149651139974594
9327,0.04014221578836441
9328,0.03633086383342743
9329,0.042709968984127045
9330,0.05795620381832123
9331,0.027072064578533173
9332,0.03127538785338402
9333,0.022272281348705292
9334,0.04150286689400673
9335,0.01820630021393299
9336,0.05536584183573723
9337,0.03644111007452011
9338,0.024661220610141754
9339,0.03290802240371704
9340,0.040424857288599014
9341,0.02774960547685623
9342,0.05083410441875458
9343,0.053706422448158264
9344,0.058369871228933334
9345,0.026509158313274384
9346,0.1132129356265068
9347,0.022171668708324432
9348,0.029982395470142365
9349,0.03430681675672531
9350,0.0391334593296051
9351,0.043458305299282074
9352,0.032189611345529556
9353,0.04917500540614128
9354,0.019606703892350197
9355,0.05788102373480797
9356,0.03049265407025814
9357,0.04941389709711075
9358,0.08041456341743469
9359,0.03349098190665245
9360,0.029816269874572754
9361,0.040901198983192444
9362,0.024712122976779938
9363,0.01717473194003105
9364,0.04583084210753441
9365,0.021660853177309036
9366,0.12904703617095947
9367,0.03414909541606903
9368,0.05831073224544525
9369,0.029398871585726738
9370,0.02121005393564701
9371,0.0946594774723053
9372,0.02209729142487049
9373,0.010490616783499718
9374,0.024229111149907112
9375,0.07186082005500793
9376,0.01913576014339924
9377,0.03483341634273529
9378,0.04801345616579056
9379,0.05186377838253975
9380,0.04037460312247276
9381,0.016137396916747093
9382,0.0319361537694931
9383,0.045083433389663696
9384,0.026855487376451492
9385,0.09012120217084885
9386,0.0333595909178257
9387,0.04825194552540779
9388,0.04899036884307861
9389,0.04897690564393997
9390,0.09412670135498047
9391,0.032184943556785583
9392,0.019256331026554108
9393,0.12599855661392212
9394,0.03095480054616928
9395,0.10090150684118271
9396,0.052706994116306305
9397,0.05701334401965141
9398,0.046290330588817596
9399,0.04178333282470703
9400,0.027259035035967827
9401,0.06019950285553932
9402,0.01725984923541546
9403,0.06800680607557297
9404,0.049084171652793884
9405,0.09019171446561813
9406,0.047807127237319946
9407,0.07580868899822235
9408,0.06931421160697937
9409,0.03550584986805916
9410,0.030848802998661995
9411,0.036309659481048584
9412,0.10062430053949356
9413,0.03362792730331421
9414,0.10178127884864807
9415,0.04060189425945282
9416,0.04561322182416916
9417,0.050125520676374435
9418,0.036771465092897415
9419,0.024258814752101898
9420,0.043998509645462036
9421,0.03191022202372551
9422,0.05055105686187744
9423,0.06207878887653351
9424,0.0334814116358757
9425,0.09105230122804642
9426,0.07168905436992645
9427,0.046821147203445435
9428,0.0278476495295763
9429,0.0811232328414917
9430,0.042612724006175995
9431,0.035347916185855865
9432,0.026012809947133064
9433,0.029493683949112892
9434,0.02333424799144268
9435,0.06753980368375778
9436,0.027620509266853333
9437,0.039194121956825256
9438,0.04528481513261795
9439,0.13427549600601196
9440,0.02675267867743969
9441,0.032941047102212906
9442,0.018848899751901627
9443,0.062041252851486206
9444,0.037995778024196625
9445,0.023519499227404594
9446,0.028769657015800476
9447,0.05468042939901352
9448,0.053440168499946594
9449,0.022766880691051483
9450,0.037037234753370285
9451,0.11890029907226562
9452,0.03220779076218605
9453,0.03098147176206112
9454,0.03774743527173996
9455,0.02606845647096634
9456,0.027784965932369232
9457,0.06028546765446663
9458,0.02595035545527935
9459,0.02831222116947174
9460,0.12127573788166046
9461,0.041325729340314865
9462,0.04215824604034424
9463,0.025847285985946655
9464,0.03193609043955803
9465,0.020134110003709793
9466,0.025986799970269203
9467,0.028507856652140617
9468,0.04383782669901848
9469,0.06507939100265503
9470,0.048751670867204666
9471,0.03010885789990425
9472,0.046466317027807236
9473,0.1323728859424591
9474,0.02298491820693016
9475,0.06453922390937805
9476,0.017337746918201447
9477,0.03085164725780487
9478,0.024792611598968506
9479,0.03544415906071663
9480,0.061483047902584076
9481,0.05959033966064453
9482,0.07868217676877975
9483,0.030419183894991875
9484,0.0233265683054924
9485,0.13037452101707458
9486,0.036097824573516846
9487,0.03316490352153778
9488,0.04011049494147301
9489,0.03589918836951256
9490,0.11489804089069366
9491,0.08242727816104889
9492,0.022965095937252045
9493,0.040234096348285675
9494,0.07191836088895798
9495,0.0706837922334671
9496,0.02885647863149643
9497,0.05198241025209427
9498,0.032533761113882065
9499,0.030773967504501343
9500,0.06699850410223007
9501,0.03693792596459389
9502,0.02541416510939598
9503,0.015917617827653885
9504,0.05365024507045746
9505,0.104859858751297
9506,0.03091665543615818
9507,0.053738005459308624
9508,0.03353192284703255
9509,0.03212037682533264
9510,0.028859158977866173
9511,0.02957318350672722
9512,0.09776464104652405
9513,0.07135850191116333
9514,0.026207515969872475
9515,0.03997327387332916
9516,0.03666176274418831
9517,0.03772291541099548
9518,0.053687673062086105
9519,0.06147342175245285
9520,0.05233263969421387
9521,0.1361222267150879
9522,0.034803926944732666
9523,0.050459831953048706
9524,0.05362013354897499
9525,0.03073214367032051
9526,0.039881154894828796
9527,0.05328962951898575
9528,0.03407127410173416
9529,0.03054152801632881
9530,0.047791559249162674
9531,0.09388101100921631
9532,0.038887545466423035
9533,0.035952240228652954
9534,0.06681616604328156
9535,0.02753676101565361
9536,0.11052179336547852
9537,0.10233358293771744
9538,0.01292627863585949
9539,0.034043218940496445
9540,0.02335941791534424
9541,0.07917220145463943
9542,0.11705812811851501
9543,0.09555914998054504
9544,0.05951754376292229
9545,0.044968485832214355
9546,0.03235965967178345
9547,0.09857186675071716
9548,0.03258736804127693
9549,0.03748326003551483
9550,0.02090512402355671
9551,0.06656694412231445
9552,0.039301104843616486
9553,0.025061186403036118
9554,0.04553321748971939
9555,0.025385480374097824
9556,0.0330522283911705
9557,0.013420873321592808
9558,0.026956668123602867
9559,0.02905408665537834
9560,0.056411392986774445
9561,0.06974275410175323
9562,0.031253375113010406
9563,0.08033169060945511
9564,0.018607743084430695
9565,0.0641108825802803
9566,0.02432507462799549
9567,0.075754314661026
9568,0.029295623302459717
9569,0.06268081068992615
9570,0.0265575610101223
9571,0.03084641508758068
9572,0.03025156818330288
9573,0.05019546300172806
9574,0.037500329315662384
9575,0.02022552490234375
9576,0.13186928629875183
9577,0.02034599706530571
9578,0.023650698363780975
9579,0.03879589959979057
9580,0.044486578553915024
9581,0.06559135764837265
9582,0.04467073082923889
9583,0.04823983460664749
9584,0.031969524919986725
9585,0.05443844571709633
9586,0.06871751695871353
9587,0.03162028640508652
9588,0.019446689635515213
9589,0.030314845964312553
9590,0.1370241492986679
9591,0.05098892003297806
9592,0.03524210676550865
9593,0.023975688964128494
9594,0.024607239291071892
9595,0.050906840711832047
9596,0.060899768024683
9597,0.03791889175772667
9598,0.07762165367603302
9599,0.04618851840496063
9600,0.02375403419137001
9601,0.06301812827587128
9602,0.07930151373147964
9603,0.03670639544725418
9604,0.054380521178245544
9605,0.030413631349802017
9606,0.02101827785372734
9607,0.09176862239837646
9608,0.024009786546230316
9609,0.03743880242109299
9610,0.11824093014001846
9611,0.02913857437670231
9612,0.061281703412532806
9613,0.024877874180674553
9614,0.03477289155125618
9615,0.036532096564769745
9616,0.03652365133166313
9617,0.019110308960080147
9618,0.0857519879937172
9619,0.03480488061904907
9620,0.03222620487213135
9621,0.0998934954404831
9622,0.040274638682603836
9623,0.06350912898778915
9624,0.05718844756484032
9625,0.03469054028391838
9626,0.06422733515501022
9627,0.09648960828781128
9628,0.03986721113324165
9629,0.030970033258199692
9630,0.04146474972367287
9631,0.027095109224319458
9632,0.048387352377176285
9633,0.03632776439189911
9634,0.04661364108324051
9635,0.03860517218708992
9636,0.031461212784051895
9637,0.039885882288217545
9638,0.06649988889694214
9639,0.04717249795794487
9640,0.03261292353272438
9641,0.029080064967274666
9642,0.059528905898332596
9643,0.01968308910727501
9644,0.036540836095809937
9645,0.05023381486535072
9646,0.10537350177764893
9647,0.029617726802825928
9648,0.07014728337526321
9649,0.03217990696430206
9650,0.04884476214647293
9651,0.049359146505594254
9652,0.02211211994290352
9653,0.06131661683320999
9654,0.02031511440873146
9655,0.031293049454689026
9656,0.05113639682531357
9657,0.03790897876024246
9658,0.014556664042174816
9659,0.020456872880458832
9660,0.02355864644050598
9661,0.06161712110042572
9662,0.020620744675397873
9663,0.043270405381917953
9664,0.03730008751153946
9665,0.02845972776412964
9666,0.03446420654654503
9667,0.07639741897583008
9668,0.10344448685646057
9669,0.061494674533605576
9670,0.04280407726764679
9671,0.041107017546892166
9672,0.03191693127155304
9673,0.019769184291362762
9674,0.04561779648065567
9675,0.14565245807170868
9676,0.018075980246067047
9677,0.015336167067289352
9678,0.017509786412119865
9679,0.04323539882898331
9680,0.03775778040289879
9681,0.06767139583826065
9682,0.05344807729125023
9683,0.03562253341078758
9684,0.04430309683084488
9685,0.02696717530488968
9686,0.051012180745601654
9687,0.11197222769260406
9688,0.03388921171426773
9689,0.023643234744668007
9690,0.12146039307117462
9691,0.043875694274902344
9692,0.030359916388988495
9693,0.052504345774650574
9694,0.031039148569107056
9695,0.03770541027188301
9696,0.02978287637233734
9697,0.037762656807899475
9698,0.11004123836755753
9699,0.08840581774711609
9700,0.04426517337560654
9701,0.06440470367670059
9702,0.02415209449827671
9703,0.03156721591949463
9704,0.03727308288216591
9705,0.037615180015563965
9706,0.03412222862243652
9707,0.06424803286790848
9708,0.027191150933504105
9709,0.03078734502196312
9710,0.12320314347743988
9711,0.0928671583533287
9712,0.01737912744283676
9713,0.05590871721506119
9714,0.027768060564994812
9715,0.02886315993964672
9716,0.05665003880858421
9717,0.04428405314683914
9718,0.056498002260923386
9719,0.03471720218658447
9720,0.04298514127731323
9721,0.016738004982471466
9722,0.033438585698604584
9723,0.031177202239632607
9724,0.06399299949407578
9725,0.025352247059345245
9726,0.038044556975364685
9727,0.053381484001874924
9728,0.03177566081285477
9729,0.03429781273007393
9730,0.04750344902276993
9731,0.03438233584165573
9732,0.04316536337137222
9733,0.03268956020474434
9734,0.03846956044435501
9735,0.05601091310381889
9736,0.06608239561319351
9737,0.0411057248711586
9738,0.051012806594371796
9739,0.05197323486208916
9740,0.06911436468362808
9741,0.014679420739412308
9742,0.02105027623474598
9743,0.04671456664800644
9744,0.04745299741625786
9745,0.03843570873141289
9746,0.03754018619656563
9747,0.05085267871618271
9748,0.09712915867567062
9749,0.02481594681739807
9750,0.04706663265824318
9751,0.07437098026275635
9752,0.04088000953197479
9753,0.03011488728225231
9754,0.10801894962787628
9755,0.046412449330091476
9756,0.045551203191280365
9757,0.050104014575481415
9758,0.05219024792313576
9759,0.041394539177417755
9760,0.06464608758687973
9761,0.09354782849550247
9762,0.04325716942548752
9763,0.054900333285331726
9764,0.03308846056461334
9765,0.09268054366111755
9766,0.0233893021941185
9767,0.05474713444709778
9768,0.07943359762430191
9769,0.02565648779273033
9770,0.05204937607049942
9771,0.02469264529645443
9772,0.029095632955431938
9773,0.046092353761196136
9774,0.11369304358959198
9775,0.041283849626779556
9776,0.05482696741819382
9777,0.061920903623104095
9778,0.024722157046198845
9779,0.06478140503168106
9780,0.020733261480927467
9781,0.0319284051656723
9782,0.025424135848879814
9783,0.04608326777815819
9784,0.03358684480190277
9785,0.059015847742557526
9786,0.08463569730520248
9787,0.061937130987644196
9788,0.038529880344867706
9789,0.053927186876535416
9790,0.06102415546774864
9791,0.07788288593292236
9792,0.039370518177747726
9793,0.035651322454214096
9794,0.027391798794269562
9795,0.10193915665149689
9796,0.021964510902762413
9797,0.018391290679574013
9798,0.07804875075817108
9799,0.03494316712021828
9800,0.01981542818248272
9801,0.04110315069556236
9802,0.07863402366638184
9803,0.0668753832578659
9804,0.02094540372490883
9805,0.057643115520477295
9806,0.024501506239175797
9807,0.03609101101756096
9808,0.047080911695957184
9809,0.02735709212720394
9810,0.04651442915201187
9811,0.025974180549383163
9812,0.01641095243394375
9813,0.03088046796619892
9814,0.07044615596532822
9815,0.02647669054567814
9816,0.042781829833984375
9817,0.09275798499584198
9818,0.07579503953456879
9819,0.03467704728245735
9820,0.017967022955417633
9821,0.05684775486588478
9822,0.031121959909796715
9823,0.02907775714993477
9824,0.027503788471221924
9825,0.060933273285627365
9826,0.11090106517076492
9827,0.03777005895972252
9828,0.03312860429286957
9829,0.02837703377008438
9830,0.037676796317100525
9831,0.032070137560367584
9832,0.03979693353176117
9833,0.05373605340719223
9834,0.05831305682659149
9835,0.047545187175273895
9836,0.020453060045838356
9837,0.04347873479127884
9838,0.09134667366743088
9839,0.04988551139831543
9840,0.07254214584827423
9841,0.04217591881752014
9842,0.04210374876856804
9843,0.027661597356200218
9844,0.027161110192537308
9845,0.0670289620757103
9846,0.04831933602690697
9847,0.03692414611577988
9848,0.053984202444553375
9849,0.0338623933494091
9850,0.03081657737493515
9851,0.076818086206913
9852,0.027670636773109436
9853,0.0663667768239975
9854,0.034895941615104675
9855,0.020513195544481277
9856,0.04233859106898308
9857,0.03019407019019127
9858,0.033716242760419846
9859,0.030827492475509644
9860,0.03838231787085533
9861,0.05805476754903793
9862,0.05249179154634476
9863,0.049066733568906784
9864,0.025215188041329384
9865,0.021093804389238358
9866,0.02671511098742485
9867,0.04300353303551674
9868,0.018765078857541084
9869,0.02939740940928459
9870,0.09297271817922592
9871,0.020514242351055145
9872,0.061379652470350266
9873,0.039035070687532425
9874,0.10041140764951706
9875,0.04798389971256256
9876,0.02533884532749653
9877,0.05979970842599869
9878,0.03937479853630066
9879,0.051039114594459534
9880,0.059836093336343765
9881,0.06198306381702423
9882,0.048326000571250916
9883,0.06664051115512848
9884,0.111529141664505
9885,0.02844291552901268
9886,0.03005523793399334
9887,0.03996206820011139
9888,0.025878088548779488
9889,0.0325341634452343
9890,0.09911403805017471
9891,0.033743660897016525
9892,0.02724902331829071
9893,0.03536146134138107
9894,0.031596675515174866
9895,0.025534003973007202
9896,0.03255702927708626
9897,0.027181103825569153
9898,0.025950688868761063
9899,0.029078980907797813
9900,0.1251773089170456
9901,0.02815869450569153
9902,0.019009115174412727
9903,0.026388581842184067
9904,0.02876291424036026
9905,0.019471103325486183
9906,0.03619435802102089
9907,0.10846126824617386
9908,0.01856238953769207
9909,0.02092638611793518
9910,0.02863222174346447
9911,0.024099066853523254
9912,0.036552201956510544
9913,0.09399687498807907
9914,0.025922968983650208
9915,0.0345078706741333
9916,0.08261480927467346
9917,0.025822479277849197
9918,0.03291528299450874
9919,0.028792820870876312
9920,0.08920205384492874
9921,0.021890362724661827
9922,0.04589768499135971
9923,0.017867136746644974
9924,0.07439113408327103
9925,0.03988807648420334
9926,0.038473185151815414
9927,0.039770904928445816
9928,0.05752481520175934
9929,0.03153190389275551
9930,0.03285030275583267
9931,0.0352032296359539
9932,0.09034531563520432
9933,0.06908917427062988
9934,0.0375235341489315
9935,0.10185033082962036
9936,0.05335622653365135
9937,0.02251698262989521
9938,0.09672711789608002
9939,0.08851131051778793
9940,0.06892324984073639
9941,0.05528794974088669
9942,0.05077211186289787
9943,0.01771693304181099
9944,0.03063487447798252
9945,0.0241321362555027
9946,0.08183421194553375
9947,0.06271763890981674
9948,0.05959511548280716
9949,0.05821704491972923
9950,0.026766672730445862
9951,0.09991727769374847
9952,0.02468525432050228
9953,0.027072010561823845
9954,0.026058394461870193
9955,0.048586808145046234
9956,0.019712191075086594
9957,0.05151855945587158
9958,0.018677115440368652
9959,0.02492443099617958
9960,0.034880321472883224
9961,0.07087501138448715
9962,0.0941241979598999
9963,0.02090301737189293
9964,0.06264171749353409
9965,0.11365572363138199
9966,0.03902903199195862
9967,0.035297561436891556
9968,0.04332270473241806
9969,0.02938086912035942
9970,0.025389866903424263
9971,0.020563511177897453
9972,0.052596595138311386
9973,0.04170823097229004
9974,0.06878864765167236
9975,0.036060627549886703
9976,0.07801225036382675
9977,0.059781018644571304
9978,0.03233999013900757
9979,0.03462810814380646
9980,0.06982008367776871
9981,0.049709685146808624
9982,0.04193202778697014
9983,0.05039561539888382
9984,0.04336193948984146
9985,0.03193740174174309
9986,0.04276777431368828
9987,0.0495893619954586
9988,0.02251414954662323
9989,0.04355201497673988
9990,0.03415033966302872
9991,0.05240602418780327
9992,0.033929359167814255
9993,0.08413424342870712
9994,0.0465412437915802
9995,0.06987988948822021
9996,0.027278821915388107
9997,0.02959899604320526
9998,0.04568472504615784
9999,0.05228038877248764
10000,0.042995478957891464
